country,device_type,education,membership,gender,is_returning,has_newsletter,age,session_duration,satisfaction_score,pages_visited,cart_items,discount_used,total_spent,purchase_made
UK,Desktop,Bachelor,Silver,F,0,1,33,10.2,3.5,5,4,16.2,5875.9,0
Canada,Mobile,Bachelor,Gold,M,0,0,39,7.0,3.0,8,2,7.9,1566.68,1
Brazil,Tablet,High School,Silver,M,1,1,29,13.1,3.6,8,2,28.3,1141.96,0
France,Desktop,Bachelor,Bronze,F,1,0,41,4.6,2.9,4,0,20.9,1392.4,0
USA,Tablet,Bachelor,Bronze,F,1,0,28,50.7,3.9,8,1,29.3,1301.1,1
USA,Desktop,Master,Bronze,F,0,1,56,17.2,2.7,10,4,24.2,523.34,1
USA,Mobile,High School,Bronze,F,0,1,25,11.4,2.6,9,2,9.4,589.58,0
India,Mobile,Bachelor,Silver,M,0,0,18,28.1,3.6,7,4,22.3,235.63,1
France,Desktop,Master,Silver,F,0,1,22,6.8,4.0,8,2,13.9,816.73,0
Japan,Desktop,Master,Bronze,M,0,0,43,4.8,4.1,4,1,15.4,645.29,0
USA,Desktop,Master,Bronze,M,1,0,37,11.0,4.2,9,3,15.9,354.85,1
Canada,Mobile,Master,Bronze,M,1,1,47,13.5,3.9,8,4,20.5,604.64,1
India,Mobile,PhD,Platinum,M,1,1,44,18.6,3.9,4,4,10.8,496.29,1
USA,Mobile,Bachelor,Silver,M,0,1,30,3.7,3.1,6,1,23.5,494.2,0
USA,Desktop,Bachelor,Gold,M,0,0,32,8.5,4.1,6,3,5.2,1088.96,0
USA,Desktop,High School,Gold,F,1,1,33,1.0,4.3,4,2,10.7,905.44,0
UK,Desktop,High School,Silver,F,1,0,61,4.7,4.0,3,5,20.3,1164.98,1
France,Desktop,High School,Gold,F,1,0,46,21.6,3.4,1,3,25.4,1096.6,1
Germany,Mobile,High School,Bronze,F,1,1,61,26.3,3.0,5,2,25.7,1217.37,1
UK,Tablet,High School,Silver,M,1,0,48,4.9,3.7,4,4,10.1,400.26,0
France,Mobile,High School,Bronze,M,0,1,37,9.4,4.0,4,4,12.6,342.36,1
USA,Desktop,High School,Gold,M,0,0,26,12.4,4.3,6,3,7.9,597.36,0
UK,Tablet,PhD,Bronze,M,1,0,40,28.9,3.6,9,1,18.6,693.32,0
UK,Mobile,High School,Gold,F,1,1,37,41.4,4.4,6,3,11.2,1048.74,1
Germany,Tablet,Master,Bronze,F,0,1,37,13.8,3.3,6,7,27.8,3190.17,0
Brazil,Mobile,High School,Gold,M,1,0,102,9.9,4.7,7,3,10.5,198342.20219583125,0
USA,Desktop,PhD,Bronze,M,1,0,18,3.8,3.6,5,1,20.3,622.18,0
Germany,Desktop,Master,Silver,M,1,1,53,13.3,4.4,4,1,20.0,3105.67,1
France,Mobile,Master,Silver,M,0,0,37,64.1,3.2,12,1,14.8,1619.15,1
USA,Desktop,Master,Bronze,M,0,0,21,34.2,3.8,7,5,0.6,523.5,0
France,Desktop,High School,Silver,F,1,1,44,14.0,4.1,5,6,8.8,7724.85,1
USA,Mobile,PhD,Platinum,M,1,0,28,15.5,4.9,8,2,21.2,1131.54,0
USA,Mobile,Master,Bronze,F,1,1,45,7.0,2.9,4,2,12.3,4317.41,1
Canada,Mobile,Master,Platinum,M,1,1,49,9.2,3.6,6,1,2.1,2352.87,1
Canada,Desktop,Master,Silver,M,1,1,50,13.7,4.1,4,2,26.9,262.58,1
India,Desktop,Bachelor,Gold,F,1,0,36,13.7,3.8,5,4,17.6,100.34,1
UK,Mobile,Master,Bronze,F,0,1,33,27.3,4.4,9,2,2.5,9930.97,0
USA,Tablet,High School,Silver,M,1,0,30,26.3,3.9,4,3,1.4,1570.57,0
Japan,Mobile,Bachelor,Gold,F,1,0,29,18.5,3.6,3,4,2.9,831.11,1
Germany,Tablet,High School,Silver,M,1,0,38,5.5,3.5,6,2,30.0,1299.8,0
USA,Mobile,PhD,Silver,M,1,0,35,5.6,3.7,8,1,8.5,1573.37,1
Germany,Mobile,High School,Bronze,F,1,0,28,6.0,3.3,5,5,21.1,392.18,0
USA,Desktop,High School,Bronze,F,1,0,24,14.7,4.2,5,3,5.0,428.67,0
Australia,Mobile,Bachelor,Silver,M,0,0,37,2.4,4.1,10,0,7.8,1651.24,0
UK,Mobile,Master,Gold,M,0,0,33,12.1,4.6,8,4,0.2,125.64,0
Japan,Mobile,Bachelor,Silver,F,0,1,24,37.6,4.2,3,2,25.7,1920.86,0
UK,Mobile,High School,Bronze,M,0,0,48,20.8,4.3,10,2,29.8,731.01,0
France,Mobile,High School,Silver,M,1,1,59,9.2,4.4,11,4,11.3,1868.28,1
France,Desktop,Master,Bronze,F,0,0,50,7.0,4.8,6,3,6.4,1096.86,1
USA,Mobile,PhD,Silver,F,1,1,29,23.2,4.5,9,3,4.9,576.44,0
Canada,Desktop,Master,Gold,M,1,0,37,15.6,3.1,2,4,7.8,1887.46,0
Brazil,Mobile,Bachelor,Gold,F,1,1,56,10.0,4.2,6,4,11.5,2965.1,1
Australia,Desktop,PhD,Bronze,F,1,0,24,7.6,4.7,8,3,21.7,1093.84,1
Australia,Desktop,Bachelor,Gold,M,0,1,47,13.0,3.8,5,3,21.3,263.77,0
France,Desktop,Bachelor,Silver,F,1,0,21,9.6,3.2,8,3,15.4,603.4,0
Australia,Mobile,Bachelor,Gold,F,0,1,58,22.8,3.1,6,0,11.9,1339.22,1
USA,Desktop,Bachelor,Bronze,M,1,1,33,32.9,3.8,8,1,15.3,1825.01,0
USA,Desktop,Master,Silver,M,0,0,65,4.1,4.3,6,3,16.9,561.31,1
USA,Mobile,Bachelor,Bronze,F,1,0,59,4.6,3.7,5,0,18.4,1678.75,1
UK,Desktop,Bachelor,Silver,F,0,1,37,35.8,4.3,4,2,19.6,5980.88,1
UK,Tablet,High School,Bronze,M,0,0,29,13.9,4.5,5,2,19.4,378.01,0
UK,Tablet,High School,Bronze,F,1,0,40,4.9,2.7,7,3,6.3,2022.34,1
India,Mobile,Bachelor,Bronze,F,1,1,36,26.8,2.7,4,3,14.4,3074.36,1
UK,Desktop,High School,Bronze,F,0,0,33,16.0,2.7,8,1,10.1,1959.99,1
UK,Mobile,High School,Bronze,F,1,1,18,71.0,4.4,6,1,17.9,4147.24,0
France,Desktop,Master,Silver,M,0,0,32,10.1,4.5,4,3,15.0,1321.41,1
USA,Mobile,Master,Bronze,M,1,0,25,29.6,2.9,4,6,6.0,316.92,1
India,Desktop,Master,Silver,F,1,0,45,3.8,2.3,6,3,20.4,829.32,1
USA,Tablet,Bachelor,Bronze,M,1,1,50,37.2,3.8,5,1,0.6,255.24,1
Spain,Desktop,Master,Platinum,F,1,1,47,25.9,2.3,4,2,9.4,1140.51,1
Brazil,Mobile,PhD,Platinum,M,0,0,42,44.0,3.1,5,1,23.5,760.25,0
USA,Mobile,Master,Bronze,M,0,0,28,29.6,3.9,8,1,23.0,3179.44,0
USA,Mobile,Bachelor,Silver,M,1,0,40,11.3,4.3,6,4,28.5,791.9,1
India,Desktop,Bachelor,Bronze,F,0,1,48,4.8,4.0,5,2,17.6,1055.42,1
Japan,Tablet,PhD,Platinum,F,1,0,31,7.5,3.7,9,5,14.4,4059.27,0
Brazil,Mobile,High School,Silver,F,1,0,39,3.0,3.3,15,1,20.0,222.12,0
Brazil,Mobile,High School,Bronze,M,1,0,36,5.8,4.3,3,1,25.3,4870.48,1
USA,Desktop,Bachelor,Bronze,M,1,0,58,17.1,3.2,7,3,18.0,973.33,1
UK,Mobile,High School,Bronze,F,1,0,48,11.7,4.8,5,2,22.3,742.17,1
USA,Desktop,PhD,Bronze,M,1,0,45,10.2,4.0,4,4,9.4,671.37,0
India,Desktop,Bachelor,Silver,F,1,1,18,6.5,4.6,5,2,9.8,674.27,0
Japan,Desktop,Bachelor,Silver,F,1,1,40,3.0,4.4,13,4,2.1,3583.0,1
UK,Mobile,Master,Bronze,M,1,1,36,14.1,3.8,7,0,8.1,877.47,0
USA,Desktop,Bachelor,Bronze,F,1,0,36,16.5,4.5,10,2,14.7,899.68,1
UK,Desktop,High School,Bronze,M,1,0,19,567.5541303307765,4.0,4,2,19.9,598.69,1
UK,Mobile,Bachelor,Bronze,F,1,0,25,8.0,4.3,3,4,16.4,1175.83,0
Brazil,Mobile,Master,Gold,M,1,1,37,41.8,3.7,5,1,21.6,763.46,1
Japan,Desktop,Bachelor,Bronze,M,1,0,51,30.8,0.06515226050228984,3,5,13.6,550.58,1
Australia,Mobile,Master,Silver,F,1,1,31,3.7,4.4,4,4,15.4,1328.76,0
Germany,Desktop,High School,Bronze,F,1,0,33,11.4,3.4,6,7,14.0,1685.34,1
USA,Desktop,High School,Bronze,F,1,1,59,39.0,3.8,8,1,18.0,167.93,0
Japan,Desktop,High School,Silver,F,1,1,34,10.2,3.5,5,3,10.2,1159.44,1
Brazil,Mobile,Bachelor,Silver,F,1,0,36,9.8,2.8,6,1,18.4,855.06,1
France,Desktop,Master,Silver,M,0,1,37,29.2,3.1,1,4,12.2,1278.69,0
Brazil,Desktop,Master,Silver,F,1,1,22,26.8,4.6,4,3,18.0,3030.71,0
Germany,Desktop,Bachelor,Silver,F,0,1,45,25.7,4.1,7,4,10.3,2661.41,1
France,Mobile,Bachelor,Bronze,M,1,1,30,9.9,4.3,9,1,4.9,3594.28,0
Germany,Desktop,Master,Silver,F,1,0,38,20.7,4.0,8,3,5.8,1003.49,1
USA,Desktop,High School,Silver,F,1,1,43,40.3,3.3,4,2,4.3,771.17,1
USA,Desktop,High School,Bronze,M,1,1,61,11.7,4.8,8,2,4.8,1432.76,1
USA,Desktop,PhD,Silver,F,0,0,22,8.8,3.8,7,3,18.6,1829.99,0
Japan,Mobile,Bachelor,Bronze,M,1,0,48,32.6,4.1,5,4,26.4,1293.14,1
UK,Mobile,PhD,Bronze,M,1,0,48,62.6,4.0,2,1,26.5,176.14,1
Germany,Desktop,Bachelor,Silver,M,0,0,30,66.2,4.6,5,2,21.9,631.18,0
Australia,Desktop,Master,Gold,F,1,1,45,9.0,4.8,3,3,16.3,2657.77,0
USA,Desktop,High School,Gold,M,1,0,58,9.8,4.8,7,2,13.9,2757.75,1
Germany,Desktop,High School,Bronze,F,0,0,29,5.3,4.2,9,3,3.8,1386.68,0
Brazil,Desktop,Bachelor,Silver,F,1,0,41,13.4,3.0,7,2,6.0,1176.76,1
USA,Mobile,Bachelor,Silver,F,1,0,43,5.2,4.8,7,7,28.2,516.18,0
USA,Tablet,High School,Bronze,M,0,0,44,8.0,3.2,5,4,9.6,1094.24,1
UK,Tablet,High School,Gold,F,1,0,47,21.3,3.7,10,1,17.7,1898.58,1
USA,Tablet,High School,Gold,F,1,0,40,16.6,4.4,8,9,18.5,4262.62,0
Australia,Mobile,Master,Platinum,F,0,1,44,2.9,3.8,5,1,6.5,478.2,0
India,Mobile,Bachelor,Bronze,F,1,0,27,42.8,4.1,6,3,22.8,2262.91,0
Japan,Desktop,High School,Bronze,F,0,0,40,5.1,4.9,7,6,2.9,3175.57,0
India,Mobile,High School,Gold,F,1,0,32,5.6,2.9,8,0,8.1,629.93,0
India,Mobile,High School,Silver,M,0,0,23,4.5,3.8,2,3,16.7,1436.57,0
USA,Mobile,Bachelor,Gold,M,0,0,32,7.2,4.2,5,0,14.6,191.73,0
Australia,Mobile,High School,Bronze,M,1,0,41,5.9,4.2,4,2,22.0,1379.34,1
France,Desktop,Master,Silver,M,1,0,43,6.1,4.6,7,0,28.8,1619.12,0
India,Desktop,High School,Silver,F,0,0,23,1.7,4.5,7,0,7.4,523.71,1
Australia,Tablet,High School,Bronze,F,1,0,27,13.5,4.5,5,3,1.1,733.56,0
UK,Desktop,Master,Silver,F,1,1,47,14.7,2.8,8,2,9.9,3234.75,1
USA,Mobile,Master,Silver,F,1,0,44,73.4,4.5,11,1,24.7,718.23,1
USA,Tablet,High School,Bronze,F,1,1,49,18.0,4.4,4,4,22.1,1609.32,1
Germany,Mobile,Master,Bronze,M,1,1,54,8.2,-0.6904505725334742,8,3,15.4,119.14,0
India,Mobile,Bachelor,Silver,F,1,1,44,4.7,4.1,7,3,13.5,535.08,0
India,Desktop,Master,Silver,M,1,0,33,11.3,4.8,7,1,11.4,3488.35,0
USA,Desktop,Bachelor,Gold,M,0,1,39,17.4,3.7,7,4,6.4,1665.59,1
Germany,Tablet,Master,Bronze,F,0,0,58,8.1,4.0,7,3,10.2,2721.38,1
Germany,Mobile,PhD,Bronze,M,1,0,71,12.8,4.5,13,3,5.8,993.62,1
USA,Mobile,High School,Platinum,M,1,0,44,55.6,2.8,3,6,2.0,623.81,1
USA,Desktop,Bachelor,Platinum,F,1,1,44,9.0,4.0,3,0,26.6,2800.54,1
UK,Desktop,Bachelor,Bronze,M,1,0,47,2.7,4.5,8,0,7.3,2746.45,1
Canada,Tablet,High School,Gold,M,0,1,38,24.5,4.2,3,5,2.9,1241.87,0
UK,Desktop,High School,Bronze,M,0,0,52,15.7,3.7,5,3,15.0,1749.77,0
Germany,Mobile,High School,Bronze,M,1,1,50,3.1,4.3,6,2,7.5,1568.22,1
Japan,Desktop,Bachelor,Bronze,M,1,1,42,17.2,3.4,5,2,12.1,2061.28,0
UK,Mobile,Bachelor,Bronze,F,1,1,34,5.5,4.5,2,2,28.9,500.71,0
Canada,Tablet,Bachelor,Gold,M,1,0,20,17.3,4.5,6,1,5.6,1798.82,0
Canada,Mobile,High School,Gold,F,0,1,47,56.0,4.2,9,5,9.3,1078.77,1
UK,Desktop,Bachelor,Platinum,M,1,1,41,10.6,3.9,6,5,15.4,2901.35,0
Germany,Mobile,PhD,Gold,F,1,0,29,29.0,3.4,4,6,12.8,1219.48,0
UK,Mobile,Bachelor,Silver,F,1,0,24,4.6,3.9,7,4,3.0,1664.39,1
UK,Desktop,Bachelor,Silver,F,0,1,46,3.6,4.0,7,3,22.3,1188.16,0
USA,Tablet,Master,Platinum,F,0,0,19,61.2,3.8,5,2,14.1,349.06,0
France,Mobile,Master,Gold,F,0,1,42,15.6,4.0,7,2,7.8,1688.24,1
Germany,Tablet,Bachelor,Gold,M,1,0,48,20.3,5.0,5,2,23.1,372.66,1
USA,Mobile,Master,Platinum,F,0,0,45,30.6,4.3,7,4,11.5,2679.07,0
UK,Desktop,Bachelor,Bronze,F,0,0,33,8.0,3.2,8,1,9.5,1802.85,1
Australia,Desktop,Master,Gold,M,1,0,23,23.6,3.6,7,0,22.6,674.73,1
USA,Desktop,High School,Gold,M,1,0,45,20.9,4.3,1,2,3.3,410.88,1
USA,Tablet,High School,Platinum,M,1,1,52,4.3,4.3,5,1,27.3,951.25,1
Germany,Mobile,High School,Bronze,F,1,0,31,40.9,3.2,14,5,1.4,1004.9,1
Spain,Mobile,Master,Silver,M,1,1,44,34.7,3.4,4,5,4.2,1388.58,0
USA,Desktop,Bachelor,Silver,M,1,1,57,4.4,3.4,4,2,7.0,146.94,0
Japan,Desktop,High School,Bronze,M,1,0,42,14.3,4.6,9,2,20.3,725.1,1
Brazil,Mobile,High School,Silver,F,0,0,33,10.1,2.7,5,3,20.6,1641.28,1
USA,Mobile,PhD,Bronze,M,1,0,50,37.9,4.3,6,4,29.9,254.98,1
Brazil,Desktop,Master,Bronze,M,1,0,29,3.9,4.3,8,3,16.4,1019.47,0
UK,Mobile,Bachelor,Silver,F,1,0,22,120.0,2.8,4,4,24.9,1873.8,1
Japan,Desktop,Bachelor,Silver,F,1,0,48,10.6,3.4,4,3,13.6,690.87,1
Japan,Desktop,Bachelor,Silver,F,1,1,33,22.0,3.6,4,3,19.3,1159.04,1
France,Mobile,Bachelor,Silver,F,0,0,144,37.0,4.2,6,0,1.8,614.31,0
USA,Desktop,PhD,Bronze,M,1,0,30,10.4,2.4,7,1,24.7,1618.97,0
India,Tablet,High School,Bronze,M,1,1,32,11.1,3.8,5,4,19.5,1547.51,0
UK,Desktop,Bachelor,Bronze,M,1,1,55,8.1,4.2,7,4,18.9,869.37,1
USA,Desktop,Bachelor,Bronze,F,0,1,58,6.0,4.8,6,1,6.6,173.01,0
USA,Desktop,Bachelor,Silver,M,1,1,60,15.1,4.9,5,1,12.1,451.53,1
France,Mobile,Bachelor,Gold,F,0,0,51,10.9,4.6,6,1,6.9,3874.17,1
Japan,Desktop,Bachelor,Bronze,F,0,1,44,8.1,2.9,5,1,21.1,112.01,0
USA,Mobile,High School,Bronze,M,0,1,21,8.5,4.7,9,2,29.9,2487.6,0
Germany,Desktop,Bachelor,Gold,M,0,0,36,19.3,3.7,8,5,5.8,832.82,0
USA,Desktop,High School,Bronze,M,1,0,64,6.4,4.4,6,1,3.7,1439.66,0
Japan,Desktop,High School,Platinum,M,1,0,33,10.0,4.2,7,2,10.1,1280.71,1
USA,Mobile,High School,Gold,M,1,0,56,25.0,4.8,7,3,15.1,1380.19,1
Japan,Tablet,Master,Bronze,F,1,0,39,14.8,2.5,13,2,21.1,1480.38,1
UK,Desktop,Bachelor,Bronze,M,1,1,18,5.3,2.6,8,0,14.9,1022.95,1
Australia,Mobile,Bachelor,Silver,M,1,0,46,12.0,4.6,6,2,29.6,972.54,1
USA,Tablet,Master,Bronze,M,1,0,53,17.3,4.3,7,3,22.2,9635.81,0
UK,Desktop,Master,Bronze,F,1,0,37,26.9,4.0,8,4,5.6,967.97,0
USA,Mobile,Bachelor,Bronze,F,1,1,53,6.7,4.5,8,4,8.8,1244.97,1
Australia,Desktop,Bachelor,Gold,F,1,0,18,7.8,4.7,4,3,24.1,1589.46,0
India,Tablet,Bachelor,Silver,F,1,0,21,7.0,3.7,7,3,26.3,905.24,1
UK,Mobile,Bachelor,Bronze,F,1,1,40,7.3,3.8,6,3,15.9,583.12,1
Japan,Tablet,Bachelor,Silver,M,1,0,44,16.8,3.2,4,2,13.5,996.56,1
India,Mobile,Master,Silver,M,1,0,54,19.6,2.8,6,1,4.6,1443.59,0
France,Desktop,Master,Silver,M,1,0,46,28.2,4.6,5,2,7.4,2060.29,1
France,Tablet,High School,Bronze,F,1,1,24,11.3,3.0,7,2,21.1,2043.49,0
USA,Desktop,High School,Silver,M,1,1,41,4.0,4.3,9,1,1.5,264.07,1
USA,Desktop,Bachelor,Platinum,M,1,0,45,20.8,3.2,8,2,18.2,1009.99,1
Australia,Mobile,Bachelor,Bronze,F,1,0,18,13.8,4.1,2,2,6.8,368.91,1
Australia,Mobile,High School,Bronze,F,0,1,37,12.8,4.6,6,3,6.7,362.01,1
Japan,Tablet,Master,Bronze,F,0,1,34,4.4,3.8,9,1,12.6,277.28,1
UK,Desktop,High School,Bronze,M,1,1,30,10.4,4.7,8,2,13.6,3367.12,0
UK,Mobile,PhD,Bronze,F,1,1,44,4.7,3.1,5,1,19.5,758.82,0
Brazil,Mobile,Master,Gold,F,0,0,24,17.9,4.9,7,2,4.5,2350.4,0
Australia,Desktop,Master,Platinum,M,0,1,43,8.6,3.9,5,2,10.3,3340.2,1
Australia,Desktop,High School,Bronze,F,1,1,45,8.0,4.4,4,2,4.8,190.82,0
Brazil,Desktop,High School,Silver,F,1,1,51,3.6,4.0,3,3,15.9,1302.63,1
Japan,Desktop,Bachelor,Silver,M,1,1,25,27.7,3.8,4,2,5.8,143.48,0
USA,Tablet,High School,Silver,M,1,0,20,9.9,4.3,4,1,26.4,4360.31,0
USA,Mobile,Bachelor,Silver,F,1,1,41,13.1,3.5,6,1,1.7,1216.43,1
Australia,Mobile,Bachelor,Bronze,M,0,1,35,6.8,4.5,7,4,17.0,1612.01,0
France,Tablet,High School,Silver,F,1,1,73,3.3,3.7,4,1,21.2,973.19,1
USA,Desktop,High School,Silver,M,0,0,44,8.0,4.2,6,3,26.9,772.38,0
USA,Mobile,Master,Gold,F,1,1,39,9.1,4.8,10,4,7.4,682.97,0
Japan,Desktop,High School,Gold,F,0,1,36,15.4,3.4,7,3,20.3,1865.0,0
USA,Tablet,High School,Bronze,F,1,0,23,9.2,4.3,3,1,21.3,3657.92,0
USA,Desktop,Bachelor,Bronze,M,1,1,45,6.9,4.4,5,1,17.3,1130.6,1
France,Tablet,PhD,Platinum,M,1,1,37,3.7,3.5,11,5,25.5,1112.04,0
Japan,Desktop,Bachelor,Silver,M,0,0,37,12.7,4.7,3,5,13.7,2297.78,1
Japan,Desktop,High School,Gold,M,0,0,39,6.4,3.0,3,3,21.4,5411.46,0
USA,Mobile,Bachelor,Bronze,M,1,0,41,35.0,3.7,3,2,5.5,1534.24,0
Japan,Desktop,PhD,Silver,F,0,0,18,13.7,4.3,9,3,29.1,205.16,0
USA,Mobile,Master,Silver,M,0,0,48,19.1,4.0,7,2,18.5,440.81,1
UK,Desktop,Bachelor,Gold,F,1,0,28,10.0,3.8,4,2,22.0,274.35,0
Brazil,Mobile,Bachelor,Bronze,M,1,0,36,14.3,4.0,8,4,9.0,1029.82,0
Japan,Desktop,Bachelor,Bronze,F,0,0,53,6.0,3.4,14,4,12.7,184.88,0
India,Desktop,High School,Silver,F,1,0,59,4.7,3.4,7,1,5.3,954.44,0
Japan,Desktop,Master,Gold,M,1,1,18,12.3,4.3,9,2,28.5,4524.16,0
France,Mobile,Master,Platinum,F,1,0,38,19.2,3.1,9,6,27.2,1004.01,0
USA,Desktop,PhD,Platinum,F,0,1,41,2.6,4.6,7,4,4.5,378.45,1
UK,Desktop,High School,Platinum,F,1,0,135,8.2,4.2,7,3,7.4,1179.82,0
UK,Desktop,High School,Bronze,F,1,0,48,53.2,4.1,4,2,16.0,748.36,0
USA,Desktop,Bachelor,Bronze,M,1,0,39,17.9,3.6,4,3,3.6,264.83,1
Canada,Mobile,Master,Bronze,M,1,1,40,41.7,3.4,4,2,17.5,511.0,0
UK,Tablet,Master,Bronze,M,1,1,27,7.3,3.5,5,4,8.0,1233.32,0
Australia,Desktop,High School,Gold,F,1,1,43,8.4,4.1,6,2,19.2,1698.71,1
Japan,Mobile,High School,Gold,F,1,0,48,26.4,4.9,4,2,2.4,1102.86,1
Brazil,Mobile,Bachelor,Bronze,F,1,1,40,20.1,4.4,6,3,4.9,2110.01,0
Germany,Desktop,Bachelor,Silver,M,0,0,32,11.3,4.4,7,2,15.8,1821.39,0
France,Mobile,Master,Platinum,F,0,1,33,4.4,4.5,6,0,20.9,1295.26,1
Germany,Desktop,Bachelor,Silver,F,1,0,41,30.7,1.9,7,0,17.5,702.48,1
USA,Mobile,Master,Bronze,M,1,0,39,90.8,2.2,4,2,9.4,1152.12,0
Brazil,Desktop,Bachelor,Silver,M,1,0,49,3.5,4.6,5,1,17.5,373.23,0
UK,Mobile,Master,Bronze,M,1,1,32,37.4,3.2,1,3,8.2,1805.49,1
USA,Mobile,Bachelor,Silver,F,1,0,23,8.4,3.1,6,1,28.8,576.09,0
Japan,Desktop,Master,Silver,F,0,0,42,9.3,4.6,6,0,4.8,722.36,0
USA,Desktop,High School,Bronze,M,1,0,32,15.1,2.5,6,1,18.3,503.93,1
Canada,Tablet,Bachelor,Platinum,M,1,1,47,4.6,4.3,5,2,13.8,925.85,0
Canada,Desktop,High School,Silver,F,1,0,38,11.8,4.1,8,6,10.3,278.99,1
Australia,Mobile,Bachelor,Silver,F,0,1,46,3.4,3.2,13,2,14.8,412.72,0
UK,Tablet,Bachelor,Platinum,F,1,1,26,17.8,4.7,7,1,3.6,2265.61,1
USA,Mobile,High School,Bronze,F,0,1,40,72.7,4.2,3,0,12.9,3775.92,1
Australia,Mobile,PhD,Bronze,M,0,1,30,7.3,4.3,4,0,27.0,956.27,1
Germany,Mobile,High School,Gold,F,1,1,23,10.6,4.6,8,3,4.6,6915.71,0
Canada,Tablet,Master,Bronze,M,1,0,28,11.1,3.8,6,0,16.8,738.24,1
Canada,Mobile,PhD,Gold,F,0,0,31,26.8,3.1,7,3,23.4,2992.07,0
India,Mobile,High School,Bronze,M,0,1,53,16.9,3.8,11,4,24.6,437.31,1
UK,Desktop,Master,Bronze,F,1,0,31,25.4,4.1,4,2,5.2,900.31,0
UK,Tablet,High School,Silver,M,1,0,23,8.1,4.7,8,4,22.2,1058.49,0
India,Mobile,High School,Bronze,F,0,1,40,17.2,4.4,3,3,22.9,199.78,0
UK,Desktop,Bachelor,Gold,M,1,0,38,0.8,3.0,7,3,16.4,3112.27,1
USA,Tablet,PhD,Silver,M,0,1,32,20.8,4.1,2,3,12.7,1507.35,0
France,Mobile,High School,Platinum,F,1,1,36,4.6,4.5,12,3,1.8,1089.01,1
Australia,Desktop,Bachelor,Gold,M,1,0,50,9.4,3.5,4,0,0.3,472.17,0
Japan,Mobile,Bachelor,Bronze,F,1,0,46,22.1,4.3,7,4,17.5,695.65,1
France,Desktop,Master,Gold,F,0,0,45,3.6,4.5,4,2,10.8,1888.08,0
USA,Tablet,High School,Silver,F,1,1,24,29.1,4.8,4,3,8.4,1276.99,0
France,Desktop,Master,Silver,F,1,0,73,11.0,3.8,4,2,3.4,191584.69802990236,1
Spain,Mobile,Master,Gold,F,0,0,51,39.0,3.8,4,1,28.0,1655.4,1
USA,Mobile,Master,Silver,F,0,1,44,5.9,4.9,5,1,5.5,1876.77,1
Germany,Desktop,PhD,Silver,F,1,0,24,2.9,-0.6035778258421047,5,5,19.8,675.41,0
India,Tablet,Master,Silver,M,1,0,49,11.9,4.8,9,1,1.2,2233.65,1
Brazil,Mobile,High School,Bronze,M,0,0,32,19.5,4.3,6,3,19.7,1447.0,1
Japan,Desktop,Bachelor,Bronze,F,1,0,36,20.8,4.7,4,5,19.6,119.67,1
Japan,Mobile,Bachelor,Silver,M,0,0,18,4.9,4.5,4,1,27.2,3301.44,0
UK,Tablet,Bachelor,Bronze,M,0,1,23,3.3,2.9,6,3,17.8,484.0,0
UK,Desktop,Bachelor,Bronze,M,1,0,43,9.5,4.1,6,3,0.8,2380.93,1
India,Desktop,Bachelor,Bronze,M,0,0,50,18.4,4.7,5,2,28.8,231.56,1
India,Desktop,Bachelor,Silver,F,1,0,46,17.7,4.5,2,4,3.0,1828.94,1
India,Desktop,PhD,Bronze,F,1,0,46,42.8,2.7,7,2,7.2,3866.32,1
Australia,Mobile,High School,Gold,F,1,1,37,9.0,4.3,4,3,22.3,249.39,1
Germany,Mobile,PhD,Bronze,F,1,0,33,2.8,3.3,5,1,21.1,3380.11,0
Germany,Desktop,Bachelor,Silver,M,1,1,41,31.7,4.8,4,3,21.7,167.16,1
Brazil,Desktop,Bachelor,Silver,M,1,0,48,14.2,4.1,5,2,12.6,1513.34,0
Japan,Desktop,Master,Silver,M,1,1,38,15.3,3.6,9,4,11.4,687.67,1
Japan,Tablet,Bachelor,Bronze,F,0,0,53,22.5,3.0,5,2,17.7,288.66,0
Brazil,Desktop,Bachelor,Platinum,M,1,0,35,33.5,4.0,6,2,8.2,492.4,0
Australia,Tablet,Bachelor,Platinum,M,1,0,26,12.0,4.3,9,0,5.9,944.88,0
UK,Mobile,Bachelor,Gold,F,0,1,38,31.2,2.9,5,2,4.8,8725.7,1
UK,Desktop,PhD,Platinum,F,1,0,39,18.9,4.0,6,1,11.6,1167.34,0
USA,Tablet,Master,Silver,M,0,0,37,7.2,4.2,3,3,26.9,1169.72,1
France,Mobile,High School,Silver,M,0,1,53,10.1,4.5,8,5,27.7,426.19,0
USA,Mobile,High School,Gold,F,0,0,48,20.0,3.9,4,5,26.8,297.85,1
Germany,Tablet,Bachelor,Silver,F,1,0,21,6.9,4.0,9,1,6.1,655.21,0
France,Desktop,High School,Gold,M,1,1,56,24.8,4.3,3,5,17.8,4552.4,1
UK,Desktop,Bachelor,Gold,M,0,0,18,13.8,4.2,10,1,19.5,369.11,0
France,Mobile,High School,Platinum,F,1,1,64,16.5,0.3939786120602997,5,2,13.8,11185.98,1
USA,Desktop,Bachelor,Bronze,F,0,0,35,38.6,4.6,9,3,17.1,601.98,0
USA,Desktop,High School,Gold,F,0,0,36,16.2,4.1,8,5,3.8,4840.31,1
India,Desktop,Bachelor,Silver,F,1,0,37,12.9,4.4,6,3,27.0,2182.04,0
UK,Desktop,Master,Silver,F,1,1,43,11.4,3.6,3,4,4.0,1367.96,1
USA,Mobile,Bachelor,Bronze,M,0,1,38,10.9,3.4,2,2,25.0,1517.81,0
France,Desktop,PhD,Gold,M,0,1,36,15.6,4.2,7,3,1.6,1074.79,0
Brazil,Mobile,Master,Platinum,F,1,0,54,36.3,3.7,5,5,12.1,448.49,0
USA,Mobile,Bachelor,Bronze,F,0,1,45,7.5,4.6,7,1,5.8,680.13,1
Japan,Desktop,High School,Silver,F,0,0,26,7.0,3.5,9,1,4.8,779.93,0
USA,Desktop,Master,Bronze,M,1,0,47,34.1,4.8,10,6,20.2,600.69,1
USA,Mobile,PhD,Platinum,F,1,1,44,7.7,3.8,7,2,26.6,2090.58,1
France,Desktop,Master,Silver,M,1,0,31,14.5,3.2,9,1,23.7,1283.19,0
France,Mobile,High School,Bronze,F,1,0,48,7.6,4.2,5,2,8.7,3731.76,0
Japan,Tablet,PhD,Bronze,M,0,0,36,3.2,4.1,7,0,18.2,2610.45,0
Brazil,Desktop,High School,Silver,F,1,1,35,14.3,4.3,8,4,8.8,879.7,1
Canada,Mobile,Master,Bronze,F,0,0,35,29.7,2.8,7,4,2.7,906.46,1
Germany,Mobile,PhD,Silver,M,1,0,18,11.6,3.7,7,4,3.5,1452.1,1
UK,Desktop,High School,Platinum,M,1,1,32,3.7,3.7,5,3,5.2,1828.1,1
Brazil,Tablet,PhD,Gold,F,1,0,47,13.3,3.4,6,3,19.8,4019.45,0
UK,Tablet,Bachelor,Bronze,F,1,0,38,6.7,4.1,10,4,4.0,225.42,1
Germany,Desktop,PhD,Platinum,M,1,1,23,1.5,4.3,15,4,17.3,1325.41,1
USA,Mobile,High School,Silver,M,0,1,50,11.4,3.9,9,0,0.0,1272.56,1
USA,Tablet,PhD,Bronze,M,1,0,34,18.4,3.9,5,1,21.9,1336.6,1
Canada,Tablet,High School,Bronze,F,1,1,23,31.3,3.5,6,3,7.7,433.93,0
India,Mobile,Master,Bronze,M,1,0,64,49.7,3.6,4,4,17.1,2652.74,1
Japan,Mobile,Bachelor,Gold,M,0,0,25,20.5,4.8,8,6,10.4,1079.41,1
Germany,Desktop,Bachelor,Bronze,F,0,0,49,25.7,3.5,10,1,16.0,469.59,1
USA,Tablet,High School,Bronze,F,0,0,29,4.4,4.7,5,1,5.8,420.15,0
USA,Desktop,Master,Gold,M,0,0,40,44.6,4.1,11,4,18.6,403.17,1
UK,Mobile,High School,Silver,F,1,1,27,33.6,2.7,4,4,26.5,410.83,0
France,Desktop,Bachelor,Gold,F,0,1,23,9.1,3.7,7,5,17.4,616.01,0
Japan,Desktop,High School,Gold,F,0,1,44,21.0,4.7,8,1,13.3,984.22,1
Japan,Desktop,PhD,Bronze,M,1,1,43,19.4,3.8,6,3,14.2,319.07,1
UK,Tablet,High School,Gold,F,1,0,52,39.5,4.2,5,3,12.1,2377.33,1
Canada,Desktop,High School,Bronze,M,1,0,38,10.8,3.0,8,4,7.1,196.0,1
Brazil,Mobile,High School,Silver,M,1,1,65,6.7,3.6,4,2,11.4,658.86,0
France,Desktop,Bachelor,Silver,M,0,1,41,8.2,4.1,3,2,12.6,952.56,1
France,Desktop,High School,Bronze,F,0,1,45,25.0,3.0,11,4,20.7,847.62,1
Germany,Desktop,Bachelor,Platinum,F,0,0,22,2.6,4.4,4,3,9.6,5195.91,0
USA,Mobile,Master,Silver,F,1,0,31,1.1,3.5,8,2,11.3,1673.59,1
UK,Desktop,Master,Bronze,M,0,0,44,24.9,3.0,2,1,18.7,311.48,0
Brazil,Desktop,Bachelor,Platinum,F,1,0,37,15.2,2.6,4,5,23.7,1464.16,1
USA,Desktop,High School,Silver,F,0,0,40,12.4,3.4,5,4,25.3,307.03,0
USA,Desktop,Master,Silver,M,1,0,28,4.3,3.7,11,0,17.9,3352.14,1
USA,Tablet,High School,Silver,F,1,1,39,3.1,4.5,7,2,13.7,115.41,0
USA,Tablet,Master,Gold,M,1,0,39,7.3,3.9,1,2,19.8,757.63,0
India,Desktop,High School,Bronze,F,1,0,24,16.3,3.8,3,2,0.9,1053.28,0
Japan,Mobile,Bachelor,Bronze,M,1,1,46,7.6,4.2,4,2,16.8,271.56,1
Germany,Tablet,Bachelor,Silver,F,1,0,18,25.0,4.6,6,4,9.2,2563.46,1
USA,Desktop,Master,Bronze,F,1,0,40,5.7,4.2,7,3,15.6,2979.1,1
Germany,Mobile,High School,Gold,F,1,0,59,8.0,4.3,7,3,8.7,616.72,0
Germany,Tablet,Bachelor,Bronze,M,1,1,46,416.3696038694965,4.7,9,0,5.4,104838.24690063373,0
USA,Desktop,High School,Bronze,M,1,0,46,9.0,4.1,7,8,7.3,379.18,1
Germany,Desktop,Master,Bronze,M,1,1,27,9.4,4.7,8,2,22.3,1557.02,0
UK,Tablet,PhD,Gold,F,0,0,59,7.3,3.8,9,3,11.3,924.5,1
France,Mobile,Bachelor,Gold,F,0,0,55,6.3,4.2,6,4,21.7,328.68,1
Japan,Desktop,Bachelor,Bronze,M,1,0,28,16.2,4.2,3,2,22.5,5616.27,0
USA,Desktop,PhD,Silver,M,0,0,32,17.9,3.8,8,5,0.6,4867.59,0
UK,Desktop,Bachelor,Bronze,F,0,0,53,14.6,4.4,8,1,28.2,5203.8,0
Japan,Mobile,Bachelor,Silver,F,0,1,60,7.4,3.5,2,4,3.0,218.38,1
Germany,Mobile,Bachelor,Bronze,M,1,0,23,10.4,4.6,9,4,14.1,2411.3,0
India,Tablet,Master,Silver,M,1,1,26,43.7,3.2,5,4,28.5,1520.8,0
Japan,Desktop,High School,Silver,M,1,1,36,3.9,3.6,5,0,4.7,1437.19,0
USA,Mobile,Master,Platinum,F,1,1,18,55.1,5.0,7,3,5.8,393.02,0
USA,Mobile,Bachelor,Bronze,F,1,0,38,13.2,4.5,9,2,7.0,370.83,1
Japan,Desktop,High School,Gold,F,0,1,52,10.5,4.1,3,2,24.9,583.51,0
USA,Desktop,Master,Silver,M,0,0,21,26.1,3.7,10,4,25.2,1074.47,1
France,Tablet,Bachelor,Platinum,F,1,0,40,2.3,2.8,2,2,27.0,848.81,1
Canada,Tablet,High School,Bronze,M,0,1,31,36.8,3.7,5,4,15.2,889.69,0
France,Mobile,Bachelor,Bronze,M,0,0,58,53.8,4.3,6,4,27.1,621.94,1
UK,Mobile,Master,Gold,F,1,1,31,29.1,3.2,8,4,8.1,551.93,1
Japan,Desktop,Master,Bronze,M,1,0,56,2.3,3.9,9,1,18.3,1228.08,1
Germany,Mobile,PhD,Bronze,M,1,0,31,22.5,4.9,4,1,12.8,1178.78,0
France,Mobile,Master,Bronze,F,1,0,47,45.5,3.8,8,3,8.6,1111.29,0
Canada,Mobile,High School,Gold,M,1,0,41,41.9,4.9,6,0,22.9,2481.69,1
UK,Tablet,Bachelor,Bronze,F,1,0,36,3.9,4.4,8,1,22.1,88622.55177520946,0
Canada,Mobile,Master,Gold,F,1,0,29,27.5,4.2,3,0,22.5,1330.95,1
Australia,Desktop,Bachelor,Silver,F,0,1,42,51.2,3.4,7,2,18.0,1141.19,0
USA,Mobile,Bachelor,Bronze,M,1,1,33,12.5,3.2,9,1,10.1,152.05,0
USA,Desktop,Bachelor,Silver,M,1,1,30,3.8,3.1,9,4,20.2,2118.97,1
USA,Desktop,Bachelor,Bronze,M,1,1,56,23.6,4.2,2,2,6.0,565.13,0
USA,Desktop,PhD,Silver,M,1,0,45,28.3,3.9,6,2,7.5,1920.85,0
USA,Desktop,Bachelor,Silver,F,1,1,46,10.9,4.7,6,5,28.7,1173.0,0
Japan,Mobile,Bachelor,Silver,M,1,0,33,4.7,4.0,6,2,16.3,495.72,0
USA,Mobile,PhD,Bronze,M,0,0,36,26.7,4.3,6,3,21.5,1655.67,0
UK,Mobile,Bachelor,Silver,F,1,1,35,6.6,4.7,4,1,13.7,352.84,0
India,Mobile,High School,Gold,F,1,0,42,16.7,4.4,9,1,0.1,1240.17,1
USA,Desktop,Bachelor,Gold,F,1,1,46,42.4,4.4,3,2,15.3,834.96,1
India,Mobile,Master,Gold,M,1,0,38,3.2,2.5,9,2,16.2,2651.71,0
UK,Desktop,Master,Bronze,F,0,0,28,25.2,3.7,5,2,2.9,2667.26,0
USA,Desktop,Master,Gold,F,0,0,47,10.3,3.2,1,1,6.4,1013.37,0
Japan,Mobile,Master,Bronze,M,1,0,38,10.5,4.6,6,4,3.8,812.68,0
Japan,Desktop,High School,Bronze,M,1,1,21,18.4,3.6,7,4,26.5,212.83,0
India,Desktop,Master,Gold,M,0,1,18,6.6,4.2,10,0,0.9,705.94,0
Brazil,Mobile,Master,Platinum,F,1,0,131,4.8,3.5,3,2,22.8,978.75,0
India,Mobile,High School,Silver,M,1,0,28,2.9,4.6,5,2,12.9,585.52,0
UK,Desktop,High School,Bronze,F,1,0,43,32.6,4.2,5,4,0.1,1495.92,1
USA,Tablet,PhD,Bronze,F,1,1,29,9.0,3.8,4,2,13.5,987.48,1
Brazil,Mobile,Master,Silver,F,1,0,40,19.2,4.8,5,0,29.3,1733.08,1
India,Tablet,Master,Gold,M,1,1,33,8.3,4.2,7,2,13.5,313.38,0
Spain,Desktop,Master,Bronze,M,0,1,59,4.8,4.8,6,2,8.2,1153.21,0
Germany,Mobile,Bachelor,Gold,M,0,1,49,20.5,4.6,6,4,27.6,735.2,0
UK,Tablet,Bachelor,Bronze,M,1,0,145,15.8,4.3,7,2,2.4,1688.25,1
Brazil,Mobile,Bachelor,Gold,F,1,1,38,10.1,3.7,2,4,22.7,1839.15,1
UK,Mobile,High School,Platinum,M,1,1,48,15.5,2.5,3,2,7.4,1218.1,0
Australia,Desktop,Master,Silver,M,1,1,39,5.6,3.0,4,1,21.2,1692.18,1
India,Desktop,Bachelor,Bronze,M,1,1,56,28.5,3.0,6,2,4.2,47.77,1
Germany,Mobile,Bachelor,Gold,M,1,0,37,34.3,4.6,5,2,1.4,2776.17,0
Brazil,Desktop,Bachelor,Silver,F,1,1,21,22.4,4.3,5,0,20.4,2325.84,0
Brazil,Tablet,Bachelor,Silver,F,1,1,18,9.0,2.3,6,1,11.3,3446.65,0
USA,Desktop,High School,Silver,F,1,1,58,12.8,2.5,4,0,29.7,302.75,1
Australia,Tablet,High School,Bronze,M,1,1,107,474.8632085331241,3.8,9,94,16.8,456.02,1
Germany,Tablet,High School,Gold,F,0,0,45,34.0,3.7,5,3,1.6,393.19,1
India,Desktop,High School,Bronze,F,1,0,56,60.0,3.7,5,2,4.2,2373.01,1
UK,Desktop,PhD,Platinum,M,1,1,18,6.5,4.4,9,2,27.0,996.71,1
Australia,Tablet,High School,Bronze,M,1,0,34,6.1,3.9,7,0,2.1,1113.81,1
UK,Tablet,High School,Gold,F,0,0,35,13.6,3.2,3,5,16.2,1483.86,1
USA,Desktop,Bachelor,Bronze,F,1,0,47,16.9,4.2,5,2,0.5,1655.88,1
Australia,Desktop,Bachelor,Bronze,F,1,1,30,10.9,4.2,5,4,21.5,424.29,0
USA,Mobile,High School,Bronze,M,1,0,24,8.9,3.7,9,7,4.2,546.8,0
UK,Mobile,Master,Gold,M,0,0,23,33.6,4.5,4,3,5.4,836.9,1
Canada,Desktop,Master,Silver,F,1,0,52,11.3,3.5,6,4,8.5,2643.6,1
Canada,Mobile,High School,Gold,F,1,1,29,4.6,4.1,6,1,0.1,1158.44,0
France,Desktop,High School,Bronze,F,1,1,31,5.1,3.5,8,2,15.7,3485.84,1
Japan,Desktop,PhD,Silver,F,1,0,46,14.8,3.6,3,3,29.1,366.02,0
Germany,Desktop,Master,Gold,M,0,0,30,120.0,4.6,8,3,20.8,2463.23,1
UK,Desktop,Master,Bronze,F,1,1,18,5.6,3.3,8,5,28.6,1580.08,0
UK,Desktop,High School,Silver,F,1,1,19,9.5,4.7,6,1,3.9,1057.78,1
Japan,Mobile,Bachelor,Silver,F,1,1,37,83.4,3.9,7,3,7.2,697.02,1
Brazil,Desktop,Bachelor,Bronze,M,1,1,44,8.3,3.3,5,5,10.4,729.17,0
Brazil,Desktop,High School,Bronze,M,1,1,36,17.5,4.7,3,2,22.3,1658.28,0
Brazil,Desktop,Bachelor,Silver,F,1,0,43,54.6,4.9,6,3,29.9,948.47,1
USA,Tablet,Bachelor,Bronze,F,1,0,19,5.7,4.0,7,7,25.7,529.37,0
Germany,Desktop,Bachelor,Gold,F,0,1,19,9.5,4.3,6,5,17.6,2127.38,0
USA,Desktop,Master,Platinum,F,1,1,65,8.3,3.4,1,4,17.5,1455.07,0
France,Mobile,Master,Silver,F,0,0,53,3.6,3.7,6,4,23.1,4935.56,1
Germany,Tablet,Bachelor,Silver,F,0,1,47,42.8,3.8,7,3,5.7,743.43,0
Australia,Desktop,Master,Bronze,M,0,1,30,7.6,4.0,7,4,24.7,2457.33,0
UK,Mobile,High School,Gold,M,0,1,35,6.0,3.5,5,2,22.2,1267.18,1
USA,Mobile,Master,Bronze,M,1,0,38,8.5,3.9,5,2,2.1,2111.08,0
USA,Mobile,High School,Silver,F,1,0,54,25.6,4.6,6,2,1.2,692.39,1
Brazil,Desktop,High School,Platinum,M,0,1,43,13.3,4.2,4,2,4.6,698.96,0
France,Mobile,Bachelor,Silver,M,1,0,44,6.5,3.8,8,2,19.6,3540.21,1
USA,Desktop,Bachelor,Gold,F,1,0,36,16.9,3.5,6,5,28.6,1557.69,0
USA,Mobile,PhD,Silver,F,1,1,48,23.3,4.5,3,3,3.3,1233.03,0
Japan,Mobile,Bachelor,Bronze,F,0,1,42,12.0,4.6,12,5,18.3,282.88,1
USA,Desktop,High School,Gold,M,0,0,39,10.1,4.6,7,5,17.8,669.41,1
India,Mobile,Bachelor,Bronze,F,0,1,29,27.5,3.4,7,3,5.1,400.95,0
Japan,Desktop,Bachelor,Gold,M,0,0,37,10.6,3.8,5,6,7.9,1765.29,0
USA,Mobile,Bachelor,Bronze,M,1,0,25,44.1,3.5,5,0,16.2,1358.22,0
USA,Mobile,Master,Gold,M,1,1,38,6.6,4.1,6,1,10.1,1827.18,1
Spain,Desktop,Master,Bronze,M,0,1,39,6.5,3.8,2,2,4.7,1701.73,0
UK,Desktop,Master,Silver,M,1,0,18,5.9,3.5,7,4,12.9,1881.17,1
UK,Tablet,PhD,Silver,F,1,0,35,10.1,2.9,6,3,2.7,3654.9,1
India,Desktop,High School,Silver,M,1,0,24,12.2,3.7,6,0,17.4,1005.5,1
Canada,Desktop,Master,Bronze,F,0,1,44,4.2,4.0,4,1,4.3,1316.55,1
Spain,Desktop,Bachelor,Silver,M,1,1,46,13.2,4.4,3,1,21.9,1447.38,1
Brazil,Mobile,Master,Bronze,M,1,0,33,19.1,3.9,6,7,16.4,1978.18,0
UK,Mobile,Bachelor,Silver,F,0,0,45,3.8,4.4,5,1,2.4,1625.61,1
USA,Desktop,PhD,Bronze,F,1,0,45,8.0,4.7,6,0,6.7,1147.37,1
Brazil,Desktop,Master,Silver,F,1,1,35,19.2,3.5,6,2,12.9,460.86,1
France,Desktop,PhD,Bronze,F,1,1,56,5.1,4.6,2,4,11.8,604.5,1
Germany,Desktop,Master,Platinum,F,1,0,29,9.5,4.5,10,2,24.8,1218.7,0
Australia,Desktop,PhD,Silver,F,1,1,56,29.1,4.1,4,1,18.8,1243.01,0
USA,Mobile,Master,Bronze,F,0,0,35,51.2,4.4,9,3,26.6,1377.04,1
Germany,Desktop,Bachelor,Silver,F,0,0,28,17.3,3.5,11,3,16.5,809.65,0
USA,Desktop,High School,Gold,M,1,0,34,10.6,4.5,8,2,9.4,3406.8,0
Germany,Desktop,Bachelor,Bronze,F,1,0,25,8.2,4.2,4,2,1.0,1132.56,0
USA,Tablet,High School,Silver,M,0,1,47,25.2,4.4,7,2,6.3,170.74,0
USA,Tablet,Bachelor,Silver,M,1,1,19,30.2,3.8,6,2,7.7,826.47,0
USA,Mobile,Bachelor,Bronze,F,1,0,55,4.8,3.6,4,5,2.7,697.93,1
Japan,Desktop,Bachelor,Gold,M,0,0,27,25.2,3.6,13,5,15.9,1484.08,1
Brazil,Desktop,PhD,Bronze,M,1,0,48,7.5,4.3,6,6,19.1,1121.08,1
France,Desktop,PhD,Bronze,M,1,0,38,6.1,4.1,2,2,1.5,1312.99,1
Canada,Desktop,High School,Gold,F,1,1,41,10.8,4.6,7,1,10.4,3572.07,0
UK,Mobile,Bachelor,Silver,M,1,1,31,26.9,3.0,6,3,0.8,1436.94,1
UK,Mobile,Bachelor,Gold,M,0,0,42,15.6,3.8,3,4,21.9,22567.54,1
India,Tablet,Bachelor,Silver,F,1,0,40,15.3,3.6,2,3,15.0,2489.27,0
USA,Mobile,Master,Gold,F,1,0,21,16.2,4.2,3,2,20.8,1216.88,0
Canada,Desktop,Bachelor,Gold,M,1,1,26,17.7,4.5,1,1,18.6,1730.79,0
USA,Mobile,Bachelor,Bronze,M,0,0,32,11.1,4.1,13,2,25.6,6258.46,0
Canada,Desktop,Master,Gold,M,1,0,29,20.2,2.4,7,0,26.3,311.61,1
USA,Desktop,Master,Silver,M,1,0,53,7.2,4.1,4,2,16.8,2685.55,1
Australia,Mobile,High School,Bronze,M,0,0,38,20.5,3.7,8,2,13.9,2956.26,1
France,Desktop,Master,Silver,M,1,0,29,24.2,3.3,2,1,29.7,569.03,0
Spain,Desktop,Bachelor,Bronze,F,1,1,32,21.3,4.8,8,1,5.8,605.8,0
USA,Desktop,High School,Gold,F,0,1,32,22.2,3.8,3,6,19.2,729.3,0
France,Mobile,High School,Silver,F,1,0,35,17.7,2.7,3,1,18.6,4922.37,0
Canada,Mobile,Bachelor,Platinum,M,0,0,25,31.1,4.2,7,1,28.7,1382.39,1
France,Desktop,Bachelor,Bronze,M,0,1,28,2.0,2.2,4,2,2.8,461.84,1
Japan,Mobile,High School,Silver,F,0,1,47,24.1,3.2,3,1,28.4,223.8,0
Japan,Desktop,Master,Bronze,M,0,0,40,59.2,2.8,8,2,22.9,2653.92,1
Germany,Desktop,Master,Silver,F,0,1,36,7.4,3.3,4,1,3.9,1224.09,0
Japan,Mobile,High School,Gold,F,1,1,38,6.8,4.0,6,1,5.9,2813.68,0
France,Mobile,High School,Gold,F,0,0,37,34.1,2.6,5,1,8.3,1574.86,0
Australia,Tablet,Master,Gold,M,1,0,35,5.8,3.6,7,2,20.3,4196.46,1
USA,Desktop,High School,Gold,M,1,1,44,7.1,3.7,7,0,22.5,231.7,1
UK,Mobile,PhD,Bronze,F,1,1,43,14.0,3.4,5,5,22.1,2014.57,0
Canada,Mobile,Bachelor,Bronze,F,1,0,19,6.4,3.6,8,7,19.6,1190.14,0
Australia,Tablet,Bachelor,Silver,M,1,0,36,24.5,4.6,5,1,4.0,762.21,0
Germany,Desktop,High School,Silver,F,1,0,20,6.5,4.6,8,4,1.3,1415.63,1
Japan,Mobile,High School,Bronze,M,0,1,46,16.3,4.0,12,1,8.3,661.36,1
UK,Mobile,High School,Silver,M,1,0,115,15.3,3.6,4,145,18.0,1211.46,0
USA,Desktop,High School,Silver,F,1,0,31,46.1,3.6,6,2,10.6,441.95,1
Germany,Mobile,Bachelor,Bronze,F,0,1,37,30.9,4.2,5,2,25.5,1576.08,1
UK,Desktop,High School,Gold,F,1,0,18,8.0,4.0,4,2,24.6,2138.73,0
France,Mobile,Bachelor,Silver,M,1,1,50,4.4,3.3,6,1,6.5,2589.39,1
USA,Tablet,Bachelor,Bronze,M,0,0,47,23.8,3.9,8,1,19.8,295.54,0
Canada,Mobile,High School,Bronze,F,1,0,52,7.2,4.3,12,1,24.9,276.86,1
Spain,Mobile,High School,Gold,M,1,0,56,9.3,4.3,6,6,27.0,442.15,0
Japan,Mobile,High School,Platinum,M,1,1,23,5.2,4.1,3,0,12.8,4512.31,0
France,Desktop,High School,Silver,F,1,1,49,21.0,2.8,7,2,27.2,949.02,1
UK,Desktop,Master,Bronze,M,1,0,56,7.3,3.9,7,4,22.2,1436.6,1
India,Mobile,Bachelor,Platinum,F,0,1,20,11.8,4.5,2,6,8.9,2657.82,1
Japan,Desktop,Master,Silver,M,1,1,36,12.0,4.4,5,1,10.2,560.01,1
USA,Desktop,Bachelor,Gold,F,0,0,34,14.1,4.3,1,1,4.2,1262.73,1
Australia,Mobile,Bachelor,Gold,F,1,0,48,20.7,2.8,4,3,11.4,503.6,1
India,Desktop,Bachelor,Bronze,M,0,0,18,10.0,3.8,9,0,10.9,240.25,1
Canada,Desktop,Master,Silver,M,0,1,60,6.7,3.5,10,2,18.7,2586.17,1
Brazil,Mobile,High School,Bronze,M,1,1,37,2.8,3.7,6,3,9.2,862.71,0
France,Desktop,High School,Bronze,M,1,0,49,13.2,3.7,7,3,12.6,1628.43,1
Germany,Tablet,Bachelor,Gold,F,0,0,37,10.7,3.7,5,3,3.9,2602.6,0
Australia,Tablet,Bachelor,Gold,F,1,0,44,6.9,4.5,6,2,21.9,407.04,0
India,Mobile,Bachelor,Gold,F,1,0,18,12.8,4.3,4,1,1.2,701.09,0
USA,Desktop,Bachelor,Silver,F,0,0,33,24.2,4.2,5,2,22.5,4603.34,0
USA,Mobile,Bachelor,Bronze,M,0,0,48,29.7,4.2,7,82,5.3,1450.49,1
UK,Mobile,Bachelor,Bronze,M,1,0,41,3.6,4.0,6,4,29.4,345.3,0
India,Mobile,Bachelor,Bronze,F,1,1,18,9.1,3.3,5,3,29.7,469.05,1
Spain,Desktop,Master,Silver,F,1,0,39,26.3,4.5,7,4,29.8,612.06,1
USA,Mobile,Master,Silver,F,1,0,28,43.7,4.4,10,2,0.4,1504.01,1
France,Mobile,Bachelor,Bronze,M,1,0,27,6.3,4.1,5,3,6.5,991.26,0
UK,Mobile,Master,Platinum,F,0,0,20,36.7,4.2,7,2,16.6,3125.27,1
Canada,Mobile,Master,Bronze,M,0,1,45,4.1,3.0,7,1,22.0,1698.74,0
India,Mobile,Bachelor,Gold,F,1,0,51,30.5,4.3,4,1,24.5,544.6,1
India,Mobile,Bachelor,Silver,F,1,0,63,9.7,2.7,2,3,4.1,3832.51,1
Germany,Desktop,Master,Bronze,M,0,0,20,42.5,3.0,6,6,25.7,1543.1,1
Germany,Mobile,Bachelor,Gold,F,0,0,47,8.4,4.1,4,3,21.0,6027.86,1
UK,Desktop,High School,Gold,F,1,0,48,9.5,3.4,6,2,8.7,577.58,1
USA,Desktop,Master,Silver,F,0,1,31,10.9,3.5,4,4,0.3,169.46,0
India,Desktop,High School,Silver,F,1,0,27,3.6,3.7,6,4,27.4,1663.74,0
India,Mobile,Master,Bronze,M,0,1,25,3.0,4.3,9,1,5.9,806.05,0
Spain,Desktop,Master,Silver,F,1,0,32,18.3,3.9,6,4,10.9,1758.23,0
Spain,Mobile,PhD,Platinum,M,1,0,40,26.9,3.6,5,1,25.5,1187.75,1
France,Mobile,High School,Bronze,M,0,0,54,19.8,3.6,5,3,19.9,2791.61,1
Brazil,Desktop,Bachelor,Bronze,M,1,1,51,4.5,4.6,8,3,4.0,792.91,0
Canada,Desktop,Bachelor,Platinum,F,1,0,19,17.9,4.3,6,4,29.4,1646.33,0
India,Desktop,Bachelor,Bronze,M,1,0,29,5.5,3.4,6,2,9.6,1659.95,1
USA,Tablet,High School,Silver,M,1,0,54,16.9,4.9,7,1,17.8,1281.47,0
Germany,Mobile,Bachelor,Silver,M,1,1,29,30.1,4.1,7,4,18.8,2059.79,0
USA,Mobile,Bachelor,Silver,F,1,0,37,16.3,4.4,6,5,17.0,1559.58,0
Canada,Desktop,High School,Silver,F,1,1,18,39.4,3.3,9,1,17.4,1080.42,1
France,Mobile,Bachelor,Bronze,M,1,1,52,10.8,4.7,8,1,7.3,1383.44,1
USA,Tablet,Master,Bronze,F,1,1,18,10.2,2.8,8,1,28.8,970.75,0
Japan,Mobile,Master,Gold,M,1,0,18,12.9,3.5,5,3,14.6,917.72,0
France,Mobile,PhD,Gold,F,0,1,51,4.2,3.7,3,3,4.2,1964.28,1
UK,Desktop,Bachelor,Silver,F,0,0,61,8.8,4.3,3,2,25.5,8230.42,1
USA,Desktop,PhD,Silver,F,0,0,35,9.5,3.3,9,5,4.4,1510.33,0
Japan,Desktop,Master,Bronze,M,1,1,37,9.7,3.0,5,5,25.9,1273.37,0
France,Desktop,High School,Bronze,F,1,0,49,15.1,4.3,4,4,16.8,566.57,0
Brazil,Desktop,High School,Gold,F,1,1,41,3.7,3.0,5,1,1.3,988.74,0
France,Desktop,Bachelor,Silver,F,0,0,34,4.9,3.7,2,2,3.7,742.67,1
India,Desktop,Bachelor,Bronze,F,0,1,32,30.1,3.4,9,1,28.3,1726.73,0
France,Tablet,Bachelor,Bronze,M,1,0,19,2.4,3.7,5,4,3.8,1089.42,0
France,Mobile,Bachelor,Bronze,F,1,1,41,19.9,2.7,7,1,17.6,4012.5,1
India,Mobile,Master,Bronze,M,0,0,37,9.0,4.4,6,2,9.4,429.68,1
Germany,Mobile,Bachelor,Gold,F,1,0,33,13.8,4.4,8,1,23.9,919.86,1
USA,Desktop,High School,Platinum,M,1,1,26,42.4,4.3,8,2,23.8,806.67,0
USA,Mobile,Master,Gold,F,0,1,27,11.0,2.9,3,0,23.9,133.94,1
Brazil,Desktop,Bachelor,Platinum,M,1,0,45,20.1,4.2,5,1,6.2,396.4,1
Japan,Mobile,PhD,Platinum,M,1,0,49,12.8,4.6,3,5,21.3,1088.25,0
Japan,Desktop,High School,Silver,M,1,0,34,11.2,4.3,5,4,2.7,1237.52,0
USA,Tablet,PhD,Bronze,M,0,0,33,10.1,4.1,4,1,2.3,1308.22,1
USA,Desktop,High School,Gold,F,0,0,28,21.3,4.2,4,4,12.3,1775.09,0
USA,Desktop,High School,Bronze,F,0,1,49,6.8,2.8,5,0,17.9,339.65,1
UK,Tablet,High School,Bronze,F,0,0,38,4.9,3.6,7,4,9.4,524.56,0
France,Desktop,Master,Bronze,F,1,0,42,12.9,4.1,5,4,9.2,2448.76,0
UK,Mobile,Master,Silver,F,0,1,42,14.2,4.2,6,0,2.2,2930.85,1
Germany,Mobile,Bachelor,Bronze,M,1,0,34,2.8,3.4,5,3,5.9,2294.85,1
Australia,Mobile,PhD,Bronze,M,1,0,24,470.76548818244225,3.7,6,4,18.3,1396.93,0
UK,Tablet,Bachelor,Silver,M,1,1,26,4.6,4.8,11,2,20.4,253.32,0
Germany,Tablet,Bachelor,Gold,F,1,1,52,20.1,4.5,7,3,27.2,3710.24,1
Brazil,Desktop,Master,Silver,M,1,1,29,2.9,4.8,8,1,11.2,512.71,0
UK,Mobile,High School,Gold,M,0,1,33,56.8,3.2,4,1,7.1,2402.85,1
Japan,Mobile,Bachelor,Bronze,F,0,0,24,9.3,4.1,7,0,21.6,625.37,0
India,Mobile,PhD,Bronze,F,0,0,23,6.1,3.2,6,4,20.2,1151.02,1
Canada,Desktop,PhD,Silver,F,0,1,29,9.7,4.0,10,2,8.3,558.13,1
USA,Mobile,PhD,Silver,F,0,0,58,19.0,3.8,7,2,23.1,1023.32,1
Australia,Tablet,PhD,Silver,F,0,0,46,24.8,3.7,6,5,6.0,445.19,0
Germany,Tablet,High School,Gold,F,1,1,32,9.8,4.6,4,3,10.4,512.55,1
UK,Desktop,Master,Gold,F,1,1,51,3.9,3.3,6,2,7.4,734.34,0
Germany,Desktop,Bachelor,Platinum,F,0,0,36,4.6,4.5,9,0,19.5,220.52,1
Spain,Desktop,PhD,Bronze,M,1,1,54,15.3,4.0,5,2,14.8,569.38,1
Germany,Mobile,Bachelor,Bronze,M,0,1,65,26.8,3.3,9,0,22.0,266.85,1
UK,Mobile,Bachelor,Silver,M,1,1,50,29.8,4.2,10,0,3.2,439.62,1
Japan,Mobile,Bachelor,Bronze,M,1,1,39,13.9,3.5,2,2,7.7,366.01,1
USA,Desktop,Bachelor,Bronze,F,1,0,46,26.4,2.8,6,3,14.6,3550.38,0
USA,Desktop,High School,Bronze,M,0,1,38,56.3,3.4,4,0,1.7,279.44,0
USA,Mobile,Master,Bronze,M,0,1,18,31.6,3.2,6,5,21.9,1122.87,1
USA,Tablet,Master,Bronze,F,0,1,30,25.5,3.0,8,4,8.5,1503.71,0
USA,Mobile,High School,Bronze,F,1,1,27,6.4,4.3,4,3,18.1,805.75,0
USA,Desktop,Master,Silver,F,1,0,30,26.3,4.2,6,0,27.0,2247.96,0
Japan,Mobile,Bachelor,Silver,F,1,0,60,17.6,4.7,4,4,7.6,675.6,1
USA,Desktop,Bachelor,Gold,F,1,0,51,20.5,2.9,4,3,22.4,1325.04,1
UK,Tablet,High School,Silver,F,1,1,43,33.4,4.3,9,0,19.0,1015.16,0
Australia,Desktop,Master,Bronze,M,1,1,48,16.2,4.0,5,5,5.4,672.09,1
Germany,Mobile,Master,Bronze,M,1,0,18,11.2,4.3,3,0,22.0,1792.06,0
Japan,Desktop,Bachelor,Bronze,M,0,0,47,5.2,3.5,9,3,1.8,854.72,0
USA,Mobile,Bachelor,Gold,F,1,1,49,9.6,3.1,8,2,15.6,967.6,1
USA,Mobile,High School,Gold,F,0,0,18,14.4,3.6,4,3,3.6,351.02,0
USA,Mobile,Bachelor,Bronze,F,0,0,47,15.2,3.8,5,3,20.6,666.11,1
USA,Desktop,High School,Bronze,F,0,0,21,14.8,3.9,5,4,9.1,802.08,0
UK,Desktop,High School,Platinum,M,1,1,18,26.2,4.9,4,3,24.2,4450.78,0
USA,Desktop,Master,Silver,F,1,1,54,24.3,4.4,2,2,14.7,718.7,0
USA,Mobile,PhD,Gold,F,0,0,26,11.6,4.0,9,3,2.4,2656.94,1
USA,Desktop,Bachelor,Bronze,M,1,0,29,6.2,4.0,5,2,17.9,869.66,0
Germany,Mobile,High School,Bronze,F,1,1,50,16.6,4.3,2,1,0.4,393.62,0
USA,Tablet,Bachelor,Gold,M,1,1,34,73.5,3.6,13,2,8.8,3986.9,1
UK,Tablet,Master,Silver,M,1,1,36,15.8,4.4,6,3,8.1,1264.09,1
Germany,Desktop,Master,Silver,F,1,0,36,9.6,4.0,9,127,29.4,563.61,1
Japan,Mobile,Master,Silver,F,1,0,42,18.7,4.3,7,1,7.3,2101.85,0
USA,Desktop,Bachelor,Silver,M,0,1,35,19.6,3.6,3,3,20.3,4011.67,0
Brazil,Mobile,Master,Gold,F,0,0,39,19.4,3.4,7,2,7.7,400.82,0
Japan,Mobile,High School,Bronze,F,1,0,32,36.5,4.7,7,3,2.4,2135.9,1
USA,Desktop,Bachelor,Bronze,F,0,1,42,16.6,4.6,4,2,1.9,261.41,1
India,Desktop,Bachelor,Gold,M,0,1,42,35.2,4.0,9,3,27.8,241.34,1
Australia,Mobile,Bachelor,Bronze,M,1,1,61,14.6,4.3,3,3,2.9,276.33,0
USA,Tablet,PhD,Silver,M,0,1,33,40.9,4.5,5,2,24.9,987.64,0
UK,Desktop,Master,Gold,F,0,0,36,32.0,4.0,3,2,16.3,1732.19,0
India,Mobile,High School,Platinum,M,1,0,41,25.5,2.8,10,3,13.0,807.32,1
Brazil,Desktop,High School,Silver,M,1,0,50,22.9,4.6,3,5,29.9,410.5,1
USA,Desktop,Bachelor,Silver,F,1,0,25,76.8,4.5,9,5,26.7,1573.16,0
USA,Tablet,High School,Gold,F,1,0,39,28.8,4.1,5,2,7.2,1381.15,0
UK,Mobile,Bachelor,Gold,F,1,1,18,6.2,3.4,8,3,18.0,1134.91,0
Germany,Mobile,PhD,Gold,F,1,0,35,14.8,3.8,5,1,4.7,2821.01,0
France,Desktop,PhD,Silver,M,0,0,51,9.9,4.2,7,2,17.9,1202.39,1
UK,Mobile,Master,Bronze,M,0,0,29,63.5,3.9,6,1,3.8,3545.53,0
Germany,Desktop,Master,Silver,F,1,1,40,33.2,2.7,10,3,18.8,183.9,0
Brazil,Desktop,Bachelor,Gold,F,1,0,32,61.9,3.8,4,4,29.2,374.04,0
USA,Mobile,High School,Gold,F,1,1,28,6.6,3.2,6,3,17.5,2676.52,0
UK,Desktop,Bachelor,Bronze,F,1,0,50,29.4,4.5,6,1,3.8,175.49,0
Japan,Mobile,Bachelor,Silver,F,0,1,25,4.1,4.7,4,5,24.0,2162.77,0
Australia,Mobile,Master,Silver,F,1,1,42,3.4,2.7,8,3,10.0,3026.59,0
Germany,Desktop,High School,Platinum,F,1,0,42,8.9,3.9,6,2,2.8,868.91,1
France,Desktop,Bachelor,Silver,F,1,1,28,40.8,4.3,3,2,19.7,1647.5,1
USA,Desktop,Bachelor,Silver,M,1,0,40,5.5,4.5,3,0,24.9,974.19,0
Germany,Desktop,PhD,Bronze,M,1,1,27,12.0,4.5,5,4,14.5,1421.33,0
France,Mobile,Bachelor,Silver,F,1,1,44,31.5,2.9,3,4,27.9,254.18,1
USA,Mobile,Master,Bronze,M,1,0,22,24.0,3.4,5,3,20.5,2129.92,0
UK,Desktop,Master,Gold,F,0,0,34,71.7,3.4,7,4,18.8,775.53,1
UK,Desktop,High School,Gold,M,0,0,35,12.2,3.6,9,3,10.6,385.79,1
USA,Mobile,Bachelor,Silver,M,0,1,51,8.6,3.1,7,4,9.4,215.24,0
UK,Mobile,Master,Silver,M,0,0,40,5.1,2.8,7,4,8.5,885.33,0
USA,Desktop,Bachelor,Gold,M,1,1,49,9.1,3.8,4,7,28.7,785.81,1
UK,Desktop,PhD,Bronze,M,1,1,45,5.0,4.2,6,5,19.5,821.27,0
USA,Mobile,High School,Bronze,M,1,1,45,2.9,2.6,6,0,17.8,636.57,0
Australia,Desktop,High School,Platinum,F,1,0,34,58.6,4.5,5,5,9.6,468.52,1
France,Desktop,Master,Gold,M,1,0,50,12.7,3.2,6,3,10.6,4967.82,1
Japan,Mobile,Master,Gold,M,0,0,34,96.9,3.2,3,4,8.4,1017.62,1
Brazil,Mobile,PhD,Bronze,M,1,0,18,6.2,3.6,11,1,4.7,2547.85,0
Germany,Mobile,Master,Bronze,F,1,0,35,8.6,4.1,5,1,27.6,463.0,1
USA,Mobile,PhD,Bronze,F,1,0,43,6.6,2.7,4,3,17.5,12322.82,1
France,Mobile,Master,Bronze,F,1,0,19,7.3,3.8,9,1,22.0,2053.58,0
France,Desktop,Master,Gold,M,0,0,27,24.5,4.7,4,5,14.3,5148.14,0
Brazil,Desktop,Bachelor,Bronze,M,1,0,23,19.2,3.8,5,4,1.7,2900.05,0
Germany,Desktop,Bachelor,Gold,F,1,0,47,24.5,3.0,7,5,14.1,1785.4,0
USA,Desktop,PhD,Bronze,F,1,0,58,35.7,3.7,6,4,1.3,1496.43,1
UK,Mobile,Bachelor,Bronze,M,1,0,35,29.5,4.0,10,2,28.4,770.04,1
UK,Tablet,Bachelor,Platinum,F,1,0,44,5.4,3.8,3,1,10.3,1603.24,0
Japan,Tablet,Bachelor,Bronze,M,0,1,44,8.0,4.3,7,4,4.6,478.33,0
France,Mobile,Bachelor,Bronze,M,0,0,57,13.4,4.4,5,4,6.8,1546.89,1
UK,Desktop,Bachelor,Bronze,F,0,1,30,120.0,4.8,3,5,27.3,386.36,1
Spain,Desktop,High School,Bronze,F,0,0,35,22.6,4.4,2,3,6.2,1287.05,1
France,Mobile,Master,Silver,M,1,1,132,561.6850954020949,2.6,5,1,4.0,646.65,0
USA,Mobile,Bachelor,Bronze,M,0,1,39,20.9,4.0,3,2,18.5,2652.95,1
USA,Mobile,Bachelor,Silver,F,1,1,68,7.5,3.9,5,3,2.8,341.64,1
USA,Mobile,High School,Gold,F,1,1,38,15.0,3.6,6,2,14.2,297.72,1
USA,Mobile,High School,Silver,F,0,0,28,26.1,4.5,5,4,20.4,1309.39,1
USA,Mobile,High School,Bronze,M,1,0,24,11.9,3.7,7,2,4.2,320.9,0
USA,Desktop,Master,Silver,F,1,0,53,6.7,4.0,9,1,23.4,1259.91,0
UK,Mobile,High School,Bronze,M,1,0,28,11.4,4.8,6,4,12.9,2060.98,0
USA,Tablet,PhD,Silver,M,1,0,46,9.4,2.6,4,1,21.3,1210.28,0
Australia,Desktop,High School,Silver,M,0,0,30,4.1,2.8,5,3,7.6,401.58,0
USA,Mobile,High School,Bronze,F,1,0,23,7.7,3.7,13,5,13.1,491.35,0
France,Desktop,High School,Gold,M,1,0,45,4.0,3.3,6,2,14.3,2199.63,0
Germany,Tablet,High School,Platinum,F,1,0,30,4.5,3.5,3,4,8.9,1528.07,0
Spain,Desktop,Master,Gold,M,1,1,43,4.9,4.8,8,0,23.7,838.7,0
USA,Mobile,Master,Bronze,M,0,1,44,26.1,2.7,7,0,5.3,2040.28,1
UK,Desktop,Bachelor,Silver,M,0,0,45,40.1,3.6,8,1,19.9,327.97,0
Canada,Mobile,High School,Platinum,M,1,0,35,3.6,3.8,5,4,28.0,2748.83,1
India,Desktop,High School,Bronze,M,1,0,46,43.1,4.7,8,2,25.1,1985.19,1
India,Desktop,Bachelor,Gold,M,1,1,27,4.9,4.8,5,3,22.9,466.14,1
UK,Mobile,PhD,Bronze,M,0,0,18,22.1,4.3,7,2,4.3,1237.48,1
USA,Tablet,High School,Bronze,M,0,1,113,15.0,2.9,5,6,22.8,610.23,1
Japan,Desktop,Master,Gold,F,0,0,40,403.0259266282972,3.0,10,0,11.2,3327.29,1
Australia,Desktop,Bachelor,Gold,M,0,0,31,4.8,4.2,6,5,3.1,5685.25,0
France,Mobile,High School,Gold,F,1,1,20,2.9,4.4,7,2,20.9,258.33,1
France,Mobile,Bachelor,Platinum,F,1,1,18,6.4,4.0,3,2,2.0,1452.68,0
UK,Tablet,High School,Bronze,M,0,1,39,17.1,3.4,3,2,11.4,741.58,0
Brazil,Desktop,Master,Bronze,F,0,0,58,58.3,4.7,4,1,25.8,494.89,0
USA,Mobile,High School,Platinum,F,1,1,36,5.3,2.9,7,4,20.6,514.5,1
UK,Desktop,Master,Bronze,M,1,0,34,11.3,4.1,9,4,15.5,814.46,0
Germany,Desktop,High School,Silver,F,1,0,38,6.7,4.0,6,4,26.5,540.89,1
Germany,Mobile,PhD,Silver,F,1,0,64,12.0,3.9,5,2,22.5,2997.42,1
USA,Mobile,High School,Bronze,F,1,0,47,2.6,2.9,7,1,14.1,1880.27,1
USA,Mobile,Master,Bronze,F,0,1,27,40.4,3.4,8,0,22.4,805.86,0
France,Desktop,Master,Silver,M,0,0,38,12.4,3.3,6,1,26.5,1240.26,0
UK,Desktop,PhD,Gold,M,1,1,42,25.4,4.4,10,1,4.3,910.93,1
France,Desktop,Bachelor,Gold,F,1,0,25,10.1,4.9,5,1,6.0,816.17,0
USA,Tablet,Master,Silver,F,1,0,47,14.2,3.9,3,2,21.8,645.45,0
Germany,Desktop,Bachelor,Silver,F,1,1,28,30.1,4.4,3,2,5.1,285.19,0
France,Desktop,High School,Bronze,F,1,1,20,13.5,4.1,5,4,5.0,1539.08,0
USA,Desktop,Bachelor,Bronze,M,0,1,39,13.9,4.2,6,5,19.7,268.16,1
UK,Mobile,High School,Silver,M,1,1,37,6.5,4.6,7,0,16.1,1069.27,0
USA,Desktop,PhD,Bronze,F,1,0,38,7.9,3.7,9,3,22.7,662.08,0
USA,Tablet,High School,Bronze,F,1,1,29,5.4,3.4,6,5,9.6,3593.43,0
Spain,Desktop,Bachelor,Silver,F,1,1,30,6.8,3.7,5,2,18.3,1814.12,0
UK,Tablet,Bachelor,Silver,F,1,0,52,33.1,2.8,6,0,26.9,638.72,0
India,Desktop,Bachelor,Bronze,M,0,0,43,51.8,3.3,6,4,27.1,1107.43,0
UK,Mobile,Master,Silver,F,1,0,27,4.5,4.2,5,4,19.6,265.99,0
Japan,Tablet,High School,Silver,F,0,0,18,16.7,4.5,6,4,0.7,627.73,0
Brazil,Desktop,Bachelor,Bronze,F,1,1,27,9.4,3.3,6,2,15.9,502.36,1
France,Tablet,High School,Platinum,M,0,0,40,37.2,4.0,4,1,2.0,3188.15,1
Germany,Mobile,PhD,Bronze,M,0,1,30,13.6,3.7,6,2,29.7,484.26,0
Germany,Tablet,Master,Gold,F,0,0,29,12.1,3.5,3,3,29.9,898.7,0
UK,Mobile,PhD,Bronze,M,1,0,31,6.7,3.3,3,3,3.5,2283.03,0
Australia,Desktop,High School,Gold,F,1,1,37,3.6,4.4,9,5,13.7,739.01,1
India,Desktop,High School,Bronze,M,0,0,47,22.4,3.5,5,3,25.8,1080.05,0
Canada,Desktop,High School,Gold,M,1,0,38,16.2,3.3,2,3,3.5,2506.23,0
USA,Desktop,High School,Bronze,F,0,1,39,16.5,4.4,7,2,16.6,754.79,0
Brazil,Desktop,High School,Gold,M,1,1,35,7.5,4.0,3,1,6.0,647.28,0
Australia,Desktop,Master,Silver,F,0,0,32,10.8,4.1,5,4,14.6,2140.58,0
USA,Desktop,High School,Bronze,M,0,0,49,22.9,3.0,6,1,6.1,979.01,1
USA,Mobile,Bachelor,Gold,F,0,0,47,26.7,2.5,11,1,15.9,962.56,0
Brazil,Desktop,Master,Bronze,M,1,1,63,4.7,4.9,6,1,12.3,1191.0,1
France,Desktop,Master,Platinum,M,1,1,45,7.3,4.6,7,2,11.8,1123.93,1
India,Mobile,Bachelor,Bronze,F,0,0,32,4.0,3.9,6,1,4.8,109.31,0
USA,Desktop,Bachelor,Silver,F,0,1,27,14.3,4.0,11,4,19.8,506.52,0
Brazil,Desktop,Bachelor,Gold,M,0,0,49,24.7,3.3,5,2,2.1,1488.43,1
USA,Desktop,High School,Bronze,F,0,0,28,9.7,2.2,9,2,28.0,217.67,0
USA,Tablet,Bachelor,Bronze,F,1,0,48,7.2,2.3,6,4,1.8,862.23,0
USA,Mobile,Bachelor,Gold,F,1,0,29,9.3,4.4,12,5,12.3,3763.06,1
India,Desktop,Master,Gold,F,1,0,42,77.1,3.7,2,3,8.6,1518.77,0
Japan,Mobile,Master,Platinum,M,0,1,25,31.6,3.5,5,2,16.6,586.56,1
France,Mobile,Bachelor,Bronze,M,1,0,47,21.9,3.2,3,7,0.7,1172.52,1
UK,Mobile,Bachelor,Silver,M,0,1,23,15.7,4.4,6,1,13.2,161.54,1
India,Mobile,High School,Bronze,F,0,1,41,12.1,3.7,4,3,22.6,854.9,0
UK,Mobile,Master,Bronze,M,1,1,36,5.9,4.6,5,3,24.2,4977.97,1
India,Desktop,Bachelor,Gold,M,0,0,39,5.2,3.3,9,2,28.0,1773.05,1
Germany,Desktop,High School,Bronze,M,1,0,33,7.7,3.9,7,4,3.3,868.41,0
UK,Mobile,High School,Silver,M,1,1,33,5.7,3.6,13,1,16.6,1158.97,0
Germany,Tablet,High School,Silver,F,0,0,40,7.5,4.0,11,2,12.0,3131.98,0
UK,Mobile,Master,Gold,F,1,1,26,11.2,4.4,3,1,19.4,481.61,1
Brazil,Mobile,High School,Platinum,F,0,0,26,11.9,3.9,7,5,25.0,1055.94,0
Germany,Tablet,Bachelor,Silver,F,0,0,34,7.4,3.8,6,1,18.0,1876.16,0
USA,Desktop,Bachelor,Silver,F,1,1,33,18.1,3.5,10,3,6.9,150.6,0
Australia,Mobile,Bachelor,Gold,F,1,1,26,10.5,3.8,5,2,9.6,2066.02,1
UK,Mobile,Master,Silver,M,0,0,49,14.5,4.5,3,3,26.8,898.63,1
France,Tablet,Master,Bronze,M,1,0,34,6.7,4.8,5,2,20.1,984.45,1
Australia,Tablet,Bachelor,Bronze,M,1,1,35,21.2,3.0,7,2,17.9,853.21,1
Japan,Mobile,High School,Bronze,M,0,0,22,7.9,3.5,5,186,4.2,4030.42,1
USA,Desktop,Bachelor,Silver,F,1,0,63,44.1,4.4,3,5,10.2,908.77,1
Australia,Mobile,Bachelor,Gold,F,1,0,67,10.2,4.0,7,2,9.7,2975.96,1
Japan,Desktop,Bachelor,Bronze,M,1,0,29,11.3,3.9,5,4,0.8,585.27,1
UK,Mobile,Master,Bronze,F,0,0,53,19.6,3.5,3,3,27.9,300.68,1
USA,Tablet,High School,Platinum,F,1,0,37,23.3,3.8,7,2,9.9,2949.22,1
Brazil,Desktop,Bachelor,Gold,M,0,1,57,25.4,3.0,7,0,3.1,1231.55,0
Japan,Mobile,High School,Silver,F,1,1,42,50.4,4.4,4,4,14.8,573.96,0
France,Desktop,Master,Bronze,F,1,1,39,20.7,4.8,5,2,13.5,313.74,1
Australia,Desktop,Bachelor,Bronze,F,1,0,18,11.5,3.6,8,0,25.5,6313.89,0
Brazil,Desktop,Master,Bronze,F,0,0,27,8.0,4.4,5,3,24.0,855.99,0
USA,Mobile,High School,Bronze,M,1,1,38,10.9,4.6,5,3,23.4,1431.5,0
UK,Tablet,Bachelor,Bronze,M,1,0,40,39.9,3.9,4,4,28.0,536.73,1
USA,Tablet,Master,Silver,M,1,1,23,4.0,4.4,4,4,11.2,1273.97,0
Brazil,Desktop,High School,Bronze,F,1,0,29,6.3,4.1,4,3,17.7,3584.51,0
USA,Tablet,Master,Bronze,M,1,1,45,10.2,2.3,2,6,20.1,864.47,0
France,Mobile,Bachelor,Bronze,M,0,1,21,6.3,3.1,5,7,14.2,797.07,0
Brazil,Desktop,Bachelor,Silver,F,0,0,40,8.8,3.9,4,5,7.3,4506.13,0
India,Desktop,Bachelor,Silver,F,1,0,53,51.7,2.0,9,2,27.0,197.71,0
UK,Desktop,Bachelor,Silver,F,1,0,43,9.6,4.4,7,1,27.0,488.79,0
India,Tablet,Bachelor,Bronze,M,0,0,42,16.9,4.4,5,2,23.0,838.99,0
USA,Mobile,Bachelor,Bronze,M,0,0,18,3.2,3.8,7,3,10.4,633.88,0
India,Mobile,Master,Bronze,M,1,1,28,5.0,4.6,7,2,0.1,1497.82,1
USA,Desktop,Bachelor,Bronze,F,0,0,63,25.7,3.2,8,2,14.7,939.76,1
UK,Mobile,High School,Gold,M,1,0,31,46.3,3.9,4,5,15.7,740.86,0
Brazil,Desktop,High School,Platinum,F,1,0,53,14.5,4.6,3,2,14.6,2724.52,1
USA,Desktop,High School,Silver,F,0,0,31,9.5,3.8,7,1,2.9,559.13,1
USA,Mobile,Bachelor,Platinum,M,1,0,35,18.1,4.9,3,8,23.6,2208.48,0
Brazil,Desktop,Master,Silver,M,1,1,44,1.5,4.7,6,1,16.0,720.22,0
Brazil,Mobile,Master,Bronze,F,1,1,39,14.6,3.6,1,3,6.7,1159.02,0
Japan,Desktop,High School,Platinum,F,1,0,43,5.3,4.1,7,4,28.7,4633.99,1
Japan,Mobile,PhD,Bronze,F,1,0,28,23.0,3.5,7,1,9.1,768.89,0
France,Desktop,Bachelor,Silver,M,0,1,24,2.1,4.2,5,5,11.5,2449.19,0
UK,Mobile,PhD,Bronze,M,0,0,27,7.4,3.5,7,2,12.0,452.26,1
UK,Desktop,Master,Bronze,F,1,0,32,11.8,3.0,4,0,12.0,658.28,1
USA,Desktop,Master,Silver,F,0,1,35,6.6,3.1,8,2,19.3,902.4,1
Australia,Tablet,High School,Silver,M,1,0,50,9.0,4.1,6,2,8.5,898.59,1
France,Desktop,High School,Bronze,F,0,0,39,25.1,4.4,10,3,27.1,2084.37,0
Germany,Mobile,High School,Bronze,F,1,1,44,11.9,4.7,3,2,17.2,1652.25,0
Germany,Tablet,Master,Bronze,M,1,0,40,5.8,4.2,5,2,26.4,4096.36,1
Canada,Desktop,Bachelor,Platinum,F,0,1,25,25.9,4.0,6,2,27.5,1800.57,1
USA,Desktop,Master,Gold,M,1,0,38,14.9,3.6,5,1,23.1,7407.36,0
France,Mobile,Bachelor,Silver,F,1,1,40,15.4,4.8,5,4,7.3,2824.61,1
Germany,Tablet,Master,Bronze,F,1,0,47,6.0,3.6,3,1,9.9,1188.84,0
France,Tablet,High School,Gold,M,1,0,25,1.6,4.2,5,2,6.9,3716.94,0
USA,Mobile,High School,Bronze,F,0,1,18,5.9,4.7,10,3,13.7,1176.47,1
India,Mobile,Bachelor,Bronze,F,0,1,40,5.4,4.0,5,1,15.3,1354.03,1
Australia,Desktop,Bachelor,Bronze,F,1,0,42,7.5,3.8,4,3,10.2,916.91,0
France,Tablet,Bachelor,Gold,M,0,1,36,6.2,3.6,7,4,26.2,940.68,1
Japan,Tablet,Master,Bronze,F,0,0,38,13.3,4.1,7,0,11.9,592.73,1
Australia,Desktop,High School,Bronze,F,1,1,49,24.6,2.7,5,0,21.1,598.43,0
Japan,Desktop,Bachelor,Silver,F,1,1,32,28.8,4.4,9,5,25.0,490.05,1
USA,Desktop,Master,Bronze,F,1,0,35,23.8,3.3,8,3,4.8,1075.65,0
France,Desktop,High School,Silver,M,1,0,39,5.9,4.0,1,5,21.4,404.09,0
France,Mobile,PhD,Silver,M,1,0,23,12.8,2.8,6,4,4.8,1234.52,1
Germany,Desktop,PhD,Silver,F,1,1,36,42.6,4.4,7,3,22.9,1025.34,0
Brazil,Desktop,High School,Bronze,M,1,0,37,3.4,3.8,2,1,17.0,310.95,1
Australia,Desktop,High School,Bronze,F,1,1,58,35.8,4.0,9,4,15.4,2102.82,1
Australia,Tablet,Bachelor,Gold,F,0,0,34,5.5,3.7,4,4,15.9,1305.17,1
Germany,Mobile,Master,Gold,M,1,1,40,15.4,3.8,8,2,12.0,1028.84,1
USA,Desktop,Bachelor,Bronze,F,1,1,49,16.9,4.2,8,3,1.5,496.61,1
Spain,Desktop,Bachelor,Bronze,M,1,1,28,14.2,3.9,8,1,16.6,930.48,0
India,Tablet,Master,Bronze,F,1,1,55,72.4,2.4,5,3,0.7,1665.26,1
USA,Mobile,High School,Silver,M,0,0,59,9.6,4.7,3,4,27.4,1039.59,1
Australia,Desktop,Master,Gold,M,0,0,38,3.3,4.1,5,3,7.5,1475.0,0
India,Desktop,Master,Bronze,M,1,1,32,16.2,4.2,7,2,19.5,3623.07,1
Germany,Desktop,Bachelor,Silver,F,1,0,58,10.6,3.3,9,1,16.8,289.3,1
France,Desktop,Master,Gold,M,1,1,48,19.0,2.1,8,0,18.5,128.29,1
UK,Mobile,Master,Platinum,M,0,1,39,24.7,3.0,1,4,9.7,710.98,0
USA,Tablet,High School,Bronze,M,1,1,55,11.9,4.2,6,2,13.5,175.95,1
UK,Mobile,Bachelor,Bronze,M,1,0,54,17.3,4.7,5,6,22.5,606.91,1
India,Mobile,Bachelor,Bronze,F,0,0,34,13.7,4.5,7,2,11.7,595.71,0
USA,Desktop,High School,Gold,M,1,1,41,51.1,2.8,8,0,8.5,13233.77,0
UK,Mobile,PhD,Gold,F,1,0,45,9.1,4.7,3,7,0.9,1330.72,1
UK,Mobile,High School,Silver,F,0,1,38,7.0,4.7,10,1,14.3,125.17,1
France,Desktop,Master,Bronze,F,1,0,21,24.6,4.7,8,0,20.8,433.56,1
Australia,Desktop,Bachelor,Bronze,M,1,0,27,5.8,4.0,9,4,8.7,2408.48,1
UK,Mobile,High School,Bronze,F,0,0,22,16.7,3.6,8,5,26.0,2047.99,1
UK,Desktop,PhD,Silver,M,1,1,44,10.6,4.6,5,2,3.5,1302.08,0
Brazil,Desktop,Master,Bronze,F,0,0,24,11.2,3.8,6,1,11.2,854.25,1
Germany,Mobile,Bachelor,Bronze,F,0,0,40,85.6,3.6,4,3,22.2,2080.86,1
USA,Tablet,High School,Gold,F,1,1,60,32.7,4.3,7,2,29.1,5019.15,0
Germany,Mobile,High School,Bronze,F,1,1,55,27.6,4.4,7,2,11.3,136.09,0
USA,Mobile,Bachelor,Silver,F,1,1,18,18.6,3.2,9,3,22.2,508.84,0
USA,Desktop,High School,Bronze,F,0,0,23,7.0,2.7,5,0,20.8,488.67,0
Germany,Mobile,Bachelor,Gold,M,1,1,29,15.0,4.4,2,4,28.1,808.02,1
Germany,Mobile,PhD,Silver,M,0,0,24,19.4,3.9,6,1,15.0,2413.76,1
Australia,Tablet,Bachelor,Platinum,M,1,1,18,14.3,4.2,4,0,17.7,360.65,0
UK,Desktop,Master,Silver,M,1,1,38,13.1,3.2,5,3,4.9,266.76,0
France,Mobile,Master,Platinum,F,1,0,46,8.9,4.5,7,6,8.0,599.78,0
Japan,Mobile,Bachelor,Gold,F,0,0,49,15.2,3.9,6,1,19.0,907.61,1
USA,Desktop,Master,Silver,M,1,1,32,8.0,4.6,2,2,16.8,1885.38,1
Japan,Desktop,Bachelor,Platinum,F,1,0,35,21.4,3.8,6,2,13.4,1307.32,0
USA,Desktop,Master,Bronze,M,1,1,42,2.4,3.5,8,4,21.0,3362.74,1
Canada,Desktop,High School,Bronze,F,0,0,37,36.1,4.4,5,2,7.3,9566.94,0
USA,Tablet,High School,Bronze,F,1,1,48,4.3,4.7,2,4,21.0,1193.99,0
Germany,Desktop,Master,Silver,F,1,0,43,5.2,4.0,5,0,5.6,2865.42,1
USA,Desktop,Bachelor,Gold,F,1,0,33,16.9,4.0,8,2,14.8,1859.75,0
Spain,Mobile,Master,Gold,M,0,0,18,18.8,3.8,6,1,3.4,1061.61,1
Germany,Desktop,PhD,Bronze,F,1,0,56,64.2,4.9,8,3,15.5,885.43,1
France,Mobile,High School,Silver,M,0,0,30,15.4,3.9,6,3,24.6,1637.89,0
USA,Desktop,Bachelor,Bronze,M,0,0,42,11.8,4.5,4,2,14.5,887.4,0
Brazil,Tablet,Bachelor,Silver,F,1,0,18,14.2,3.7,5,2,9.8,927.48,0
USA,Tablet,Bachelor,Bronze,M,1,1,38,43.5,3.5,9,0,4.1,584.13,1
Australia,Tablet,Master,Platinum,F,1,0,39,84.7,2.4,5,0,10.8,7046.58,1
USA,Desktop,High School,Bronze,F,1,1,40,10.5,4.9,13,5,25.7,1163.44,0
USA,Mobile,Bachelor,Bronze,M,1,0,74,18.8,4.3,6,2,11.7,804.8,1
USA,Desktop,Master,Gold,F,1,0,30,11.5,3.8,4,3,5.5,2956.08,0
Germany,Desktop,High School,Silver,M,1,0,48,11.3,3.6,8,3,26.7,2286.86,1
France,Desktop,Master,Bronze,F,1,1,44,54.8,4.3,7,1,27.8,757.58,0
USA,Mobile,Bachelor,Silver,F,1,0,30,5.8,3.7,4,3,28.6,334.71,0
Brazil,Mobile,PhD,Bronze,M,1,0,48,1.9,4.3,9,2,15.6,737.13,1
Germany,Mobile,Bachelor,Platinum,M,0,0,36,15.7,4.5,11,1,16.9,354.81,1
France,Desktop,High School,Silver,M,1,0,49,31.8,4.4,5,1,9.1,3054.74,1
Germany,Desktop,Bachelor,Bronze,F,0,0,62,14.5,3.9,10,4,10.1,130.73,1
Germany,Mobile,High School,Silver,M,0,0,40,18.2,4.1,3,3,15.5,993.91,1
France,Desktop,PhD,Bronze,M,0,0,35,22.2,3.8,6,0,4.9,801.02,0
USA,Mobile,High School,Gold,F,0,1,51,13.3,2.8,4,1,28.9,874.36,1
USA,Desktop,Master,Platinum,F,1,0,55,19.0,2.3,7,3,20.6,2968.85,1
India,Mobile,Bachelor,Gold,F,1,0,27,18.8,3.9,8,2,1.4,1555.99,0
Canada,Mobile,Bachelor,Bronze,F,1,0,33,2.5,4.7,2,2,7.7,214.67,0
UK,Desktop,High School,Bronze,F,0,0,46,13.3,2.3,1,5,9.0,3116.08,1
UK,Desktop,Bachelor,Bronze,F,1,0,36,3.5,4.7,8,1,0.3,387.16,0
Japan,Mobile,Bachelor,Silver,M,1,1,27,11.8,2.8,4,3,29.5,297.27,0
Germany,Mobile,High School,Silver,F,1,1,44,8.2,2.1,2,1,8.4,1236.03,0
USA,Desktop,PhD,Silver,M,1,0,46,27.9,4.6,5,2,1.5,155.76,1
USA,Desktop,Bachelor,Platinum,M,0,0,34,14.8,2.7,4,2,26.3,3444.57,0
Japan,Tablet,Bachelor,Bronze,F,1,0,39,17.8,3.5,7,0,3.3,193.87,0
Japan,Mobile,Bachelor,Bronze,M,0,0,31,10.5,4.7,4,4,13.7,699.39,0
USA,Desktop,High School,Bronze,F,1,1,25,28.3,4.0,8,4,10.9,616.23,0
USA,Mobile,PhD,Bronze,M,1,1,32,3.4,4.0,3,2,2.3,2535.06,0
USA,Desktop,Bachelor,Bronze,M,1,0,39,6.0,2.0,7,4,1.0,1979.41,1
Japan,Mobile,High School,Silver,F,1,1,20,34.1,3.2,5,2,8.1,386.93,0
USA,Desktop,Bachelor,Bronze,F,1,0,33,8.6,4.5,6,6,10.8,3044.15,0
USA,Tablet,Bachelor,Bronze,F,0,0,39,2.2,3.6,9,4,22.4,278.99,0
Brazil,Mobile,Bachelor,Gold,F,1,0,52,38.9,4.7,7,2,21.7,979.63,0
USA,Mobile,Master,Bronze,M,1,0,34,28.8,4.3,6,0,13.9,1193.62,1
Japan,Mobile,High School,Silver,F,0,1,23,21.5,3.8,6,1,6.3,1864.19,1
USA,Tablet,High School,Bronze,M,0,1,35,13.1,4.8,6,0,25.3,2464.97,1
USA,Mobile,Master,Silver,F,0,1,31,46.0,4.3,5,2,19.5,1061.61,1
USA,Mobile,High School,Platinum,M,1,0,45,33.3,3.8,3,6,10.5,315.6,0
Brazil,Mobile,Master,Bronze,F,1,1,34,42.0,3.3,5,1,26.1,639.38,1
India,Mobile,High School,Silver,F,0,1,18,21.3,4.8,5,2,24.5,322.88,0
India,Mobile,Master,Gold,M,1,0,75,13.4,3.6,7,2,0.0,1250.03,0
UK,Desktop,Bachelor,Silver,F,1,0,40,8.9,3.4,6,2,26.1,782.26,1
Japan,Mobile,Bachelor,Bronze,M,0,1,39,4.4,3.4,6,2,15.9,3531.86,0
USA,Desktop,High School,Bronze,M,1,1,20,18.2,4.5,9,2,27.7,2349.64,1
UK,Tablet,High School,Silver,F,1,1,20,19.5,4.1,5,2,23.1,5384.5,0
Australia,Desktop,High School,Gold,M,1,0,37,9.2,4.4,7,1,4.4,2154.91,1
USA,Tablet,High School,Bronze,M,0,0,42,19.9,4.3,6,1,10.2,1060.84,1
USA,Mobile,Bachelor,Bronze,F,0,1,46,9.3,4.3,5,4,9.4,1045.68,1
USA,Mobile,Bachelor,Bronze,F,0,1,41,24.4,4.3,7,2,21.1,565.0,0
USA,Mobile,Bachelor,Bronze,M,0,0,24,6.0,4.0,2,2,16.2,539.69,1
USA,Desktop,Master,Bronze,F,1,0,18,5.2,2.7,8,1,8.1,749.94,0
France,Desktop,Master,Bronze,F,0,1,37,10.0,3.7,7,3,22.8,4259.26,1
Germany,Desktop,Bachelor,Bronze,F,1,1,32,23.6,3.5,6,3,19.6,474.48,1
Australia,Mobile,Bachelor,Bronze,F,0,1,23,4.8,3.4,5,1,23.8,1681.21,0
India,Desktop,Bachelor,Platinum,F,1,0,48,28.2,4.4,4,1,22.4,392.16,1
UK,Mobile,Bachelor,Bronze,F,1,1,19,3.3,3.7,5,6,18.4,795.51,1
UK,Desktop,Master,Bronze,M,1,0,45,10.0,4.3,10,2,5.0,972.23,1
UK,Desktop,High School,Bronze,M,0,1,21,3.9,3.4,1,2,5.8,1157.51,0
France,Desktop,High School,Platinum,F,1,0,40,1.5,3.3,8,3,23.6,1978.74,1
UK,Tablet,Master,Gold,F,0,1,49,16.3,4.0,14,4,25.7,754.09,0
Japan,Mobile,High School,Gold,F,0,1,34,10.6,3.3,9,6,15.1,2181.08,1
Germany,Desktop,Master,Bronze,M,1,1,58,4.0,3.2,5,3,29.6,471.0,1
France,Mobile,Master,Gold,F,1,0,61,8.1,4.2,11,2,8.9,678.97,1
Germany,Desktop,High School,Silver,F,1,0,41,17.3,2.7,10,3,22.0,634.82,0
UK,Tablet,High School,Bronze,F,1,1,44,9.1,4.3,4,2,20.1,724.42,1
Canada,Mobile,Bachelor,Silver,F,1,0,51,10.4,3.3,11,1,22.4,625.84,0
Brazil,Desktop,Bachelor,Gold,F,1,0,45,8.9,3.1,7,3,12.5,387.81,1
USA,Mobile,High School,Gold,M,1,1,43,7.6,4.0,6,4,7.3,1991.62,0
India,Desktop,Master,Gold,F,1,0,32,7.6,4.0,4,1,12.1,499.65,0
Germany,Tablet,Bachelor,Platinum,F,1,1,18,7.4,4.3,12,1,5.7,2613.53,1
Australia,Desktop,Bachelor,Bronze,M,0,0,21,6.7,4.3,6,1,3.4,1888.74,1
Brazil,Mobile,High School,Silver,M,0,1,67,5.4,3.0,6,0,20.5,252.0,1
Germany,Desktop,Master,Bronze,F,1,1,42,9.0,4.6,10,2,29.6,1678.04,1
USA,Mobile,High School,Gold,F,0,1,35,7.3,3.1,4,1,20.0,1061.17,0
UK,Mobile,Master,Bronze,M,1,1,53,5.2,2.7,1,0,4.0,405.82,1
France,Mobile,Bachelor,Gold,M,1,0,29,22.5,2.4,7,1,15.6,868.73,0
Japan,Mobile,Bachelor,Bronze,M,1,1,45,32.7,4.7,5,4,18.1,1667.36,0
UK,Tablet,Master,Bronze,M,1,1,39,12.2,4.6,4,1,22.1,3102.37,1
USA,Desktop,Master,Bronze,F,0,0,44,12.8,4.2,6,1,23.3,429.07,0
India,Desktop,Bachelor,Bronze,F,1,0,34,7.0,3.3,8,3,5.9,2058.53,1
Spain,Desktop,High School,Gold,F,0,1,26,28.6,3.6,4,2,9.8,818.71,1
France,Tablet,Master,Bronze,F,1,0,28,48.9,4.6,4,4,16.3,192.53,0
USA,Desktop,Bachelor,Silver,M,1,0,29,10.7,4.5,9,0,0.1,10251.81,0
UK,Mobile,High School,Bronze,M,1,0,38,8.0,2.5,4,2,6.0,6213.19,0
USA,Mobile,PhD,Bronze,M,0,0,19,16.0,4.9,7,3,28.7,672.84,0
Australia,Desktop,High School,Bronze,M,1,1,23,13.5,3.7,8,4,10.7,1231.36,0
USA,Desktop,High School,Bronze,M,1,0,40,8.2,4.9,4,0,22.4,4117.51,0
France,Desktop,High School,Gold,F,0,0,36,17.8,4.4,8,2,14.2,536.2,1
UK,Desktop,Bachelor,Silver,F,1,1,40,25.8,3.9,7,2,30.0,2224.14,0
France,Desktop,Master,Bronze,F,1,0,37,6.5,2.2,3,2,27.0,3251.2,0
Japan,Desktop,Bachelor,Silver,F,1,1,68,93.1,4.0,6,4,8.6,5008.14,1
India,Tablet,Bachelor,Bronze,F,1,1,40,3.6,3.3,2,5,24.1,995.39,0
USA,Tablet,Bachelor,Bronze,F,1,1,33,6.2,4.0,9,6,16.6,144.09,0
USA,Desktop,Master,Silver,M,1,1,39,14.7,4.3,4,2,9.2,5687.88,0
USA,Desktop,High School,Bronze,F,1,0,50,73.5,3.8,8,4,15.5,704.24,1
Australia,Desktop,PhD,Silver,M,1,0,37,7.8,2.9,6,3,10.0,296.45,0
India,Mobile,High School,Silver,M,0,0,46,5.2,4.3,9,1,5.4,411.44,0
France,Mobile,PhD,Gold,M,1,0,43,18.9,4.5,10,4,14.0,85.73,1
France,Desktop,High School,Platinum,F,1,0,35,10.0,3.5,7,2,12.7,1391.1,0
Japan,Desktop,Master,Bronze,F,1,0,39,20.7,3.7,5,2,9.4,697.23,0
USA,Mobile,High School,Bronze,F,0,0,57,11.5,3.1,4,0,18.6,773.14,0
Australia,Mobile,High School,Bronze,F,0,0,41,6.1,3.9,4,3,3.8,1253.9,0
Germany,Desktop,Master,Bronze,F,0,0,26,79.8,3.2,8,0,29.2,440.72,1
UK,Mobile,Master,Gold,F,0,0,34,1.1,4.6,5,2,6.4,1181.33,0
Germany,Desktop,Bachelor,Gold,F,0,0,18,52.3,3.2,4,2,18.4,703.02,0
USA,Desktop,Master,Silver,F,1,1,40,25.7,3.4,3,0,12.1,4993.73,1
USA,Mobile,Bachelor,Silver,M,1,1,54,6.7,4.3,4,3,0.3,551.8,1
Brazil,Mobile,Master,Bronze,M,1,1,22,54.5,3.5,6,1,6.4,83.1,1
USA,Desktop,Bachelor,Silver,F,1,1,40,4.1,3.6,5,2,16.5,7382.09,0
France,Tablet,Bachelor,Gold,M,1,1,50,27.3,4.0,6,2,10.5,4412.81,1
USA,Desktop,Bachelor,Silver,F,1,1,51,2.3,3.7,10,2,25.1,2359.1,1
UK,Mobile,Bachelor,Bronze,F,0,0,53,4.9,3.4,7,1,20.2,1912.39,1
UK,Mobile,Master,Silver,F,0,0,18,4.9,4.9,7,1,4.7,1450.13,1
UK,Tablet,High School,Bronze,M,1,1,44,6.7,3.6,8,1,28.1,379.43,0
Japan,Tablet,High School,Silver,F,0,0,20,12.3,4.8,4,3,7.2,1742.89,0
UK,Desktop,Bachelor,Silver,F,1,0,26,6.3,2.7,14,3,1.8,226.96,1
France,Tablet,Master,Bronze,F,1,0,48,2.4,3.5,3,9,14.6,519.92,1
Germany,Mobile,High School,Gold,F,1,0,40,17.7,4.6,9,1,13.1,312.7,1
Japan,Mobile,Bachelor,Gold,F,1,1,47,12.7,2.9,5,2,14.7,190.44,1
Australia,Desktop,PhD,Bronze,F,1,0,27,16.9,3.9,4,1,2.2,691.97,1
Brazil,Mobile,High School,Platinum,M,0,0,56,14.0,4.4,5,3,8.9,401.28,1
USA,Tablet,Master,Silver,F,0,0,46,26.1,4.2,6,2,27.7,2895.22,0
USA,Desktop,Master,Gold,M,1,1,49,11.5,4.0,3,9,23.9,1764.12,0
UK,Tablet,Bachelor,Gold,M,1,1,25,27.4,4.8,11,3,4.4,605.09,0
France,Desktop,PhD,Silver,M,1,0,52,6.5,3.2,7,3,8.6,669.0,0
USA,Desktop,Master,Gold,F,1,1,34,6.9,4.8,5,1,22.4,5479.2,0
Germany,Mobile,Bachelor,Bronze,M,1,0,31,36.6,4.6,8,3,25.7,332.15,0
France,Mobile,Bachelor,Bronze,M,1,1,46,36.0,4.4,3,4,4.2,245.68,0
UK,Mobile,Master,Silver,F,1,1,45,19.3,4.3,6,1,17.9,1721.64,1
Brazil,Desktop,Bachelor,Gold,F,1,1,28,6.0,3.2,6,0,13.2,1249.93,0
USA,Tablet,Master,Gold,M,0,0,63,5.6,4.5,5,1,14.6,1846.31,1
USA,Desktop,Bachelor,Silver,F,1,0,60,35.2,2.1,5,2,23.8,312.04,1
Brazil,Desktop,High School,Silver,F,1,0,45,33.7,4.4,6,4,17.8,686.73,0
Germany,Desktop,High School,Bronze,M,1,0,43,11.6,4.0,7,2,16.7,275.42,0
Japan,Mobile,High School,Platinum,F,0,0,42,79.3,3.4,4,3,11.4,3847.92,1
Germany,Tablet,High School,Bronze,F,0,0,19,17.6,3.7,4,3,9.7,380.21,0
USA,Mobile,Master,Gold,F,1,0,39,5.0,4.3,5,0,21.9,919.95,1
India,Mobile,Master,Silver,F,0,1,39,9.8,4.2,5,1,27.4,1768.79,1
Brazil,Desktop,Master,Silver,F,1,0,31,12.2,4.4,9,1,0.8,1978.12,1
Japan,Mobile,Bachelor,Bronze,M,1,1,34,13.1,4.1,7,2,14.3,296.3,0
UK,Mobile,Master,Platinum,F,1,1,18,33.1,3.7,5,2,17.0,5353.26,1
France,Mobile,Bachelor,Silver,M,1,1,25,5.7,4.0,8,5,8.5,972.64,1
UK,Desktop,Master,Platinum,M,0,1,49,4.2,4.8,3,2,2.6,1612.46,1
USA,Mobile,Bachelor,Bronze,M,1,1,59,19.7,4.0,3,4,5.1,386.14,0
Australia,Mobile,PhD,Silver,F,1,1,27,8.1,4.1,4,1,21.2,1624.04,0
USA,Mobile,Master,Gold,M,1,0,40,84.7,3.7,9,2,6.6,914.64,1
Canada,Mobile,High School,Gold,M,1,0,51,25.9,3.5,1,2,11.9,1325.42,0
Germany,Desktop,Bachelor,Platinum,M,1,1,32,8.0,3.5,6,1,0.5,356.61,1
USA,Mobile,Bachelor,Bronze,F,0,0,46,32.1,3.8,5,3,5.1,252.85,1
France,Desktop,High School,Bronze,F,0,0,38,21.9,4.0,7,3,24.5,277.95,1
India,Tablet,Bachelor,Silver,F,1,1,52,20.2,4.5,7,3,15.8,1580.94,1
Brazil,Mobile,Bachelor,Bronze,M,1,0,23,11.0,4.6,7,2,2.9,1325.58,0
India,Desktop,High School,Platinum,M,1,1,25,17.1,3.6,4,3,2.5,6902.56,0
Japan,Tablet,PhD,Bronze,F,1,0,41,2.3,4.7,5,2,27.6,3044.8,0
Japan,Mobile,Bachelor,Silver,F,0,1,39,34.9,4.4,4,2,11.1,565.08,1
India,Desktop,Master,Bronze,M,1,0,37,0.8,4.1,8,3,23.0,2240.49,0
USA,Mobile,Master,Silver,M,0,1,45,8.6,4.6,5,3,13.1,1338.28,1
Germany,Desktop,Bachelor,Bronze,M,0,0,27,3.4,4.4,4,0,3.7,151.67,0
USA,Mobile,Bachelor,Bronze,F,1,1,22,8.2,3.3,6,3,15.8,1163.64,0
Spain,Mobile,Master,Bronze,M,1,0,32,11.5,4.6,2,1,3.0,1064.2,0
Canada,Tablet,PhD,Bronze,F,0,0,33,4.7,4.7,7,2,25.9,988.07,1
USA,Mobile,High School,Platinum,M,1,0,35,1.3,4.9,7,3,1.5,1253.96,1
Japan,Mobile,Master,Bronze,M,1,0,53,14.4,2.8,9,2,21.0,1170.62,1
Australia,Mobile,PhD,Silver,M,0,1,47,64.7,4.6,3,3,29.3,550.67,1
USA,Desktop,Master,Platinum,F,1,0,44,9.2,3.8,5,2,26.6,3172.38,0
France,Mobile,PhD,Gold,F,1,0,41,26.2,3.2,11,3,27.2,281.26,0
Australia,Mobile,Bachelor,Platinum,M,1,0,33,40.6,4.2,6,2,7.7,954.23,1
USA,Desktop,PhD,Platinum,F,0,1,28,2.7,4.3,5,4,14.0,2859.88,1
Japan,Desktop,Master,Silver,M,1,0,24,8.5,3.1,8,0,6.9,2010.93,0
UK,Tablet,High School,Silver,F,1,0,30,4.4,3.6,6,4,20.7,1293.92,0
Australia,Tablet,PhD,Bronze,F,0,1,37,6.4,3.2,7,3,19.7,390.64,1
Canada,Desktop,Bachelor,Silver,M,0,1,24,47.5,4.1,7,1,8.9,1024.48,0
Canada,Desktop,Bachelor,Gold,F,0,1,40,14.6,3.3,3,2,12.3,2015.08,0
Germany,Desktop,Bachelor,Silver,F,0,1,36,22.9,3.2,8,5,11.4,886.89,0
India,Tablet,High School,Gold,M,0,0,33,11.8,4.1,3,1,20.9,682.52,0
India,Desktop,Bachelor,Gold,F,1,1,52,4.6,3.1,3,3,0.6,1224.56,0
UK,Mobile,Master,Bronze,M,1,1,18,21.0,4.2,8,0,27.8,621.02,1
India,Desktop,High School,Gold,F,1,1,33,33.2,4.2,8,2,4.2,2010.49,1
USA,Mobile,High School,Silver,M,1,0,18,15.7,2.8,10,2,9.5,713.69,0
France,Desktop,High School,Bronze,F,1,1,41,18.0,3.9,5,1,1.4,1428.96,0
USA,Mobile,Bachelor,Gold,M,1,0,47,4.5,4.4,3,4,13.2,656.11,0
USA,Desktop,Master,Silver,M,0,1,22,21.4,4.2,8,1,22.1,1029.28,0
USA,Mobile,Master,Gold,M,1,0,23,35.8,4.1,6,4,23.5,903.58,0
Japan,Desktop,PhD,Silver,M,1,0,18,16.8,4.6,11,1,10.9,940.69,0
UK,Mobile,Bachelor,Bronze,F,0,0,39,2.9,3.4,5,3,11.5,1110.9,1
Brazil,Tablet,High School,Gold,M,0,0,34,45.1,3.9,8,2,10.2,3317.47,1
USA,Desktop,PhD,Silver,F,0,1,35,5.7,4.0,3,1,6.6,1565.95,0
UK,Tablet,Master,Bronze,M,1,1,34,16.6,4.3,3,0,21.4,1820.91,0
France,Mobile,Bachelor,Bronze,F,0,1,26,26.1,3.7,5,0,26.8,563.58,1
Brazil,Desktop,Master,Gold,F,0,0,52,28.9,4.6,8,3,12.2,582.42,1
UK,Desktop,PhD,Bronze,F,0,1,41,2.9,4.8,9,0,21.6,239.76,1
Japan,Desktop,Master,Gold,F,1,1,24,13.4,3.7,2,1,14.7,2340.71,1
Australia,Mobile,Bachelor,Bronze,F,1,0,30,12.7,3.7,7,5,3.8,1586.61,1
France,Mobile,Master,Silver,F,1,1,28,38.5,4.6,6,1,15.4,483.56,1
USA,Desktop,High School,Platinum,M,1,0,55,17.6,2.5,3,2,8.0,657.96,1
USA,Mobile,Bachelor,Bronze,F,1,0,47,38.8,4.4,1,1,20.1,6277.99,0
India,Mobile,Bachelor,Silver,F,0,0,36,18.8,3.5,7,0,13.5,4232.6,0
USA,Tablet,High School,Gold,M,1,0,58,11.5,4.4,5,3,20.3,1296.86,0
India,Mobile,High School,Gold,F,0,0,55,14.2,3.9,7,2,14.4,519.43,1
France,Tablet,High School,Silver,M,1,0,35,41.2,3.6,7,0,22.8,555.58,1
Australia,Mobile,Master,Silver,F,1,1,33,4.3,4.0,8,2,29.9,1432.27,1
Brazil,Desktop,Master,Gold,M,0,0,34,25.1,4.4,14,4,25.8,1220.49,0
Spain,Mobile,PhD,Gold,F,0,0,27,541.1202251700672,0.4505563040626279,8,1,21.2,4149.9,0
UK,Mobile,Bachelor,Gold,F,0,1,59,6.2,4.6,6,2,7.4,1651.78,1
Brazil,Mobile,Bachelor,Bronze,F,0,0,26,27.6,4.5,8,1,17.1,8797.92,1
Germany,Mobile,PhD,Platinum,F,0,1,48,6.0,4.0,4,3,19.0,238.73,0
Germany,Mobile,High School,Silver,F,1,0,46,16.5,2.8,8,2,22.0,914.89,1
Japan,Mobile,Master,Bronze,M,1,0,34,8.2,4.1,9,6,5.8,3714.38,1
India,Desktop,Master,Bronze,M,1,0,60,1.8,2.2,9,2,15.5,466.18,1
Spain,Desktop,High School,Bronze,M,1,1,19,17.9,4.5,8,0,13.9,3179.23,1
Brazil,Mobile,Master,Bronze,M,1,0,37,13.5,4.9,4,2,7.9,4539.9,0
Germany,Mobile,Master,Bronze,M,1,0,32,2.6,2.4,5,1,16.2,1213.67,0
Germany,Desktop,High School,Bronze,F,1,1,50,7.0,3.5,6,3,27.3,3355.0,0
Brazil,Mobile,High School,Silver,F,1,1,42,2.9,3.4,7,2,23.1,2091.34,1
USA,Mobile,High School,Bronze,F,1,0,18,21.9,4.6,4,2,16.7,225.22,1
USA,Desktop,Bachelor,Bronze,M,0,1,53,37.0,4.1,5,1,21.9,1362.75,1
UK,Desktop,Bachelor,Bronze,M,1,0,44,24.0,3.6,8,4,23.7,1269.47,0
UK,Desktop,Bachelor,Bronze,F,1,0,26,26.9,3.3,9,2,21.7,132.66,0
UK,Tablet,High School,Bronze,M,1,0,34,8.1,3.9,6,1,25.8,875.09,0
USA,Desktop,PhD,Silver,M,1,0,22,18.9,4.7,5,6,23.3,960.73,0
USA,Desktop,Bachelor,Platinum,M,0,0,36,12.1,4.7,4,3,24.8,3290.87,1
USA,Mobile,High School,Gold,M,1,0,40,14.1,2.8,7,3,15.6,1077.8,1
Spain,Desktop,Bachelor,Gold,M,1,0,34,26.2,3.8,8,4,15.1,1831.71,0
Germany,Desktop,Bachelor,Bronze,M,1,0,33,31.2,4.1,3,2,10.7,315.35,1
UK,Desktop,Bachelor,Bronze,M,1,0,19,8.9,3.7,4,2,14.8,429.45,0
Japan,Mobile,High School,Bronze,F,0,1,42,4.0,2.7,7,1,20.9,1235.96,0
USA,Mobile,High School,Gold,M,1,1,18,10.5,3.0,12,4,9.3,1364.65,0
Canada,Desktop,Master,Bronze,M,1,0,38,10.2,2.8,5,0,6.7,740.24,1
Brazil,Desktop,PhD,Silver,F,1,1,18,15.3,3.6,8,5,26.4,1058.06,1
USA,Tablet,Bachelor,Bronze,F,0,0,39,23.7,3.9,6,2,0.8,2560.56,1
Germany,Desktop,Bachelor,Bronze,M,0,0,38,2.6,3.1,6,0,28.0,369.75,0
India,Desktop,Bachelor,Platinum,F,1,0,43,7.1,4.4,5,2,25.5,815.41,0
Canada,Desktop,Master,Gold,M,1,0,48,5.6,3.8,12,1,19.8,5940.07,1
Germany,Mobile,Bachelor,Gold,M,0,1,51,33.1,4.2,4,5,22.8,885.07,0
France,Mobile,PhD,Silver,F,0,1,19,10.3,3.8,7,2,18.0,982.26,0
USA,Desktop,Bachelor,Gold,F,1,0,37,8.1,4.9,6,2,17.2,743.68,1
Spain,Mobile,Bachelor,Silver,M,1,0,62,18.7,4.2,8,1,19.5,3043.69,0
USA,Desktop,Bachelor,Platinum,F,0,0,39,7.6,4.6,7,2,0.2,2238.8,1
Canada,Desktop,PhD,Bronze,F,0,0,28,12.0,2.4,2,1,25.0,7977.64,0
Japan,Mobile,Master,Silver,M,1,1,37,52.0,4.4,8,1,24.5,932.81,1
France,Desktop,High School,Silver,M,1,1,33,50.9,3.4,5,3,14.6,1914.82,0
Germany,Mobile,Bachelor,Bronze,M,1,0,24,8.8,4.4,2,1,7.1,1232.17,1
USA,Desktop,Bachelor,Gold,F,1,1,48,10.5,3.3,6,1,10.0,3189.67,1
USA,Mobile,Bachelor,Platinum,M,1,0,45,7.4,3.4,5,1,12.8,320.81,1
USA,Desktop,Master,Silver,F,1,1,22,2.6,3.7,8,0,4.8,391.69,0
USA,Tablet,Master,Bronze,M,1,0,37,27.9,4.6,4,1,18.2,232.06,1
Brazil,Desktop,Master,Silver,M,1,1,31,84.5,4.3,9,2,4.6,1748.3,1
UK,Tablet,PhD,Gold,F,0,0,19,8.5,4.6,4,3,20.5,1171.53,0
USA,Desktop,High School,Silver,F,0,0,21,6.3,4.9,9,0,16.9,758.58,0
Canada,Mobile,Master,Bronze,M,1,1,23,423.7230816945768,3.5,4,4,25.1,1299.23,1
Australia,Desktop,Master,Silver,M,1,0,37,13.0,2.7,6,1,11.9,1491.13,0
Australia,Tablet,Bachelor,Bronze,F,1,1,33,4.9,1.8,6,3,27.2,1202.86,1
Spain,Desktop,Master,Gold,M,1,0,26,8.4,3.0,9,3,19.6,2198.73,1
USA,Desktop,High School,Bronze,M,0,1,33,27.4,3.7,6,6,0.0,909.9,0
UK,Mobile,Master,Silver,F,0,1,47,13.5,4.4,8,1,13.1,622.21,1
Brazil,Desktop,Bachelor,Gold,F,0,0,42,33.7,3.7,6,1,29.0,1035.08,0
Japan,Desktop,High School,Bronze,M,1,0,50,16.3,2.9,9,3,28.8,1388.85,0
USA,Tablet,Master,Bronze,F,1,1,35,5.1,3.9,9,2,17.1,1579.31,1
India,Tablet,Bachelor,Bronze,F,1,0,57,7.7,4.5,8,2,19.9,507.73,0
USA,Desktop,High School,Bronze,M,1,1,42,14.9,3.1,5,3,7.1,661.85,1
USA,Tablet,High School,Bronze,F,1,0,32,5.0,4.3,6,3,9.6,590.73,1
France,Mobile,Bachelor,Platinum,M,1,1,39,4.5,4.7,2,4,11.9,1540.68,1
France,Desktop,Bachelor,Gold,M,0,0,23,4.7,4.5,4,1,12.4,679.4,0
France,Mobile,Master,Gold,M,0,1,34,18.4,4.6,2,1,21.2,2040.02,0
USA,Mobile,PhD,Platinum,M,0,0,43,9.1,4.3,5,4,2.3,817.05,0
India,Tablet,Bachelor,Bronze,F,1,1,45,31.4,3.7,2,1,1.4,275.76,1
UK,Desktop,Master,Bronze,M,0,0,33,5.9,3.8,8,3,15.6,4063.71,1
USA,Mobile,Bachelor,Bronze,F,0,0,71,1.7,4.3,6,5,17.4,527.02,1
Australia,Desktop,Master,Gold,M,1,1,137,11.0,0.005887910859865508,8,4,11.6,1854.32,0
Canada,Desktop,High School,Silver,M,1,1,18,45.5,4.8,7,3,22.4,751.28,0
India,Desktop,Bachelor,Bronze,F,1,1,53,12.5,4.6,2,5,5.1,720.0,1
India,Tablet,Bachelor,Bronze,F,1,0,45,4.1,3.9,5,4,29.7,916.51,0
Japan,Mobile,High School,Silver,F,0,1,41,3.3,3.9,5,1,10.5,1932.68,0
France,Mobile,Master,Silver,F,0,1,32,31.8,4.2,4,5,9.9,354.17,0
USA,Mobile,Master,Gold,M,0,1,43,6.4,4.5,3,1,11.8,8589.95,1
Germany,Desktop,Bachelor,Bronze,F,0,0,57,41.8,4.8,6,1,25.1,935.07,1
UK,Desktop,Bachelor,Platinum,M,1,0,40,20.6,4.4,6,5,6.6,2537.26,0
UK,Desktop,Master,Silver,F,1,1,20,6.6,3.9,3,3,13.7,695.56,0
Brazil,Desktop,Master,Gold,F,0,0,18,31.0,5.0,9,2,8.0,2068.38,0
Germany,Mobile,High School,Platinum,M,1,1,43,5.8,4.3,1,2,1.3,961.48,1
USA,Mobile,Bachelor,Platinum,M,1,0,26,3.8,4.2,7,1,11.0,1292.73,0
USA,Desktop,Master,Bronze,F,0,1,37,6.1,3.7,8,4,2.3,2599.49,0
Japan,Desktop,Bachelor,Bronze,F,0,1,28,22.5,3.0,4,2,29.1,202.48,0
USA,Desktop,High School,Silver,M,1,1,27,30.3,3.5,9,2,4.2,879.02,0
India,Desktop,Bachelor,Silver,F,1,0,29,8.9,3.9,9,5,29.5,453.7,1
Germany,Tablet,Master,Silver,F,1,1,30,2.7,4.4,2,4,13.8,2844.99,0
Germany,Mobile,Master,Platinum,M,1,0,47,3.5,3.8,6,2,5.0,1163.97,1
France,Mobile,PhD,Bronze,M,0,1,45,5.2,4.5,5,3,8.0,3996.11,1
India,Mobile,Master,Silver,F,1,0,24,4.3,4.3,8,2,11.6,8246.63,0
UK,Desktop,PhD,Bronze,M,0,1,25,15.1,4.3,11,1,20.4,321.8,1
Japan,Desktop,High School,Gold,M,1,1,43,57.4,4.3,9,3,21.4,306.94,1
France,Tablet,Master,Platinum,F,1,0,51,23.0,3.8,3,2,6.5,453.49,1
UK,Mobile,High School,Silver,F,0,1,50,4.9,3.7,12,3,5.9,1226.27,1
India,Desktop,Master,Bronze,F,0,0,26,7.0,4.2,3,4,27.4,1985.1,0
Brazil,Mobile,Bachelor,Gold,M,0,1,50,8.2,3.4,4,1,13.6,60.2,1
Japan,Mobile,Bachelor,Silver,F,0,1,18,16.6,2.3,3,4,10.8,2181.91,1
India,Mobile,Master,Bronze,F,0,0,36,42.8,3.2,7,2,18.8,4769.11,1
India,Tablet,Master,Gold,M,1,0,44,8.4,3.1,6,6,16.5,1697.48,1
Japan,Mobile,High School,Platinum,F,1,1,18,41.7,4.3,6,2,26.8,210.57,1
India,Mobile,Bachelor,Silver,F,1,0,63,65.6,4.1,5,5,4.8,2012.8,1
Japan,Desktop,Bachelor,Silver,F,0,0,54,9.2,3.6,4,2,13.5,643.19,1
Japan,Desktop,Bachelor,Bronze,F,0,0,46,9.0,2.3,7,1,6.0,463.07,0
France,Desktop,Master,Silver,M,0,0,26,9.1,4.1,7,1,3.2,1716.63,0
Brazil,Desktop,Bachelor,Silver,F,0,0,37,12.8,3.4,5,4,8.6,2831.86,0
USA,Mobile,PhD,Bronze,F,1,0,47,9.1,3.6,10,2,2.0,523.78,1
Australia,Mobile,High School,Bronze,F,0,0,25,24.7,4.7,11,2,18.1,1288.2,1
India,Desktop,Master,Bronze,F,1,1,36,3.5,4.6,4,2,25.5,5450.03,1
USA,Mobile,Master,Bronze,M,1,0,49,7.9,3.0,8,2,9.1,1260.84,1
India,Desktop,High School,Silver,M,1,0,20,15.9,3.2,7,1,19.0,197.72,0
USA,Desktop,Bachelor,Silver,M,1,1,42,24.4,4.0,7,3,3.9,3827.71,0
UK,Desktop,Master,Silver,F,1,1,18,70.5,4.5,6,3,7.0,1390.1,1
Brazil,Desktop,Master,Bronze,M,1,0,27,4.3,4.5,4,3,20.3,1210.84,0
USA,Desktop,Bachelor,Silver,F,0,1,32,7.2,4.8,5,4,27.6,2893.82,0
India,Mobile,Bachelor,Gold,M,0,1,44,2.0,3.6,3,4,0.6,2359.41,0
India,Desktop,High School,Silver,M,1,0,30,5.0,4.7,2,2,19.3,1116.33,0
Germany,Tablet,High School,Platinum,M,0,0,40,3.0,4.5,10,1,21.1,2887.84,1
USA,Desktop,Bachelor,Silver,F,1,0,30,8.0,4.0,11,2,17.9,2102.28,0
UK,Desktop,High School,Silver,F,1,1,32,10.1,2.9,3,2,12.8,446.92,1
France,Desktop,Master,Bronze,F,0,0,53,17.7,3.7,3,7,29.6,895.04,0
Spain,Mobile,Master,Silver,F,0,1,24,9.6,2.9,4,2,8.2,5603.29,1
Japan,Desktop,PhD,Gold,M,0,1,47,17.7,3.5,6,0,14.0,435.78,0
UK,Mobile,Master,Platinum,M,1,0,38,13.3,2.8,6,0,20.2,5603.23,0
Japan,Mobile,PhD,Platinum,F,1,0,31,5.3,4.7,7,4,0.0,3021.21,0
France,Mobile,Bachelor,Bronze,F,1,0,23,3.2,4.2,8,4,10.8,655.5,0
Brazil,Mobile,Bachelor,Silver,M,1,0,24,19.4,4.0,6,3,11.8,636.14,0
USA,Desktop,PhD,Silver,F,0,0,29,45.5,4.4,3,4,0.3,526.41,0
Brazil,Desktop,Bachelor,Silver,M,1,1,36,92.6,2.9,8,1,0.8,2015.42,1
France,Desktop,High School,Bronze,M,1,1,45,25.7,4.2,7,115,29.7,1804.99,1
Canada,Mobile,Master,Gold,M,1,0,34,39.1,3.1,8,1,3.3,485.37,1
UK,Desktop,PhD,Platinum,F,1,0,35,17.6,4.1,6,4,7.1,593.01,0
Japan,Desktop,Master,Silver,M,1,0,37,15.5,4.5,4,4,4.2,2904.63,1
Australia,Tablet,Bachelor,Bronze,M,0,0,44,13.3,4.1,9,3,15.4,2677.75,0
USA,Desktop,Master,Bronze,M,1,1,46,11.2,2.8,8,2,22.1,1460.31,1
Australia,Mobile,PhD,Silver,M,0,0,21,19.8,3.5,9,2,2.3,882.58,1
Japan,Mobile,High School,Bronze,F,1,1,35,8.0,4.5,6,3,17.6,410.86,0
USA,Desktop,Master,Platinum,M,0,1,53,10.8,3.3,7,1,10.6,855.0,0
UK,Desktop,High School,Silver,M,1,1,22,4.7,3.4,4,3,14.7,1298.78,0
Japan,Desktop,Bachelor,Silver,F,1,0,39,17.8,4.1,9,3,8.0,830.5,0
USA,Mobile,Bachelor,Silver,M,1,0,36,5.7,4.1,3,6,25.9,413.79,1
France,Mobile,High School,Bronze,M,1,0,31,12.5,3.5,4,4,13.6,952.6,0
UK,Mobile,High School,Platinum,M,1,1,57,18.2,4.0,4,2,4.8,1094.08,0
Japan,Tablet,Bachelor,Silver,F,1,1,38,19.5,3.5,2,2,23.8,4314.02,0
USA,Mobile,High School,Platinum,F,0,1,56,22.6,4.1,6,2,22.6,590.51,0
India,Desktop,High School,Silver,M,1,1,38,10.3,3.6,5,7,14.5,944.53,0
Canada,Desktop,Master,Gold,F,1,1,44,18.0,4.0,4,1,21.7,574.31,1
Canada,Mobile,Bachelor,Bronze,F,1,1,31,8.3,2.5,3,0,18.1,787.14,0
Brazil,Desktop,Bachelor,Silver,F,1,0,31,2.5,3.1,7,0,4.9,750.69,0
USA,Desktop,PhD,Gold,M,0,1,43,18.6,4.6,2,1,30.0,1791.32,0
Brazil,Mobile,High School,Gold,M,0,1,43,15.5,3.6,4,1,23.2,677.61,1
USA,Desktop,Bachelor,Gold,F,1,0,45,27.4,4.9,5,3,20.0,1646.83,1
USA,Tablet,Bachelor,Bronze,F,1,1,43,11.9,3.8,5,0,24.9,2277.09,1
UK,Mobile,Master,Platinum,F,1,1,22,3.4,3.8,7,1,27.8,794.25,0
Germany,Desktop,PhD,Platinum,M,1,0,28,11.3,4.6,10,0,17.3,993.66,1
Brazil,Tablet,PhD,Bronze,M,1,1,48,24.8,3.3,8,4,17.7,394.89,1
Japan,Desktop,Master,Platinum,F,1,0,18,17.8,3.3,10,2,0.7,1527.12,1
Germany,Desktop,High School,Bronze,F,1,0,42,10.8,3.4,9,2,12.4,1161.43,0
UK,Desktop,High School,Silver,M,0,0,37,3.2,3.4,8,3,15.3,335.06,1
Spain,Desktop,Bachelor,Bronze,M,1,0,48,5.4,3.6,6,2,7.0,1544.55,0
Germany,Mobile,High School,Platinum,M,1,0,43,17.8,3.5,6,3,10.8,809.08,1
Germany,Desktop,Master,Bronze,F,1,0,30,3.2,4.8,7,1,11.0,368.5,0
USA,Desktop,Master,Silver,F,0,1,29,9.4,3.0,7,3,11.0,1373.14,0
Brazil,Desktop,High School,Silver,F,0,0,32,12.6,3.7,5,2,28.7,1030.8,0
Japan,Mobile,Master,Bronze,F,1,0,45,30.6,4.6,6,5,17.6,1663.59,0
USA,Mobile,High School,Silver,M,0,0,18,19.9,3.8,7,3,9.4,503.4,0
USA,Desktop,Bachelor,Bronze,F,1,0,40,26.3,4.1,1,1,9.1,511.21,1
Japan,Desktop,Master,Gold,F,0,0,27,15.5,4.4,8,0,25.4,1400.8,1
Japan,Desktop,Bachelor,Platinum,F,1,0,40,6.2,2.2,6,2,19.3,473.63,0
UK,Desktop,Bachelor,Gold,F,1,0,42,7.5,3.7,8,4,25.5,3472.54,1
Canada,Mobile,High School,Gold,M,1,0,18,5.8,4.2,5,2,19.3,6012.99,0
USA,Mobile,Bachelor,Bronze,F,1,0,35,19.5,4.6,3,5,27.4,119.23,1
Germany,Desktop,Master,Bronze,F,1,1,40,7.0,3.9,5,3,12.1,2488.79,0
Canada,Desktop,PhD,Silver,F,1,0,39,8.9,4.2,8,5,25.3,463.31,0
Germany,Desktop,Bachelor,Bronze,M,0,1,37,12.4,4.0,5,2,5.3,1529.52,0
Japan,Mobile,Bachelor,Platinum,F,0,0,23,45.3,4.0,5,1,20.1,838.16,0
UK,Desktop,Master,Bronze,M,1,0,25,20.6,4.3,8,4,10.9,1737.94,1
UK,Tablet,PhD,Platinum,M,1,0,21,6.6,3.8,5,1,15.7,973.25,1
Spain,Mobile,High School,Bronze,M,1,1,45,13.8,4.8,8,2,22.1,924.5,0
Germany,Desktop,Bachelor,Gold,F,0,0,37,45.7,4.3,4,5,16.9,225.78,0
Australia,Mobile,Master,Bronze,M,1,1,37,19.9,4.4,8,3,21.9,11212.89,1
USA,Tablet,Bachelor,Bronze,M,1,1,18,3.4,4.5,4,3,1.1,319.04,1
USA,Mobile,High School,Gold,F,1,0,38,5.9,3.9,7,4,12.0,810.66,0
USA,Desktop,Bachelor,Bronze,F,1,1,46,5.5,3.2,5,5,28.6,2299.36,0
Japan,Desktop,High School,Gold,F,1,0,18,38.6,3.8,3,4,22.9,7866.5,1
UK,Mobile,Bachelor,Silver,M,1,0,32,33.3,4.2,2,5,14.5,5226.26,0
India,Mobile,Bachelor,Bronze,F,0,0,19,7.4,4.3,4,2,21.3,137.24,0
Germany,Mobile,Master,Platinum,M,1,0,33,7.3,2.8,3,1,0.8,3010.62,0
Canada,Tablet,Bachelor,Silver,M,0,0,27,12.6,4.4,6,4,8.8,1429.45,1
USA,Tablet,High School,Gold,M,1,1,43,12.9,4.6,5,3,27.1,2217.75,0
India,Tablet,High School,Silver,F,0,0,40,5.6,2.8,7,0,14.9,518.27,0
Brazil,Desktop,Master,Silver,M,1,1,53,10.0,3.4,7,4,28.6,1928.05,1
Brazil,Mobile,High School,Bronze,M,0,0,37,3.8,2.9,7,2,7.9,1780.95,0
India,Mobile,Bachelor,Bronze,M,1,1,42,33.7,4.0,6,3,25.0,1329.9,0
Brazil,Mobile,High School,Silver,F,0,0,31,3.0,4.5,8,1,0.6,3102.21,0
Japan,Mobile,Master,Silver,F,1,1,25,3.0,3.9,10,2,0.1,777.05,1
USA,Desktop,Bachelor,Bronze,F,1,1,48,17.3,4.5,1,3,4.1,1734.4,0
USA,Mobile,Bachelor,Silver,M,1,0,53,4.5,4.9,4,1,7.8,666.92,1
Australia,Mobile,Bachelor,Silver,M,0,0,46,8.2,3.9,8,4,1.3,1331.93,1
France,Desktop,Master,Bronze,M,1,0,40,12.8,4.1,8,5,6.3,674.02,1
Brazil,Mobile,Bachelor,Bronze,F,0,0,26,20.9,4.8,7,4,26.2,1088.37,0
Germany,Desktop,Master,Silver,M,1,0,52,10.2,4.8,5,4,27.5,2915.42,0
USA,Desktop,Master,Bronze,M,1,1,45,50.6,2.7,6,1,3.6,1267.08,1
USA,Desktop,PhD,Bronze,F,1,0,62,12.2,4.6,8,5,9.5,382.07,1
Japan,Desktop,Bachelor,Bronze,M,0,0,24,31.6,3.5,7,1,18.3,635.17,0
Germany,Mobile,PhD,Platinum,M,1,0,48,15.2,3.5,3,3,19.8,3071.61,0
USA,Mobile,High School,Gold,M,1,1,45,67.0,3.5,7,1,0.8,1884.92,0
Germany,Mobile,Bachelor,Bronze,M,0,0,34,28.4,3.2,5,3,27.4,1696.19,1
USA,Mobile,Master,Bronze,F,1,0,54,12.6,4.7,4,3,12.8,219.74,1
France,Desktop,High School,Gold,F,1,0,43,20.1,4.6,2,7,13.2,431.31,0
UK,Desktop,High School,Silver,M,1,0,27,9.9,4.0,9,3,2.6,4466.18,1
Brazil,Tablet,Bachelor,Gold,M,1,1,37,9.8,3.1,6,3,15.8,4672.3,0
UK,Desktop,Bachelor,Platinum,F,0,1,27,4.3,4.5,5,2,17.6,2009.92,1
Germany,Tablet,Bachelor,Silver,F,1,1,32,6.4,4.3,10,3,13.7,2758.4,1
USA,Mobile,Master,Bronze,M,1,0,46,63.4,4.4,2,1,26.6,232.92,1
USA,Mobile,Master,Gold,F,0,1,50,4.6,4.4,5,0,3.3,1889.12,1
UK,Tablet,Master,Platinum,M,0,0,41,7.2,3.5,3,1,5.5,162.99,0
Germany,Desktop,High School,Silver,F,1,0,29,11.3,3.4,4,1,11.3,3349.54,0
France,Desktop,PhD,Silver,F,0,0,43,11.6,3.2,6,2,18.3,2753.32,0
UK,Mobile,High School,Bronze,F,1,0,47,16.6,4.6,3,2,12.7,428.9,1
Japan,Desktop,High School,Bronze,F,0,0,18,8.4,4.1,7,3,25.5,744.74,1
India,Tablet,High School,Gold,M,0,0,39,17.4,3.4,6,5,6.4,2723.37,1
Brazil,Desktop,Bachelor,Platinum,F,0,0,36,30.4,3.8,11,3,7.2,805.06,1
USA,Mobile,High School,Silver,F,0,0,49,33.6,4.5,5,3,26.7,337.53,1
Germany,Mobile,High School,Gold,F,1,1,43,9.8,2.1,8,3,14.0,8024.12,1
USA,Mobile,Bachelor,Bronze,M,1,1,141,466.01535676798994,4.0,10,3,19.6,2433.75,1
USA,Desktop,High School,Bronze,F,1,0,32,4.9,4.2,7,1,11.3,1552.11,0
Spain,Desktop,Bachelor,Silver,F,1,1,38,6.8,4.6,7,1,11.3,1441.29,0
USA,Mobile,Master,Bronze,M,1,1,49,4.8,4.3,8,4,4.3,1808.22,1
Germany,Desktop,Master,Silver,M,0,1,37,11.7,4.0,8,3,26.6,989.95,0
France,Mobile,High School,Bronze,M,1,0,40,6.1,4.5,7,2,24.8,816.37,0
Japan,Mobile,High School,Gold,F,1,1,20,3.6,4.7,5,2,16.1,1212.18,0
France,Mobile,PhD,Gold,F,1,0,37,8.9,4.2,7,4,1.2,3079.9,1
USA,Mobile,High School,Silver,F,1,1,18,3.1,4.3,3,4,6.7,937.65,0
UK,Desktop,Master,Bronze,M,0,1,32,35.2,3.3,9,3,5.7,1425.14,1
Germany,Mobile,High School,Silver,F,1,1,39,7.8,4.1,8,6,16.1,1387.64,1
USA,Tablet,PhD,Platinum,F,0,0,47,26.8,4.8,6,2,4.7,1266.65,0
UK,Desktop,Bachelor,Silver,M,1,1,26,8.2,4.0,5,3,13.0,782.06,0
USA,Tablet,Bachelor,Bronze,M,0,0,42,4.7,4.2,7,4,5.8,895.74,0
USA,Mobile,Master,Bronze,M,1,0,56,31.2,3.0,8,6,8.6,5060.6,0
UK,Desktop,Bachelor,Bronze,F,1,0,30,13.1,3.1,10,2,9.0,1316.99,1
USA,Desktop,Bachelor,Bronze,M,0,1,19,55.1,3.8,4,1,6.8,6573.26,0
France,Tablet,Bachelor,Gold,M,1,1,41,8.4,3.5,8,1,7.9,1937.91,1
Japan,Desktop,Master,Gold,M,1,1,24,8.5,2.9,9,2,4.6,306.78,1
India,Tablet,High School,Bronze,F,1,0,28,27.2,3.2,3,2,23.2,1074.97,1
USA,Tablet,High School,Bronze,M,1,0,49,27.4,3.0,8,5,29.2,427.07,1
USA,Desktop,Bachelor,Bronze,M,1,0,61,13.8,3.8,5,3,23.5,3956.3,1
USA,Desktop,High School,Platinum,M,0,0,26,120.0,4.0,5,3,11.0,547.31,0
Japan,Mobile,Master,Silver,M,1,0,29,9.7,4.3,2,4,22.7,1175.9,0
Japan,Desktop,High School,Silver,M,1,0,33,4.4,4.6,6,1,1.9,249.59,1
USA,Mobile,Bachelor,Silver,F,1,0,31,5.5,2.9,11,4,10.6,1425.18,1
Australia,Desktop,High School,Silver,F,1,1,61,9.8,4.2,5,2,11.9,1481.99,1
USA,Mobile,Bachelor,Bronze,F,0,1,32,41.1,4.6,5,3,0.4,2952.45,0
France,Mobile,High School,Bronze,F,0,1,33,10.5,3.2,1,2,28.5,1722.21,0
Japan,Desktop,High School,Silver,M,0,0,57,42.6,3.2,5,1,13.9,615.47,1
India,Desktop,High School,Silver,F,0,0,45,17.2,4.3,5,66,29.6,127595.8265956974,0
Japan,Desktop,PhD,Bronze,M,0,0,50,29.0,2.5,5,3,8.4,929.98,1
India,Desktop,High School,Bronze,M,1,0,27,16.6,3.9,7,0,29.4,97.67,1
UK,Mobile,Master,Bronze,F,0,1,32,16.5,3.6,2,6,18.4,744.57,0
India,Mobile,High School,Silver,F,1,0,26,22.2,4.7,2,2,12.5,1575.0,0
USA,Desktop,High School,Silver,F,0,1,48,7.7,4.6,11,1,25.0,1472.2,0
Australia,Mobile,Bachelor,Platinum,F,1,1,53,7.8,2.8,6,5,16.3,3704.37,1
France,Mobile,Bachelor,Bronze,F,1,0,31,16.1,4.4,8,2,24.8,394.68,0
India,Desktop,PhD,Bronze,F,0,0,110,57.6,4.6,5,4,15.2,2229.57,0
Germany,Desktop,PhD,Bronze,F,1,1,34,3.6,3.1,5,2,12.6,823.59,1
Japan,Tablet,Master,Silver,F,1,1,19,2.4,4.8,5,2,18.2,148.2,0
France,Mobile,Bachelor,Silver,M,1,1,30,9.9,4.2,9,3,22.7,1662.51,0
Brazil,Mobile,Bachelor,Gold,M,0,1,47,27.8,4.4,11,3,1.4,501.73,1
USA,Mobile,Bachelor,Bronze,F,1,0,27,12.7,4.6,6,2,12.1,884.44,0
USA,Desktop,PhD,Silver,M,1,0,39,4.8,4.9,7,2,5.1,1495.05,0
USA,Mobile,Bachelor,Gold,M,0,0,22,13.0,3.7,5,0,28.5,129.67,1
USA,Mobile,Bachelor,Platinum,M,1,0,36,3.0,3.7,5,2,29.2,3407.87,1
India,Mobile,High School,Platinum,M,0,0,31,20.1,3.0,4,2,27.3,635.76,0
USA,Desktop,High School,Gold,F,0,0,23,9.5,3.9,6,4,15.4,667.97,0
Canada,Desktop,PhD,Platinum,F,1,1,47,11.4,3.8,4,3,22.7,1859.65,1
UK,Desktop,Bachelor,Bronze,F,1,0,48,17.1,3.7,8,3,27.7,67.29,1
USA,Tablet,Bachelor,Bronze,F,0,0,26,14.4,3.3,4,2,26.1,2295.93,0
Brazil,Desktop,High School,Bronze,F,1,0,35,7.9,4.0,9,3,16.1,885.82,0
Japan,Mobile,Master,Gold,F,0,0,39,27.9,3.2,8,4,4.5,5372.57,0
Germany,Desktop,High School,Platinum,F,0,0,18,23.0,3.9,5,3,27.3,897.64,0
France,Desktop,Master,Bronze,M,1,1,21,2.9,4.6,4,3,24.6,177.17,1
Japan,Mobile,High School,Silver,M,1,1,53,10.1,3.3,6,3,12.0,316.32,1
USA,Mobile,Master,Gold,M,0,0,25,5.1,3.3,7,1,13.9,1074.53,0
Spain,Mobile,Master,Platinum,F,0,0,53,4.4,4.2,5,2,29.7,477.69,0
Canada,Desktop,High School,Silver,F,1,1,22,18.7,4.4,6,3,18.0,212.47,0
Japan,Mobile,Bachelor,Platinum,F,1,0,46,8.7,3.8,7,5,5.1,1414.78,0
USA,Desktop,Bachelor,Bronze,F,1,0,34,10.9,3.5,4,5,4.9,598.33,0
Japan,Desktop,High School,Bronze,M,0,0,36,7.1,2.7,8,2,1.9,520.28,0
USA,Mobile,Master,Silver,M,1,1,60,16.4,2.8,4,4,17.6,419.62,1
USA,Desktop,Bachelor,Bronze,F,1,0,23,21.0,4.3,5,3,0.8,1633.04,0
UK,Desktop,Bachelor,Bronze,M,1,1,45,69.1,3.6,5,1,24.5,547.65,1
Germany,Mobile,High School,Gold,F,1,0,45,10.5,2.2,2,3,9.5,330.6,1
India,Mobile,Bachelor,Gold,F,1,0,75,3.8,4.6,3,1,10.3,1407.54,1
Brazil,Mobile,Master,Gold,F,0,1,25,8.1,3.8,6,1,22.8,687.04,0
Brazil,Desktop,Bachelor,Bronze,M,0,0,30,24.0,4.2,5,1,3.2,515.19,1
Germany,Desktop,PhD,Silver,F,0,0,48,6.6,4.1,8,2,15.9,1104.37,0
UK,Desktop,PhD,Bronze,F,0,0,36,3.7,2.9,4,4,11.1,1758.17,1
UK,Tablet,High School,Bronze,F,1,0,32,6.7,3.0,8,4,3.0,440.11,1
Spain,Mobile,High School,Silver,F,1,0,49,8.0,3.6,6,3,8.9,1069.33,1
USA,Mobile,Master,Bronze,F,0,1,35,5.1,4.3,5,4,18.9,1472.97,0
India,Desktop,Bachelor,Bronze,M,1,1,27,14.5,3.8,8,5,19.9,2896.61,0
France,Mobile,High School,Gold,F,1,1,47,11.4,3.0,5,0,3.8,1125.41,1
Germany,Desktop,High School,Bronze,F,1,1,43,22.9,3.6,8,4,28.2,481.55,0
Brazil,Mobile,Bachelor,Platinum,M,1,1,34,8.5,4.0,6,2,5.5,667.13,0
Germany,Tablet,Master,Silver,M,1,1,34,19.0,4.0,9,3,19.9,6708.72,1
India,Tablet,High School,Platinum,M,0,1,27,8.2,4.9,7,2,9.8,2210.99,0
Australia,Mobile,High School,Bronze,F,0,0,47,4.9,3.2,4,1,21.1,1014.8,1
Germany,Mobile,PhD,Silver,M,0,0,34,7.9,3.7,6,6,24.4,1089.38,0
UK,Tablet,Master,Bronze,M,1,1,29,3.3,4.5,3,1,2.4,370.86,0
France,Mobile,Bachelor,Gold,F,0,0,23,50.9,4.5,8,3,23.9,1146.96,1
Australia,Desktop,Master,Bronze,F,1,1,43,13.7,4.0,9,3,3.6,896.81,1
USA,Mobile,Bachelor,Bronze,M,1,0,32,6.4,4.2,6,4,15.6,536.58,1
Japan,Desktop,Master,Gold,M,1,0,18,9.0,3.7,3,4,10.1,661.91,0
Japan,Mobile,Bachelor,Bronze,M,1,1,24,1.7,3.3,9,3,9.2,1861.32,1
Brazil,Mobile,High School,Bronze,M,0,0,35,38.4,3.9,7,4,4.6,481.69,1
USA,Mobile,Master,Bronze,M,1,1,36,35.5,4.6,6,2,20.3,128.49,0
Japan,Desktop,Bachelor,Silver,F,1,1,35,13.3,4.8,5,7,9.1,1223.69,1
Australia,Desktop,PhD,Bronze,F,0,1,33,15.7,3.2,10,2,15.2,618.3,1
USA,Mobile,Bachelor,Silver,F,0,0,20,4.4,4.2,5,145,0.5,1381.87,0
USA,Mobile,PhD,Bronze,M,1,0,28,4.7,3.6,3,0,18.1,569.18,0
Canada,Mobile,PhD,Silver,F,0,0,52,3.1,3.1,5,2,20.3,565.99,1
USA,Desktop,High School,Gold,F,0,1,50,10.7,3.7,3,3,1.9,1149.06,1
India,Tablet,Master,Silver,M,1,0,45,28.5,3.5,4,2,16.0,1587.45,0
Germany,Tablet,Bachelor,Silver,M,0,0,44,9.0,3.8,5,4,21.4,1564.65,1
USA,Desktop,PhD,Bronze,F,0,0,49,16.1,4.8,3,4,4.2,697.52,1
India,Desktop,Bachelor,Bronze,F,1,0,25,26.7,2.9,8,0,1.3,836.83,1
Germany,Mobile,Master,Bronze,M,1,1,38,3.3,3.9,4,0,5.8,6385.97,0
Germany,Mobile,Bachelor,Silver,F,1,0,25,53.3,4.5,7,0,10.5,1020.35,0
UK,Tablet,High School,Silver,F,1,0,25,30.7,4.4,9,5,12.8,3739.12,0
France,Tablet,High School,Platinum,F,0,1,42,18.4,4.5,3,1,2.2,737.14,1
USA,Mobile,Bachelor,Bronze,M,0,1,49,25.5,4.2,4,1,29.4,1642.13,0
UK,Mobile,Master,Silver,F,1,1,36,26.5,4.5,9,5,20.7,3997.8,1
Canada,Desktop,Bachelor,Silver,M,1,1,58,15.4,3.9,5,0,4.0,3757.16,1
UK,Desktop,Master,Silver,F,0,0,41,38.2,4.3,6,2,23.9,215.99,1
Japan,Mobile,High School,Gold,F,0,0,29,8.5,4.2,5,4,9.6,5548.77,1
UK,Mobile,Bachelor,Bronze,M,0,1,25,17.6,3.9,6,3,11.3,608.3,0
Brazil,Mobile,High School,Bronze,F,1,1,50,35.1,3.1,4,2,2.2,645.6,0
USA,Mobile,Master,Silver,M,0,1,40,1.4,4.1,10,1,12.7,719.4,0
Canada,Desktop,PhD,Bronze,F,1,1,46,17.3,4.8,5,7,2.3,7426.37,0
Germany,Mobile,Bachelor,Bronze,M,0,1,18,21.8,4.2,4,4,20.4,773.64,0
USA,Desktop,High School,Bronze,F,1,0,41,3.1,3.0,2,3,10.3,834.41,0
USA,Desktop,High School,Bronze,M,1,0,32,15.3,3.2,11,2,8.9,1031.46,1
USA,Mobile,Master,Silver,F,1,1,21,6.5,3.2,6,3,19.5,1311.49,0
Germany,Mobile,Bachelor,Bronze,F,1,1,37,16.7,3.5,4,2,20.6,1676.35,0
UK,Tablet,Master,Silver,F,1,1,51,11.3,4.3,4,2,19.2,585.47,1
India,Desktop,High School,Silver,M,0,1,65,5.7,3.8,9,2,23.7,1334.48,0
Germany,Mobile,Master,Silver,F,0,0,41,29.6,4.2,8,3,19.1,389.45,1
USA,Desktop,Master,Platinum,M,1,0,29,8.7,2.7,8,1,28.4,564.57,0
France,Desktop,Bachelor,Bronze,F,1,0,29,15.1,2.5,6,3,17.0,1125.12,1
Japan,Tablet,Bachelor,Platinum,F,1,1,50,34.9,2.1,2,4,26.5,2354.23,0
USA,Mobile,High School,Silver,F,1,0,26,5.9,3.9,7,3,28.8,6004.16,0
USA,Tablet,Bachelor,Gold,F,1,0,45,12.3,3.7,8,2,4.9,454.18,1
USA,Desktop,Master,Silver,M,1,1,42,8.2,2.8,3,4,20.3,3028.79,1
Brazil,Tablet,Bachelor,Silver,F,1,0,40,9.8,4.8,3,4,19.7,355.11,1
Japan,Desktop,Master,Gold,M,1,1,19,68.4,3.7,9,1,26.1,493.32,0
Germany,Tablet,Bachelor,Gold,F,1,0,34,17.6,2.4,7,3,10.1,1103.96,1
India,Desktop,High School,Bronze,F,1,0,103,15.7,4.0,12,4,11.8,2680.86,1
India,Desktop,Bachelor,Bronze,F,1,1,31,18.5,4.4,5,4,1.4,1085.52,0
France,Mobile,Bachelor,Silver,F,1,1,49,17.2,4.3,6,3,23.0,1449.48,0
India,Tablet,Bachelor,Platinum,M,1,0,53,2.8,4.4,9,1,8.0,2627.92,1
USA,Desktop,High School,Bronze,F,1,1,41,76.5,2.7,6,5,27.9,1319.86,0
USA,Desktop,Bachelor,Silver,M,0,0,31,3.8,4.6,5,3,19.9,2987.42,1
UK,Tablet,High School,Gold,F,1,0,57,48.7,4.1,9,2,10.0,1644.84,1
USA,Desktop,High School,Gold,F,0,0,31,20.0,3.4,5,2,24.6,11055.96,0
France,Desktop,Bachelor,Silver,M,1,1,24,14.1,4.7,2,3,24.5,1031.9,0
Australia,Desktop,Bachelor,Silver,M,0,0,46,9.5,4.1,9,0,4.8,1675.31,1
USA,Desktop,PhD,Platinum,M,0,0,43,97.9,2.8,4,6,16.3,1069.88,1
USA,Tablet,Bachelor,Silver,F,1,1,31,19.8,4.6,11,1,0.3,384.07,0
Germany,Mobile,Master,Gold,M,1,0,39,12.4,4.4,3,8,10.3,202.37,1
Australia,Mobile,Bachelor,Bronze,F,1,0,43,7.9,3.9,3,2,20.8,110.04,0
UK,Tablet,Master,Silver,F,0,0,40,7.2,3.8,8,5,9.9,941.79,1
Germany,Mobile,High School,Bronze,M,0,1,44,12.7,4.2,7,2,4.0,4964.12,0
USA,Desktop,PhD,Bronze,F,0,0,32,5.8,3.5,4,2,17.3,2427.2,0
USA,Desktop,Bachelor,Gold,F,1,1,44,21.0,3.2,3,4,28.8,1636.61,0
Spain,Desktop,Master,Silver,M,1,0,38,7.3,3.0,4,2,12.4,811.27,1
Canada,Desktop,Bachelor,Silver,F,1,0,32,27.2,4.0,8,3,27.5,3258.3,1
USA,Tablet,High School,Bronze,M,1,1,35,26.7,3.7,6,5,27.2,2053.94,1
Canada,Mobile,Master,Silver,M,1,0,37,11.7,3.4,8,3,20.1,291.89,1
Japan,Desktop,High School,Silver,F,0,1,21,19.4,4.0,7,2,2.1,2315.89,0
India,Mobile,Bachelor,Silver,M,1,0,30,20.2,3.7,6,3,19.6,608.61,0
Germany,Mobile,High School,Bronze,F,1,0,39,3.8,4.0,7,2,17.7,1078.27,1
Germany,Tablet,Bachelor,Gold,F,0,0,22,48.7,3.8,8,2,17.4,429.8,0
Germany,Tablet,PhD,Gold,F,0,0,31,9.9,4.1,6,0,10.2,7288.14,1
Japan,Mobile,Bachelor,Bronze,M,0,0,67,21.3,3.2,4,1,22.5,349.73,1
USA,Mobile,Master,Bronze,M,1,0,24,21.7,3.9,7,2,26.5,2588.92,1
USA,Mobile,Bachelor,Silver,M,1,0,33,1.7,4.2,8,2,20.2,3168.1,0
UK,Mobile,Bachelor,Silver,F,1,0,28,7.2,1.8,8,2,4.4,1640.25,0
Japan,Desktop,PhD,Gold,F,1,0,37,23.9,4.4,8,3,23.5,1717.91,0
USA,Desktop,Master,Silver,M,1,0,28,12.8,4.0,4,1,4.7,620.06,0
Japan,Mobile,Master,Bronze,M,1,0,35,21.1,4.6,5,2,24.0,921.69,0
Canada,Desktop,High School,Bronze,M,1,0,29,13.1,3.3,8,3,18.2,348.38,0
USA,Desktop,Bachelor,Bronze,M,0,0,51,32.6,4.1,7,3,10.3,1555.34,1
Japan,Mobile,High School,Bronze,F,0,1,39,13.3,4.1,4,5,17.0,1412.37,0
Germany,Desktop,Bachelor,Silver,F,1,1,26,38.1,3.4,5,1,24.7,596.48,1
India,Mobile,Bachelor,Bronze,F,1,0,48,5.6,4.8,4,5,15.4,1207.24,1
USA,Mobile,Master,Platinum,M,1,0,27,11.0,4.6,2,0,14.3,1462.11,1
Japan,Tablet,Master,Gold,F,1,0,19,7.6,2.7,2,2,6.4,604.87,0
India,Mobile,Bachelor,Gold,M,0,1,38,16.6,2.9,6,1,11.0,1099.94,1
Canada,Desktop,High School,Platinum,F,0,0,61,9.7,3.6,7,3,15.6,9516.42,0
Japan,Mobile,Master,Silver,M,1,0,18,10.1,3.5,7,5,3.4,724.16,0
Germany,Mobile,High School,Gold,F,1,0,22,6.9,4.4,7,0,21.4,279.86,0
France,Tablet,Bachelor,Bronze,F,0,1,47,8.4,4.1,10,3,26.8,319.13,1
India,Desktop,High School,Bronze,M,1,1,30,12.1,4.0,9,0,23.7,838.53,0
France,Desktop,Bachelor,Gold,F,0,0,45,2.4,3.9,4,2,14.6,1728.32,1
USA,Tablet,PhD,Bronze,F,1,0,28,1.9,4.0,5,1,0.2,447.29,1
Australia,Desktop,High School,Platinum,M,1,1,40,12.8,3.7,7,0,13.7,1646.87,1
Japan,Mobile,Bachelor,Silver,M,0,0,59,1.3,2.6,5,3,3.7,679.5,0
Japan,Desktop,Bachelor,Gold,F,0,0,24,10.4,4.7,3,4,22.3,923.77,0
USA,Desktop,PhD,Bronze,F,0,1,50,9.0,3.9,12,1,3.8,219.64,1
Japan,Desktop,Master,Silver,F,1,0,46,18.8,3.7,7,1,3.7,897.09,0
UK,Desktop,High School,Bronze,F,1,0,20,7.1,0.1509575408267989,6,1,15.4,340.24,1
Japan,Mobile,High School,Gold,F,0,0,45,42.8,3.6,4,1,7.2,1351.32,1
USA,Tablet,Bachelor,Bronze,F,1,1,39,24.0,3.4,7,5,7.2,962.15,1
Japan,Desktop,Bachelor,Silver,F,0,0,39,3.6,4.9,8,1,28.8,6530.23,1
Spain,Mobile,Master,Bronze,M,0,1,42,9.7,3.4,6,2,8.8,566.8,0
USA,Desktop,High School,Bronze,F,0,0,34,41.3,3.8,5,5,27.6,2299.47,0
Canada,Mobile,High School,Silver,M,0,1,39,7.0,4.6,9,1,7.0,1088.29,1
Germany,Desktop,Master,Bronze,M,1,1,41,11.7,2.7,6,2,27.0,2957.53,1
India,Tablet,High School,Gold,F,0,0,47,37.5,3.6,8,1,6.1,7269.4,0
Brazil,Mobile,Master,Bronze,M,1,0,20,7.9,2.5,4,2,5.2,895.94,1
France,Mobile,High School,Bronze,M,1,1,53,29.9,3.9,8,3,8.3,696.74,1
Brazil,Mobile,High School,Silver,M,1,1,24,5.9,4.1,9,3,12.7,1106.3,1
India,Mobile,PhD,Bronze,F,1,0,47,1.2,4.5,6,2,6.3,142.39,1
Germany,Tablet,Bachelor,Bronze,F,1,1,39,32.6,3.6,7,2,18.5,1098.55,0
UK,Mobile,Master,Gold,F,1,0,23,17.3,4.5,8,2,14.0,484.68,1
Japan,Tablet,High School,Bronze,F,0,0,44,18.2,3.2,12,1,16.2,574.97,1
India,Mobile,Bachelor,Bronze,M,1,1,27,5.1,2.9,9,2,19.9,617.19,1
Brazil,Desktop,Master,Bronze,M,1,0,51,5.4,4.0,10,3,13.9,2148.15,1
Brazil,Mobile,Bachelor,Silver,M,1,0,29,30.6,4.9,6,2,2.8,1117.12,1
Germany,Desktop,Master,Silver,M,1,1,20,14.8,3.7,6,3,10.6,760.35,0
India,Mobile,Bachelor,Bronze,M,1,1,56,11.1,4.9,8,1,15.5,570.31,1
USA,Mobile,Bachelor,Gold,M,1,1,40,14.5,4.4,5,4,5.4,760.09,1
France,Mobile,Bachelor,Bronze,M,0,1,48,40.7,4.5,6,2,14.8,3890.18,0
USA,Desktop,Bachelor,Silver,F,0,1,28,21.7,4.8,4,6,3.7,619.69,0
UK,Desktop,High School,Bronze,F,1,0,18,8.3,4.1,7,1,10.6,2408.96,0
UK,Mobile,Bachelor,Silver,F,0,0,58,4.0,3.5,7,1,25.2,636.52,1
UK,Tablet,Bachelor,Platinum,F,1,0,38,19.5,2.9,4,3,1.4,64.42,0
Japan,Desktop,Bachelor,Silver,M,1,0,44,5.8,4.3,7,5,1.1,126.19,0
UK,Desktop,Master,Platinum,F,1,1,46,4.7,4.4,9,2,12.0,642.78,0
Germany,Mobile,Bachelor,Bronze,M,1,0,34,34.9,4.0,2,2,27.4,2419.01,1
USA,Mobile,PhD,Bronze,F,1,0,41,24.5,4.2,8,2,18.4,770.03,0
UK,Desktop,High School,Bronze,F,1,1,57,16.6,3.8,4,2,20.6,390.41,1
USA,Desktop,Bachelor,Bronze,F,0,0,38,4.5,4.9,3,0,16.7,721.55,0
USA,Desktop,Master,Bronze,F,1,0,49,51.0,4.6,7,2,23.3,1954.16,0
France,Tablet,Bachelor,Bronze,F,1,0,18,27.7,4.2,7,2,12.2,427.6,0
Japan,Desktop,Bachelor,Silver,F,1,1,51,9.6,3.6,4,1,22.5,1099.32,1
France,Desktop,High School,Bronze,M,1,0,20,8.1,4.3,8,3,28.0,442.51,0
Germany,Desktop,Bachelor,Bronze,F,0,0,50,13.0,3.8,4,2,10.3,2881.27,1
UK,Desktop,High School,Bronze,M,1,0,43,8.3,4.0,5,2,12.3,5470.78,1
India,Mobile,PhD,Gold,F,1,0,37,71.5,3.0,4,1,5.3,2122.04,1
Germany,Desktop,Bachelor,Bronze,M,1,0,37,8.9,4.2,9,3,3.5,406.23,0
Germany,Desktop,Master,Gold,M,1,1,35,5.2,4.4,2,3,22.5,686.83,0
USA,Mobile,Master,Silver,F,1,0,28,43.4,4.1,8,1,17.6,1021.97,1
UK,Desktop,Bachelor,Silver,M,1,0,36,7.7,3.7,2,5,21.5,179.4,1
UK,Desktop,Bachelor,Bronze,F,1,1,64,22.9,2.4,4,1,5.0,2154.32,1
UK,Mobile,Master,Bronze,M,0,1,54,20.9,3.4,4,1,22.7,153.31,0
France,Mobile,Master,Silver,F,1,0,28,11.6,4.6,5,3,9.4,222.72,0
France,Tablet,High School,Bronze,F,0,0,41,5.6,2.4,11,3,18.6,419.05,0
France,Tablet,Bachelor,Bronze,F,0,1,39,11.7,4.4,5,3,25.4,293.49,1
Brazil,Mobile,Bachelor,Bronze,M,1,0,36,4.8,3.9,7,3,18.5,2180.72,0
India,Desktop,High School,Gold,M,0,0,26,12.0,3.1,6,2,5.1,1087.28,0
Japan,Mobile,Bachelor,Silver,F,1,0,43,22.6,2.8,8,1,15.0,1144.77,0
Canada,Mobile,Master,Silver,M,0,0,48,48.1,4.3,5,1,7.6,2048.46,1
USA,Mobile,Bachelor,Silver,M,1,1,28,5.1,4.7,10,2,16.6,7122.19,1
USA,Mobile,Master,Gold,F,0,0,61,10.0,4.0,3,2,2.4,552.01,1
USA,Desktop,Bachelor,Silver,F,1,0,56,8.0,4.5,6,2,29.5,979.96,1
Japan,Mobile,Bachelor,Silver,M,1,1,45,15.2,3.1,9,3,18.6,2464.56,1
Australia,Mobile,High School,Platinum,M,1,0,23,3.6,2.7,14,2,11.4,396.94,1
USA,Tablet,Master,Gold,M,1,0,43,5.8,4.1,9,3,10.3,2197.6,0
Australia,Desktop,Master,Bronze,F,0,0,41,3.1,3.4,6,3,17.4,372.1,1
USA,Desktop,Master,Bronze,M,0,1,44,3.9,4.0,4,7,20.2,1145.01,1
Australia,Desktop,High School,Gold,F,1,0,57,7.2,4.9,9,1,7.0,1186.85,0
UK,Mobile,High School,Gold,M,1,1,36,46.4,4.4,10,4,16.5,925.33,0
USA,Desktop,High School,Silver,M,0,0,63,16.1,4.6,7,3,25.7,403.4,1
Germany,Desktop,Bachelor,Silver,F,0,1,43,12.8,4.2,5,3,24.3,2007.82,1
UK,Tablet,Master,Silver,M,1,1,35,35.8,4.8,7,5,5.5,2083.15,1
UK,Desktop,High School,Silver,F,1,1,67,16.6,3.6,4,2,11.5,428.18,1
UK,Mobile,Master,Silver,F,1,0,48,17.9,2.9,12,4,23.7,3297.01,0
India,Desktop,Bachelor,Bronze,M,0,0,33,8.3,3.2,7,4,9.3,1329.76,0
France,Mobile,Master,Platinum,F,1,0,39,7.3,4.0,12,2,23.1,3033.79,1
UK,Mobile,PhD,Gold,M,0,0,46,4.3,4.1,11,3,21.3,473.92,1
France,Tablet,High School,Silver,M,1,0,36,7.5,3.2,9,3,5.5,612.34,0
Japan,Tablet,PhD,Bronze,M,1,0,40,9.7,4.6,7,2,20.9,566.13,0
UK,Desktop,High School,Bronze,F,1,1,28,16.1,3.7,6,3,25.1,3059.29,1
Germany,Desktop,Bachelor,Silver,M,1,1,18,11.8,3.5,6,2,27.2,1076.85,0
USA,Desktop,Master,Silver,F,0,0,39,9.1,4.4,4,4,7.3,481.59,1
USA,Mobile,PhD,Silver,F,1,0,40,5.9,4.6,7,0,29.9,673.46,0
Japan,Tablet,Bachelor,Bronze,M,1,1,44,16.8,3.4,3,2,14.7,244.34,1
USA,Mobile,Bachelor,Silver,M,0,0,31,8.2,4.4,6,2,7.5,2880.25,0
France,Mobile,Master,Gold,F,0,0,22,16.2,4.2,4,3,21.7,4918.92,0
Japan,Desktop,Master,Bronze,F,1,0,26,2.6,4.9,11,3,21.4,228.21,0
USA,Mobile,High School,Silver,F,1,0,51,15.9,4.7,7,2,18.4,834.1,1
France,Tablet,Master,Gold,F,1,1,30,22.1,3.4,3,1,4.3,743.39,0
UK,Desktop,Bachelor,Silver,M,1,1,33,20.0,3.5,8,3,1.0,411.27,0
Canada,Mobile,Bachelor,Silver,F,1,0,34,10.4,4.2,4,2,22.1,1311.06,0
Germany,Desktop,Bachelor,Silver,F,1,0,31,25.3,3.6,4,4,10.5,5294.18,1
India,Mobile,Bachelor,Platinum,F,1,0,30,4.4,3.8,5,2,2.9,1687.47,0
France,Mobile,PhD,Bronze,F,1,1,28,11.3,3.9,11,3,27.9,54314.9,1
USA,Desktop,Bachelor,Silver,F,1,1,55,10.4,3.4,6,7,27.8,1569.14,0
Japan,Desktop,PhD,Bronze,F,0,0,46,27.9,4.5,6,5,19.3,1102.51,0
Canada,Desktop,High School,Bronze,F,1,1,53,2.4,3.4,6,1,7.3,467.37,0
France,Mobile,Master,Bronze,M,1,0,55,5.2,3.2,8,2,29.5,3464.74,1
India,Mobile,Master,Bronze,F,0,0,18,49.3,4.5,12,5,7.2,886.78,0
Australia,Desktop,Master,Platinum,M,0,1,42,1.7,4.4,9,0,0.3,2225.35,0
USA,Mobile,Bachelor,Platinum,M,1,0,31,23.4,4.6,5,3,27.0,1070.84,1
USA,Mobile,Bachelor,Bronze,M,1,0,51,7.0,3.2,5,2,5.9,1749.61,0
France,Desktop,Master,Silver,M,1,1,29,14.9,3.0,6,4,18.9,199.4,1
Germany,Desktop,Master,Silver,M,1,0,25,37.8,2.9,7,4,7.2,3294.65,0
India,Mobile,High School,Gold,F,0,0,21,15.4,3.8,4,2,13.4,2123.82,0
Australia,Tablet,Master,Silver,M,1,0,34,38.4,3.7,12,4,12.1,554.93,0
UK,Desktop,Bachelor,Bronze,F,0,0,49,8.2,3.4,5,3,11.2,1253.07,0
USA,Desktop,High School,Gold,M,1,0,41,9.1,3.6,5,1,9.5,893.1,1
Brazil,Desktop,Master,Gold,M,1,0,24,22.9,3.1,3,2,0.5,192.31,0
UK,Mobile,Bachelor,Silver,M,1,1,64,8.6,3.8,9,2,6.4,260.29,1
India,Desktop,Master,Platinum,M,1,1,46,19.6,3.6,5,4,29.8,799.17,1
Germany,Desktop,High School,Platinum,F,1,0,47,31.4,4.7,5,2,0.2,604.23,0
Japan,Mobile,High School,Silver,F,1,0,53,24.4,2.6,8,1,2.2,1481.35,1
USA,Mobile,Bachelor,Silver,M,1,1,18,3.4,2.3,11,1,1.0,2847.49,0
Japan,Desktop,High School,Platinum,M,1,1,27,9.3,3.4,4,0,15.4,811.18,1
Germany,Desktop,Master,Bronze,F,1,0,48,15.3,4.1,5,3,1.1,667.98,1
France,Mobile,High School,Bronze,M,0,1,28,10.0,4.0,5,0,16.1,254.93,1
USA,Desktop,Bachelor,Bronze,M,1,0,35,13.0,4.4,6,2,9.8,1007.78,1
Brazil,Desktop,High School,Gold,F,1,1,37,15.4,3.6,6,4,26.3,2049.5,0
India,Tablet,High School,Gold,M,0,0,23,8.0,2.4,5,2,10.8,525.12,1
USA,Desktop,Master,Bronze,F,1,1,34,10.4,4.1,3,2,24.6,1490.13,1
USA,Mobile,High School,Platinum,F,0,0,49,4.7,4.3,6,6,21.1,2455.01,1
USA,Tablet,Bachelor,Gold,M,1,1,47,8.3,3.6,8,2,29.1,155.09,1
Japan,Desktop,PhD,Gold,M,0,0,51,3.6,4.6,6,4,13.3,2508.16,1
France,Desktop,Master,Bronze,F,1,0,50,13.4,4.5,4,3,28.6,396.72,0
France,Mobile,Master,Silver,M,1,1,43,10.4,4.3,2,4,19.4,2239.68,1
USA,Tablet,High School,Silver,F,1,1,42,5.9,3.2,4,4,11.5,4810.49,0
UK,Tablet,High School,Silver,F,0,1,41,50.8,3.7,2,2,14.7,258.5,0
France,Mobile,Master,Silver,M,0,0,30,10.0,4.5,10,3,21.9,897.08,0
Germany,Desktop,Master,Gold,F,0,1,26,15.3,2.9,9,3,26.6,1511.27,0
Spain,Mobile,Bachelor,Bronze,M,1,1,30,7.3,2.7,8,4,12.2,2796.84,1
USA,Desktop,Master,Gold,M,0,0,34,8.7,3.6,8,1,28.3,511.6,1
Japan,Mobile,Bachelor,Bronze,F,1,0,30,15.8,3.2,7,2,14.4,670.1,0
Germany,Desktop,High School,Bronze,F,1,1,43,9.3,4.5,12,3,23.1,362.33,1
Germany,Desktop,Master,Bronze,F,1,1,40,12.2,4.0,3,1,27.2,1762.28,1
Japan,Mobile,Master,Bronze,M,0,1,42,23.2,2.4,3,1,6.6,95.7,0
Japan,Mobile,Bachelor,Bronze,F,1,1,42,8.0,4.1,7,2,6.0,2284.7,1
Spain,Desktop,Master,Gold,M,0,1,52,4.2,4.3,10,4,20.5,2037.03,0
USA,Desktop,Bachelor,Silver,F,1,1,38,3.6,4.8,5,1,19.0,579.51,1
USA,Tablet,High School,Silver,F,1,1,50,38.5,3.7,6,1,24.9,745.1,1
Brazil,Mobile,Master,Silver,F,0,1,44,25.7,4.1,9,0,16.2,1088.1,1
France,Desktop,Master,Bronze,F,0,1,52,20.6,4.1,7,6,21.8,276.13,1
UK,Desktop,Bachelor,Bronze,F,1,0,57,8.6,4.3,6,1,5.1,975.61,1
USA,Desktop,High School,Silver,F,1,0,45,4.2,3.7,7,4,16.4,1052.87,1
USA,Tablet,High School,Silver,F,1,0,39,9.7,3.6,7,1,0.3,456.8,1
Australia,Mobile,Master,Gold,F,1,1,39,11.3,4.7,5,3,20.5,4747.26,1
USA,Mobile,Bachelor,Silver,F,1,0,32,4.9,3.2,5,0,29.1,227.71,0
UK,Mobile,Master,Gold,F,1,0,32,3.8,1.8,8,3,5.3,722.93,0
USA,Desktop,PhD,Silver,F,1,0,49,3.1,2.3,5,2,4.1,7219.28,0
UK,Mobile,Master,Platinum,M,1,1,26,20.6,4.6,6,5,14.2,388.59,0
USA,Mobile,Bachelor,Bronze,M,1,1,57,4.6,3.8,6,4,13.4,2147.8,1
Germany,Desktop,Master,Silver,F,0,1,36,15.6,3.7,4,1,13.3,761.37,1
USA,Desktop,Bachelor,Silver,F,1,0,72,8.9,4.3,6,3,8.7,2417.94,1
India,Mobile,High School,Platinum,F,0,0,30,19.5,4.1,9,2,4.1,1160.12,1
USA,Tablet,High School,Bronze,M,0,0,41,15.9,3.5,6,7,27.7,1722.25,1
France,Desktop,Bachelor,Silver,M,1,0,34,10.1,3.1,4,3,10.5,1000.56,0
Australia,Tablet,PhD,Bronze,F,1,1,28,13.5,4.6,5,2,12.2,1159.56,0
Japan,Mobile,High School,Silver,F,0,0,51,11.2,4.5,5,1,12.6,947.83,1
France,Desktop,High School,Bronze,M,1,0,25,7.4,2.8,2,4,3.8,1108.54,0
UK,Desktop,PhD,Bronze,F,1,0,30,26.7,4.5,5,5,5.9,890.0,1
UK,Desktop,High School,Silver,F,0,0,45,8.7,4.5,7,2,0.4,1132.61,1
Japan,Mobile,Master,Bronze,M,1,0,47,11.4,4.3,12,1,14.9,435.72,1
Spain,Desktop,Bachelor,Bronze,M,1,0,21,3.9,3.9,5,2,16.6,317.39,0
Japan,Desktop,High School,Bronze,M,0,0,45,15.2,3.6,8,2,6.4,375.34,1
France,Mobile,PhD,Bronze,M,1,0,40,7.5,3.9,3,5,12.7,3153.95,0
Brazil,Mobile,High School,Platinum,M,1,0,27,8.3,4.0,5,2,20.7,1170.25,0
Germany,Desktop,Bachelor,Silver,M,1,1,29,6.2,4.5,4,5,7.8,535.19,0
USA,Desktop,High School,Gold,M,0,1,18,11.0,4.8,9,2,11.0,2731.88,0
France,Mobile,High School,Silver,F,1,0,59,2.4,3.8,6,3,21.1,531.62,1
Canada,Mobile,High School,Platinum,F,0,1,50,21.0,3.6,5,2,17.9,209.33,0
USA,Mobile,High School,Silver,F,1,1,23,11.8,4.7,5,2,15.2,1210.49,0
Japan,Desktop,High School,Silver,M,0,0,48,8.4,3.9,3,3,26.0,657.71,1
USA,Mobile,Master,Silver,F,1,0,31,3.5,1.8,6,1,2.1,448.51,1
France,Mobile,Bachelor,Gold,F,1,0,49,17.2,4.8,9,3,15.8,2895.67,1
USA,Mobile,Bachelor,Silver,F,0,0,32,7.3,4.6,4,2,21.0,2399.6,0
Germany,Mobile,Bachelor,Bronze,F,0,1,34,34.6,4.0,4,1,8.3,964.56,0
Brazil,Desktop,PhD,Bronze,F,0,0,35,18.0,3.0,7,2,8.6,208.71,0
UK,Desktop,PhD,Silver,F,0,1,30,41.6,4.6,7,2,15.0,744.25,0
Japan,Mobile,Master,Silver,F,1,0,55,13.6,4.0,6,3,10.2,1688.04,1
Brazil,Mobile,Master,Bronze,M,1,1,49,28.9,3.2,2,0,12.7,1429.76,0
Australia,Mobile,Bachelor,Bronze,M,1,1,39,17.6,2.6,10,2,20.7,1723.34,1
USA,Desktop,Bachelor,Silver,M,1,1,50,8.5,3.9,8,1,11.2,834.17,1
UK,Tablet,Bachelor,Gold,M,1,1,18,14.2,2.9,6,3,0.8,635.19,1
USA,Mobile,Bachelor,Bronze,M,0,0,23,6.3,3.3,11,3,2.8,1204.32,0
Spain,Desktop,Bachelor,Bronze,F,1,1,44,63.8,3.7,3,1,15.2,1330.42,1
Australia,Desktop,Bachelor,Gold,M,1,0,47,11.2,4.7,5,2,28.1,1024.17,1
France,Mobile,PhD,Silver,F,1,1,41,12.4,4.0,1,6,8.6,5335.48,1
India,Mobile,Master,Bronze,F,1,0,18,16.6,2.8,3,1,0.7,977.42,0
France,Mobile,Bachelor,Gold,M,1,0,25,5.1,4.3,6,3,24.4,477.89,0
Japan,Tablet,Master,Silver,F,1,1,43,35.1,3.9,10,4,23.2,292.1,1
USA,Desktop,High School,Silver,M,0,0,67,5.4,2.8,5,5,26.1,667.73,1
Brazil,Desktop,High School,Platinum,F,0,0,53,4.5,4.3,4,3,14.0,224.25,1
USA,Tablet,Bachelor,Platinum,F,1,0,57,10.7,3.8,7,1,2.3,2112.76,0
India,Tablet,Bachelor,Bronze,M,1,1,42,4.4,3.4,11,7,4.4,410.02,1
Brazil,Mobile,High School,Bronze,F,0,1,42,42.5,2.8,4,0,28.8,1409.98,0
Japan,Tablet,Master,Bronze,F,1,1,26,10.1,4.7,5,3,25.7,1351.11,0
USA,Desktop,Bachelor,Bronze,M,1,1,49,0.9,3.6,6,5,18.2,3904.28,1
UK,Tablet,Bachelor,Bronze,F,1,0,37,14.3,3.7,9,3,1.6,907.16,1
UK,Desktop,High School,Bronze,F,0,0,46,19.0,2.7,11,2,2.0,4142.7,1
UK,Desktop,High School,Platinum,M,1,1,38,8.7,4.7,7,3,5.5,366.16,1
USA,Desktop,Master,Gold,F,1,1,41,4.1,3.7,7,0,19.8,702.26,1
Australia,Desktop,Bachelor,Silver,M,0,0,37,11.2,3.8,8,0,29.2,874.25,0
France,Desktop,PhD,Silver,F,1,0,41,8.3,4.0,3,0,17.4,2862.49,1
UK,Desktop,PhD,Bronze,M,1,0,50,5.6,4.4,7,5,25.1,9453.0,0
UK,Desktop,Bachelor,Bronze,F,1,0,23,5.2,4.4,5,3,23.0,135.36,0
Germany,Desktop,High School,Bronze,F,0,0,20,13.8,3.8,2,2,7.9,9266.84,1
France,Mobile,Master,Gold,M,1,0,43,25.1,3.0,5,4,17.5,2123.05,1
Germany,Desktop,PhD,Bronze,M,0,0,55,17.6,3.7,6,3,21.2,1209.33,0
Australia,Desktop,Bachelor,Gold,M,1,0,58,3.1,4.0,6,3,9.7,985.84,1
Germany,Mobile,Master,Silver,F,1,1,23,19.9,3.1,5,0,18.3,492.72,0
Spain,Tablet,Master,Bronze,M,1,1,33,519.5914171561051,3.5,8,0,3.9,732.95,1
India,Mobile,Bachelor,Bronze,F,1,0,20,37.1,3.6,2,1,24.0,673.45,0
USA,Desktop,Bachelor,Silver,F,1,0,31,5.7,4.6,6,2,9.3,398.57,0
Australia,Mobile,Master,Platinum,F,1,1,51,11.6,4.0,5,3,9.1,2509.35,1
USA,Desktop,Master,Gold,M,1,0,38,19.2,3.6,5,4,21.9,788.03,1
India,Desktop,High School,Bronze,M,0,1,34,8.0,3.4,6,2,23.5,1272.29,1
UK,Desktop,Bachelor,Silver,M,0,0,45,18.9,3.8,7,3,21.9,1848.32,0
India,Mobile,High School,Bronze,F,0,1,28,12.0,3.9,6,2,10.0,1740.79,1
India,Desktop,High School,Platinum,F,1,0,57,6.2,3.0,6,3,27.6,1174.48,1
India,Desktop,PhD,Gold,F,1,0,38,6.6,3.9,9,6,17.9,864.29,1
Brazil,Desktop,High School,Silver,M,1,1,33,33.1,4.5,7,1,10.8,2521.11,1
UK,Tablet,High School,Silver,F,0,1,45,5.5,4.4,5,1,10.4,1952.55,0
USA,Mobile,Bachelor,Silver,M,1,0,49,4.8,4.0,6,1,2.4,762.88,0
Germany,Desktop,Bachelor,Bronze,M,0,1,57,16.0,4.1,8,3,5.0,210.11,1
USA,Mobile,Bachelor,Bronze,F,1,0,35,11.9,4.9,4,1,19.6,144.14,0
Japan,Mobile,High School,Bronze,M,1,1,51,4.3,3.9,7,1,9.4,3884.83,1
UK,Mobile,High School,Platinum,F,0,0,39,8.0,4.1,7,2,7.7,1422.57,0
Canada,Desktop,High School,Silver,F,1,0,31,6.3,4.7,5,1,0.2,390.83,0
Japan,Tablet,Bachelor,Bronze,F,0,1,29,7.3,3.8,5,0,25.3,175.75,1
India,Desktop,High School,Gold,M,1,0,25,91.8,3.4,5,4,8.2,3866.34,1
USA,Mobile,PhD,Bronze,M,1,0,29,9.6,4.2,5,1,9.2,930.68,0
India,Desktop,Bachelor,Bronze,M,1,0,51,6.0,3.7,7,3,29.8,2795.01,1
Australia,Desktop,High School,Bronze,M,1,0,46,61.4,4.2,6,2,14.4,807.97,1
Germany,Desktop,Master,Silver,F,1,1,23,24.8,2.8,5,2,16.1,8061.34,0
France,Mobile,Bachelor,Silver,F,1,0,18,21.8,3.2,6,2,1.8,3031.61,1
Brazil,Desktop,Master,Silver,M,1,1,25,6.3,4.1,12,1,15.2,352.98,0
USA,Mobile,High School,Gold,F,1,0,29,31.6,4.3,5,4,12.8,4728.17,1
Germany,Desktop,Bachelor,Bronze,F,0,0,34,23.4,3.5,7,2,26.1,325.36,0
UK,Mobile,Master,Gold,M,1,0,52,13.7,3.5,6,5,15.7,1765.36,1
USA,Mobile,PhD,Bronze,M,0,1,31,3.1,4.4,12,3,26.1,2239.65,0
UK,Mobile,High School,Gold,M,0,0,58,12.0,4.3,8,3,22.6,739.2,0
USA,Mobile,Bachelor,Silver,F,0,0,18,48.6,3.6,7,1,0.4,336.64,0
USA,Mobile,Bachelor,Silver,F,0,0,34,14.5,4.2,2,2,29.2,244.12,1
USA,Desktop,PhD,Silver,F,0,1,47,9.0,4.0,7,3,2.2,881.84,0
Canada,Mobile,PhD,Silver,M,0,0,48,10.1,3.6,2,2,1.0,2186.39,1
France,Desktop,High School,Bronze,F,1,1,34,10.7,3.4,7,3,9.3,1486.36,1
Canada,Mobile,High School,Gold,M,0,0,50,6.4,4.0,9,1,12.7,1260.94,0
Germany,Mobile,Bachelor,Bronze,F,0,0,48,11.8,2.6,5,2,6.7,924.93,0
UK,Desktop,High School,Bronze,F,1,0,30,38.6,3.4,4,1,14.9,1068.42,1
Germany,Desktop,Bachelor,Silver,M,0,0,42,35.3,4.1,4,2,29.0,359.44,1
Germany,Mobile,High School,Gold,F,0,0,46,6.7,2.7,7,1,16.7,6641.38,1
USA,Mobile,Bachelor,Bronze,F,1,1,31,33.8,3.3,5,2,3.4,2147.78,0
Japan,Tablet,PhD,Platinum,F,0,0,58,22.4,4.6,6,2,27.4,3191.75,0
USA,Mobile,PhD,Platinum,M,0,0,28,458.42101189329475,2.9,9,0,3.3,810.3,0
France,Mobile,Bachelor,Silver,M,1,0,40,17.2,4.7,3,1,13.7,930.86,0
Japan,Tablet,Bachelor,Silver,F,1,0,23,5.8,3.4,4,3,13.9,756.87,0
USA,Desktop,Master,Gold,F,1,0,39,8.8,4.5,5,6,21.8,1343.56,1
USA,Desktop,High School,Bronze,M,1,1,25,23.7,4.6,5,3,20.4,2710.74,1
Brazil,Mobile,Master,Silver,F,1,0,34,4.6,3.4,5,2,18.5,1768.29,0
Germany,Mobile,Bachelor,Platinum,M,1,1,19,5.3,3.5,5,2,19.1,238.09,1
USA,Tablet,High School,Platinum,F,0,0,48,15.6,4.5,3,3,22.8,2536.67,0
Spain,Desktop,Bachelor,Platinum,M,1,0,42,6.5,4.8,11,3,5.2,161.99,1
USA,Desktop,High School,Bronze,M,0,0,51,23.5,3.7,4,1,29.3,991.09,1
Japan,Desktop,Master,Bronze,F,1,0,34,6.7,4.2,8,3,16.4,777.94,0
Spain,Desktop,High School,Bronze,M,1,0,52,14.8,4.3,4,3,21.6,515.94,0
USA,Desktop,Bachelor,Silver,F,1,0,38,15.8,4.3,8,0,17.4,155.22,1
USA,Mobile,High School,Bronze,F,1,0,39,8.3,3.0,8,1,26.3,823.02,0
USA,Desktop,Master,Bronze,M,1,1,63,10.1,4.0,7,4,17.6,861.61,1
UK,Mobile,Bachelor,Silver,M,0,0,32,7.1,4.5,8,2,2.9,411.68,0
USA,Desktop,Bachelor,Gold,F,0,1,53,12.0,4.0,5,3,26.2,1077.72,1
Japan,Mobile,Bachelor,Gold,M,1,0,44,5.6,3.6,5,1,3.1,702.69,0
USA,Desktop,Bachelor,Gold,F,1,1,31,10.2,3.7,3,1,15.6,1473.6,0
Germany,Desktop,High School,Bronze,F,1,0,22,22.2,4.0,6,2,6.1,1180.48,0
Spain,Desktop,Master,Bronze,F,1,0,26,4.9,3.8,7,4,3.6,1244.81,0
India,Tablet,High School,Gold,F,1,1,52,8.3,4.5,2,3,3.7,3289.74,0
France,Mobile,High School,Silver,M,1,0,59,18.4,4.6,7,1,26.0,185.4,1
UK,Mobile,Master,Silver,F,1,0,39,2.3,4.4,4,4,10.4,707.13,0
Japan,Desktop,High School,Bronze,F,1,0,40,53.8,3.3,7,3,10.6,482.74,1
France,Tablet,Bachelor,Bronze,M,1,0,47,28.1,3.9,6,2,20.6,1009.45,1
Germany,Desktop,Bachelor,Silver,F,1,1,39,3.6,4.5,8,4,25.0,2753.73,0
USA,Desktop,Bachelor,Gold,F,1,1,51,2.3,4.1,11,2,24.6,4091.86,1
Australia,Mobile,Master,Platinum,M,1,1,41,12.5,4.3,6,3,19.4,695.19,0
Germany,Tablet,Bachelor,Silver,M,1,1,40,5.0,4.5,2,2,21.5,1199.3,1
USA,Desktop,Bachelor,Silver,F,1,0,30,26.3,3.9,12,3,18.5,3143.47,0
UK,Desktop,Master,Gold,M,1,0,27,16.7,3.5,3,4,25.0,337.77,0
Germany,Tablet,High School,Silver,M,1,1,18,13.4,4.5,2,2,10.3,152.53,0
India,Desktop,Bachelor,Silver,M,1,0,53,7.7,3.5,9,3,7.1,1577.71,1
Brazil,Desktop,Bachelor,Platinum,M,0,0,36,43.8,4.5,6,0,5.9,2304.06,1
Brazil,Mobile,Bachelor,Gold,M,1,0,33,22.3,3.9,6,3,18.1,683.53,0
USA,Tablet,PhD,Platinum,F,1,1,18,19.7,4.5,6,3,7.1,3347.03,0
Germany,Mobile,Master,Bronze,M,1,0,30,31.8,3.3,7,5,3.9,3657.91,0
Germany,Tablet,High School,Silver,F,1,1,29,5.4,3.3,4,3,28.9,1111.84,0
USA,Mobile,High School,Gold,M,1,0,28,34.0,3.4,3,3,11.3,1432.35,1
UK,Desktop,High School,Bronze,M,1,0,42,9.9,3.9,5,1,26.8,420.13,1
Brazil,Tablet,High School,Gold,M,0,1,39,15.9,4.5,6,4,21.1,2437.41,0
USA,Desktop,High School,Bronze,M,0,1,22,10.7,3.4,4,3,10.5,1178.11,1
France,Desktop,Bachelor,Gold,M,1,0,22,2.7,2.3,8,3,4.3,4600.32,0
USA,Mobile,Master,Silver,F,1,0,22,26.2,4.7,4,2,25.2,436.32,0
USA,Desktop,Master,Bronze,F,0,0,60,2.8,3.0,5,5,26.7,1193.39,1
USA,Desktop,High School,Silver,M,0,1,56,5.6,3.8,5,1,5.5,2164.81,1
Canada,Desktop,Bachelor,Silver,M,1,0,28,8.5,3.5,3,7,18.9,3128.91,1
India,Desktop,Bachelor,Silver,M,1,0,18,2.6,4.2,7,2,16.9,786.13,1
Canada,Mobile,Master,Silver,F,1,1,40,5.1,4.1,6,2,27.9,836.05,0
Germany,Mobile,Master,Gold,F,1,0,39,14.8,4.1,2,3,19.4,1659.29,1
USA,Tablet,PhD,Silver,M,1,0,42,9.2,3.9,9,2,8.1,2880.93,1
France,Desktop,Bachelor,Silver,M,1,1,47,9.9,3.6,8,0,21.5,724.87,1
Germany,Desktop,Master,Bronze,F,1,1,43,5.9,4.6,7,1,15.8,662.48,0
India,Desktop,High School,Platinum,M,1,1,25,12.6,3.3,7,4,10.4,2856.17,0
USA,Desktop,Bachelor,Bronze,F,1,0,42,9.4,4.3,4,2,18.2,901.14,0
Germany,Desktop,High School,Silver,M,1,1,48,3.3,3.1,6,6,28.9,311.59,0
USA,Mobile,Bachelor,Gold,F,0,1,29,10.4,3.2,6,3,24.5,1118.91,1
UK,Tablet,Bachelor,Bronze,F,0,0,42,4.5,4.2,4,3,22.3,713.84,0
Brazil,Tablet,High School,Silver,F,0,1,31,25.0,4.7,3,2,2.3,2854.29,1
Germany,Desktop,High School,Bronze,F,1,0,62,8.9,2.9,5,2,3.6,482.7,1
UK,Tablet,High School,Gold,M,1,1,107,426.0323124043167,3.2,1,5,18.4,1862.92,1
UK,Desktop,High School,Silver,F,1,1,52,26.4,3.8,4,4,1.0,1251.83,1
Germany,Desktop,High School,Gold,M,0,1,18,11.0,3.1,13,3,19.3,1206.05,0
Brazil,Tablet,High School,Gold,F,1,0,60,19.4,4.0,4,4,9.1,4910.13,1
Australia,Mobile,High School,Silver,F,1,1,24,2.3,4.1,8,5,4.8,5251.49,0
Canada,Desktop,High School,Gold,M,1,0,40,26.3,3.0,3,2,1.4,2206.96,0
Brazil,Desktop,PhD,Silver,M,0,1,18,6.3,4.5,10,2,6.3,991.92,0
UK,Desktop,Bachelor,Bronze,F,1,1,22,13.1,3.8,2,3,20.9,1222.88,1
Japan,Mobile,High School,Silver,F,1,0,49,6.8,3.0,3,1,13.5,2049.9,0
Germany,Mobile,Bachelor,Platinum,F,1,0,50,7.4,4.4,8,2,1.0,1524.36,1
UK,Tablet,Master,Silver,M,1,1,41,10.5,4.6,5,3,2.1,1650.71,1
India,Desktop,Master,Bronze,M,1,0,47,13.0,3.8,8,5,17.5,280.14,1
USA,Desktop,High School,Bronze,M,1,1,51,11.9,4.3,7,4,25.1,2369.37,1
Australia,Mobile,Bachelor,Silver,F,1,0,30,12.2,4.1,10,1,17.9,5707.77,1
Germany,Mobile,Master,Bronze,F,1,1,21,3.3,3.6,10,1,11.6,1796.31,0
Japan,Desktop,Master,Silver,F,0,0,38,78.7,3.0,7,1,13.1,1495.83,1
Japan,Mobile,Master,Silver,F,1,0,31,14.7,4.6,6,2,12.0,28146.62,0
Australia,Tablet,Master,Silver,F,0,1,43,17.3,4.5,3,1,26.9,482.0,1
Japan,Tablet,Master,Bronze,F,0,1,45,9.3,3.9,4,1,4.6,3186.82,1
France,Mobile,Bachelor,Silver,F,1,0,30,6.1,4.8,7,1,11.4,575.76,0
USA,Tablet,Bachelor,Gold,F,0,1,46,13.7,4.4,6,3,9.2,4069.24,0
Germany,Mobile,Bachelor,Platinum,M,0,0,46,15.4,3.1,7,3,17.7,280.73,1
USA,Mobile,Master,Silver,F,1,1,47,34.5,4.1,8,1,20.8,4433.06,1
Brazil,Desktop,High School,Bronze,M,1,0,33,64.2,3.7,6,2,15.5,1676.1,0
Germany,Desktop,PhD,Platinum,M,0,0,47,39.7,4.4,4,2,29.7,802.31,0
Japan,Desktop,High School,Gold,F,1,0,44,3.0,3.9,5,3,7.6,432.29,0
USA,Mobile,Bachelor,Bronze,F,0,0,46,8.4,4.5,6,3,0.6,2413.43,1
USA,Desktop,Master,Bronze,F,0,1,58,15.9,3.9,9,3,21.7,10073.6,0
Japan,Tablet,High School,Bronze,M,1,1,42,8.8,3.5,3,1,7.3,1234.92,1
USA,Desktop,Bachelor,Bronze,F,0,0,31,11.8,3.7,4,1,29.1,701.97,0
USA,Desktop,High School,Bronze,F,1,0,25,2.2,4.1,5,2,24.1,2225.8,0
USA,Mobile,Bachelor,Platinum,M,0,1,52,25.3,3.4,3,6,18.8,111.46,1
Canada,Desktop,High School,Silver,F,1,0,42,2.7,3.7,5,1,21.1,4838.36,1
Brazil,Desktop,Bachelor,Silver,M,1,0,58,3.5,3.6,4,2,24.0,1832.17,0
UK,Desktop,Bachelor,Gold,M,1,0,18,5.4,3.0,8,3,20.5,3107.96,1
UK,Mobile,PhD,Gold,F,1,0,49,11.3,3.0,10,3,9.4,2458.74,1
UK,Desktop,PhD,Gold,M,1,0,35,3.3,3.4,6,2,15.2,2743.07,0
Brazil,Mobile,High School,Platinum,M,1,1,34,5.2,3.4,2,2,9.4,878.22,1
Japan,Mobile,Master,Silver,M,0,0,29,30.5,3.0,5,1,21.1,500.16,0
USA,Desktop,High School,Platinum,M,1,1,49,11.1,4.5,2,0,0.3,286.68,0
USA,Desktop,High School,Gold,M,0,0,45,17.2,4.5,6,2,11.6,2181.9,1
USA,Desktop,High School,Bronze,M,1,0,24,4.5,3.4,5,3,4.8,304.97,1
Japan,Mobile,PhD,Silver,M,1,0,40,11.7,4.2,6,2,28.5,2495.0,0
Brazil,Desktop,PhD,Silver,M,0,1,46,10.9,4.1,3,2,21.6,1217.25,0
UK,Desktop,High School,Platinum,M,1,0,40,6.4,4.1,4,2,15.1,297.39,0
USA,Mobile,High School,Bronze,M,0,0,51,11.7,4.0,7,1,7.3,415.17,1
USA,Mobile,High School,Silver,F,1,1,35,2.7,2.9,4,0,0.6,6469.88,1
Canada,Desktop,Bachelor,Bronze,F,0,0,18,17.3,4.1,10,0,22.7,1877.2,0
UK,Desktop,Bachelor,Bronze,M,1,1,40,8.8,3.7,9,3,14.9,171.92,0
Brazil,Tablet,High School,Bronze,F,0,1,40,9.9,3.8,8,2,2.7,829.13,1
Japan,Tablet,Master,Silver,F,0,0,42,24.1,4.3,5,2,17.3,923.42,0
UK,Mobile,Bachelor,Gold,F,1,0,51,17.2,3.9,12,0,1.2,792.36,1
USA,Mobile,PhD,Bronze,M,0,0,18,9.4,3.8,8,1,13.0,123.25,0
USA,Mobile,Master,Silver,F,1,1,35,5.0,4.5,7,2,13.2,1958.0,1
France,Tablet,Bachelor,Bronze,M,1,0,27,35.3,3.2,8,4,25.9,1955.79,1
Brazil,Tablet,Master,Bronze,M,0,1,24,4.2,3.4,6,1,29.6,436.07,0
Japan,Desktop,Master,Silver,M,1,1,37,20.2,3.6,4,3,4.3,62.12,1
France,Mobile,High School,Bronze,M,0,0,46,3.4,4.0,5,2,21.1,920.62,0
USA,Desktop,Bachelor,Silver,F,0,1,42,25.4,-0.3909673195194301,6,3,26.2,5737.97,0
Canada,Desktop,PhD,Bronze,F,0,0,30,27.3,3.6,6,4,12.9,977.91,1
Brazil,Mobile,High School,Bronze,F,1,0,36,2.6,4.2,11,3,9.8,355.26,0
UK,Desktop,High School,Silver,M,0,1,49,17.5,3.2,6,2,0.6,3857.79,1
Canada,Tablet,Bachelor,Silver,M,1,0,46,16.3,4.2,8,4,16.9,5187.21,0
France,Desktop,Master,Bronze,M,1,0,31,21.4,3.4,7,4,5.4,647.57,0
France,Mobile,Master,Silver,M,1,1,31,16.3,3.1,8,1,2.2,2146.61,0
Brazil,Tablet,PhD,Gold,F,1,1,18,5.6,4.3,7,2,0.1,1178.48,0
India,Tablet,Bachelor,Gold,F,1,0,33,10.2,3.3,4,3,28.8,1285.38,0
Japan,Desktop,High School,Bronze,F,1,1,18,46.1,4.1,4,0,25.7,838.45,0
USA,Desktop,Bachelor,Silver,F,0,0,63,5.0,3.7,5,3,28.9,380.82,1
UK,Mobile,Master,Silver,M,1,1,28,15.8,3.4,7,2,28.3,393.27,1
Australia,Desktop,High School,Bronze,M,1,1,51,30.6,4.4,5,2,18.8,396.97,1
USA,Tablet,High School,Gold,F,1,0,60,5.5,4.0,13,2,18.2,1002.99,1
UK,Tablet,High School,Platinum,M,0,0,41,3.9,3.7,9,3,25.4,2335.72,0
Germany,Desktop,Bachelor,Gold,F,0,1,37,4.4,4.9,5,5,28.4,5420.12,1
Germany,Desktop,Master,Gold,M,1,1,22,16.7,3.8,7,1,17.7,1567.06,0
France,Desktop,Master,Gold,M,0,0,32,4.4,4.3,5,1,3.6,562.49,0
Canada,Tablet,PhD,Silver,F,1,0,57,10.9,3.8,3,2,3.9,799.31,1
USA,Desktop,High School,Silver,F,0,0,42,36.5,2.9,4,1,19.8,3431.6,1
USA,Desktop,PhD,Gold,M,1,0,38,11.7,3.9,6,4,2.4,6649.69,1
USA,Desktop,Master,Silver,F,1,1,54,6.5,4.5,9,2,18.4,381.62,1
Australia,Mobile,Bachelor,Bronze,M,0,0,46,13.5,3.8,7,3,28.9,438.41,0
Japan,Desktop,PhD,Bronze,F,0,1,36,11.5,4.5,7,3,0.1,1063.56,0
UK,Desktop,High School,Gold,M,1,1,41,17.5,3.9,6,1,5.6,6484.29,0
India,Tablet,Master,Bronze,M,0,1,29,44.5,4.0,9,2,28.3,2464.0,0
India,Tablet,Master,Silver,F,1,0,31,16.7,3.2,2,1,14.7,1064.74,0
India,Mobile,Master,Platinum,M,1,1,36,62.0,2.9,5,1,8.6,2757.01,0
Australia,Desktop,Bachelor,Gold,F,0,1,45,17.5,3.9,7,3,7.5,2836.67,1
UK,Desktop,High School,Platinum,F,1,0,23,6.6,4.8,3,5,25.9,701.49,0
Brazil,Mobile,Bachelor,Silver,M,1,0,39,76.0,3.9,3,1,12.9,808.21,1
Germany,Desktop,Bachelor,Bronze,F,1,1,33,11.0,4.1,4,4,19.1,1900.05,0
India,Tablet,Master,Gold,F,0,0,27,5.2,3.8,3,1,9.3,596.26,0
Brazil,Mobile,Master,Bronze,M,1,1,33,78.2,4.5,7,5,16.4,2209.52,1
Brazil,Desktop,PhD,Silver,F,1,0,18,6.8,4.0,8,1,23.9,3041.79,0
Japan,Tablet,High School,Bronze,F,1,0,29,6.6,4.4,1,8,10.2,723.99,0
USA,Tablet,Master,Bronze,F,0,0,25,7.8,4.6,8,0,11.9,731.68,0
France,Desktop,PhD,Silver,F,0,0,35,13.9,3.3,4,2,13.3,738.99,0
Spain,Mobile,Master,Bronze,F,1,0,18,25.7,3.1,10,2,18.0,2480.07,0
Australia,Desktop,High School,Silver,F,1,0,40,1.5,4.6,6,1,9.1,3501.02,1
USA,Desktop,High School,Gold,F,1,0,49,25.6,3.9,5,3,13.4,1455.27,1
USA,Desktop,High School,Bronze,M,0,0,37,7.8,4.6,5,4,16.4,437.48,1
USA,Mobile,Bachelor,Bronze,M,1,0,44,8.8,2.3,9,6,10.6,583.6,1
Brazil,Tablet,Bachelor,Silver,M,1,1,32,48.0,3.5,6,5,0.2,1530.52,1
India,Mobile,PhD,Silver,F,1,0,19,14.4,4.8,7,5,8.1,167.38,0
USA,Desktop,Bachelor,Platinum,F,0,1,38,17.4,3.1,8,1,24.5,261.09,1
Germany,Mobile,Bachelor,Bronze,M,1,1,46,11.7,4.1,4,1,8.5,641.35,1
India,Desktop,Bachelor,Gold,M,1,0,22,22.4,2.4,6,5,24.7,4340.89,0
Brazil,Tablet,Master,Silver,M,0,0,32,44.5,2.9,11,1,12.3,683.39,0
France,Desktop,PhD,Silver,M,1,1,35,1.7,4.8,9,2,26.0,222.45,1
France,Desktop,Master,Bronze,F,1,1,72,29.0,4.3,9,0,11.3,1802.8,1
Germany,Desktop,Bachelor,Silver,F,1,0,41,42.0,3.0,3,0,8.8,4651.9,0
UK,Mobile,Bachelor,Bronze,F,1,1,18,18.2,3.9,2,0,7.1,1017.53,0
France,Desktop,Master,Bronze,M,1,0,18,7.1,4.0,6,3,9.1,470.38,0
Japan,Mobile,Bachelor,Silver,F,0,0,47,4.8,3.2,1,3,5.9,589.1,0
India,Desktop,High School,Gold,F,0,0,68,80.6,4.5,2,2,22.5,455.8,1
Japan,Desktop,High School,Gold,F,1,0,35,5.9,4.2,5,3,29.5,13702.55,0
Brazil,Mobile,High School,Silver,F,0,1,34,41.0,4.3,3,4,11.9,463.04,0
USA,Tablet,Master,Silver,M,1,1,43,16.6,4.5,7,1,10.0,1398.24,0
Germany,Tablet,High School,Silver,M,1,1,28,62.6,3.9,8,3,19.1,841.03,1
USA,Desktop,High School,Platinum,F,0,0,18,9.4,4.9,8,4,12.9,3283.2,1
USA,Desktop,High School,Silver,F,1,0,50,3.4,3.9,12,4,1.4,956.38,1
Brazil,Desktop,Bachelor,Bronze,F,1,0,31,12.2,3.7,4,2,10.3,528.74,1
Spain,Mobile,Bachelor,Bronze,M,0,0,51,3.7,3.3,6,3,24.0,5305.34,1
USA,Mobile,Master,Silver,F,1,0,29,103.7,3.9,7,2,2.1,623.17,1
Germany,Tablet,High School,Silver,M,1,0,39,20.2,4.7,5,4,7.8,1631.33,0
India,Tablet,High School,Bronze,F,1,0,48,22.7,4.0,9,7,29.2,658.53,1
USA,Desktop,Bachelor,Gold,F,1,1,51,22.7,4.2,6,2,8.5,678.13,0
France,Mobile,Bachelor,Gold,F,0,1,41,7.0,3.5,5,1,25.5,351.19,1
Brazil,Tablet,High School,Silver,F,0,0,40,11.0,3.3,5,2,27.0,604.57,0
France,Mobile,High School,Bronze,M,0,1,45,13.3,2.8,7,2,20.5,1107.43,0
USA,Desktop,Master,Bronze,M,1,0,44,57.7,3.7,13,4,14.2,393.85,1
UK,Desktop,Master,Platinum,M,1,0,23,4.8,2.8,7,1,28.7,2947.88,0
Brazil,Desktop,High School,Gold,M,0,1,23,6.8,4.5,7,3,28.9,1285.35,0
France,Desktop,High School,Bronze,F,1,1,18,9.1,4.0,7,4,19.1,329.1,0
USA,Desktop,PhD,Bronze,M,0,0,47,7.1,4.7,8,2,22.4,1230.13,1
Brazil,Desktop,Master,Silver,F,0,0,33,3.8,4.0,9,2,26.4,1599.99,1
USA,Mobile,Bachelor,Bronze,M,1,1,48,1.4,3.4,7,1,3.2,1459.08,1
Brazil,Desktop,Master,Silver,F,0,0,43,2.8,3.9,4,3,17.0,1037.08,0
USA,Desktop,Master,Platinum,F,1,0,26,29.3,3.2,3,5,25.9,2473.32,0
Canada,Desktop,Master,Bronze,M,0,1,37,12.1,3.7,7,2,27.4,627.67,0
UK,Mobile,Bachelor,Bronze,M,1,0,33,23.8,4.0,1,1,30.0,649.41,1
UK,Tablet,Bachelor,Gold,M,1,0,31,7.6,3.0,6,1,22.0,681.24,1
USA,Mobile,High School,Bronze,F,1,0,49,11.3,3.8,11,4,6.3,408.69,0
UK,Desktop,PhD,Platinum,F,1,1,68,44.3,4.2,6,0,19.0,1378.11,1
India,Tablet,Bachelor,Silver,M,1,1,51,42.2,4.5,3,2,29.7,2709.1,1
Spain,Desktop,High School,Platinum,F,1,0,38,25.9,4.8,5,5,17.6,421.48,1
UK,Desktop,PhD,Bronze,M,1,0,53,14.3,4.2,8,4,11.6,9513.78,1
Germany,Desktop,PhD,Bronze,F,1,0,59,18.4,2.2,8,2,8.1,317.54,1
Brazil,Desktop,PhD,Silver,M,1,0,21,16.4,3.1,4,1,10.5,1735.02,0
Australia,Desktop,Master,Silver,F,1,0,53,10.7,3.7,5,3,22.1,4349.38,0
France,Tablet,PhD,Bronze,F,0,0,47,8.8,2.6,6,4,6.3,9673.56,1
UK,Mobile,High School,Platinum,F,1,0,52,29.9,4.4,8,4,19.2,2460.88,0
Germany,Desktop,Master,Gold,M,1,1,48,4.3,3.6,5,93,18.8,2866.2,1
Japan,Tablet,Master,Silver,M,1,0,35,40.0,4.4,1,3,7.9,973.66,1
USA,Desktop,High School,Bronze,F,0,0,62,9.8,4.4,4,3,15.1,1861.95,1
France,Desktop,High School,Gold,M,0,0,42,4.3,2.9,1,2,26.0,1129.42,0
UK,Mobile,PhD,Gold,M,0,1,33,7.9,3.9,7,1,23.9,1011.51,0
Brazil,Mobile,High School,Silver,F,1,0,44,6.1,3.1,9,1,17.6,915.07,1
USA,Desktop,Master,Platinum,M,0,0,50,7.7,3.7,3,2,20.0,1269.19,0
France,Desktop,High School,Bronze,M,1,1,39,7.6,3.4,5,3,1.1,1277.5,0
Germany,Mobile,High School,Bronze,F,0,1,43,7.3,3.8,5,1,2.7,222.32,0
Japan,Mobile,Bachelor,Bronze,F,0,1,39,9.5,4.0,6,3,11.2,2569.37,1
USA,Mobile,High School,Gold,M,1,0,30,11.6,2.6,2,4,11.5,1153.75,0
France,Desktop,Master,Silver,F,1,0,28,22.4,4.3,5,2,8.9,407.19,1
France,Desktop,Bachelor,Bronze,F,0,1,21,10.0,3.1,6,3,19.5,1418.2,0
France,Desktop,High School,Bronze,M,1,0,56,15.8,4.1,8,0,18.2,2389.13,1
France,Desktop,High School,Bronze,F,0,0,35,12.3,4.0,10,4,20.5,337.45,1
Japan,Tablet,Bachelor,Bronze,F,0,1,18,18.8,4.4,6,3,6.9,1791.39,0
India,Mobile,High School,Silver,M,1,1,43,12.6,3.6,9,5,0.1,625.62,0
UK,Desktop,Master,Bronze,F,1,1,43,7.3,4.8,6,2,29.0,1079.67,1
India,Mobile,Bachelor,Bronze,M,1,1,18,5.8,4.1,11,3,23.2,1052.81,0
Germany,Mobile,High School,Gold,F,1,1,28,14.4,4.5,9,2,13.7,951.03,1
USA,Desktop,Bachelor,Silver,F,1,1,27,33.7,2.3,9,2,1.3,731.3,1
USA,Mobile,High School,Gold,M,0,0,29,10.1,2.9,8,2,6.0,1513.76,1
UK,Tablet,High School,Bronze,F,0,1,53,7.0,3.7,7,0,1.6,278.06,1
Brazil,Mobile,High School,Bronze,F,0,0,36,9.9,4.8,9,1,14.3,670.91,0
Japan,Desktop,Master,Silver,M,1,0,33,7.8,4.4,1,3,6.5,206.19,1
Brazil,Mobile,PhD,Bronze,F,0,0,51,7.1,4.6,4,1,16.2,565.38,1
Germany,Mobile,Master,Bronze,M,0,0,44,3.8,2.9,4,1,1.9,378.62,1
Germany,Desktop,Bachelor,Gold,F,1,0,18,10.0,3.2,7,1,21.3,645.86,1
USA,Desktop,High School,Platinum,F,0,0,31,14.7,3.7,2,2,3.0,1183.91,1
UK,Tablet,Bachelor,Bronze,F,0,0,42,5.1,4.2,5,3,9.3,1433.58,0
Germany,Desktop,Master,Bronze,F,0,0,27,6.0,3.9,2,2,19.4,5197.66,0
USA,Mobile,PhD,Platinum,F,0,0,62,5.7,4.2,7,1,3.2,1665.22,1
USA,Mobile,High School,Bronze,F,1,0,39,4.0,3.5,7,5,29.4,228.76,0
France,Desktop,High School,Silver,F,1,0,29,5.7,4.3,4,2,5.7,575.83,0
Brazil,Desktop,Master,Platinum,F,0,1,25,10.4,4.3,2,8,1.1,536.91,0
Spain,Mobile,Master,Platinum,F,0,0,49,4.2,3.7,10,0,20.1,387.48,0
Australia,Desktop,Master,Silver,M,1,0,30,10.9,4.2,4,4,11.4,3408.87,0
Japan,Mobile,Master,Bronze,F,1,0,43,6.9,4.4,4,2,29.0,1349.19,1
Germany,Mobile,PhD,Bronze,F,1,1,24,5.8,4.9,7,3,2.6,1689.31,0
Japan,Mobile,Bachelor,Gold,F,1,1,39,16.5,4.4,8,0,10.7,302.23,0
Brazil,Tablet,PhD,Platinum,F,0,0,30,7.3,3.9,9,2,17.8,1661.0,1
USA,Mobile,PhD,Silver,M,1,1,34,8.4,3.1,8,2,16.3,2247.07,0
Germany,Desktop,Master,Gold,M,1,1,28,34.4,4.3,6,2,14.6,1432.87,1
India,Tablet,Bachelor,Gold,M,0,1,50,5.8,4.1,5,1,11.5,770.62,0
UK,Mobile,High School,Silver,F,1,0,32,42.6,4.3,11,0,25.0,3676.99,1
France,Desktop,Bachelor,Gold,F,0,1,36,9.2,3.9,10,3,4.1,3055.42,1
France,Desktop,Bachelor,Silver,F,0,0,37,4.9,3.0,12,4,15.0,881.32,0
USA,Mobile,Master,Silver,M,1,1,57,7.8,3.4,9,1,17.2,1475.04,1
UK,Desktop,High School,Bronze,F,1,1,49,12.9,3.5,3,3,26.5,866.88,1
UK,Mobile,High School,Gold,F,0,1,47,33.2,3.6,10,1,8.5,272.2,1
USA,Mobile,Master,Silver,F,1,0,19,23.1,3.1,6,6,8.2,444.0,1
USA,Desktop,High School,Bronze,M,1,1,30,12.8,4.5,5,2,24.3,338.72,1
India,Mobile,Bachelor,Gold,F,0,0,52,33.4,3.6,6,0,8.3,2323.33,1
UK,Desktop,Bachelor,Silver,F,1,0,24,2.7,4.3,4,1,1.6,364.71,0
Germany,Desktop,Bachelor,Platinum,F,1,0,39,14.9,4.5,6,2,15.7,813.73,1
UK,Mobile,High School,Bronze,F,1,1,25,15.6,3.9,5,1,22.8,1246.08,0
Canada,Desktop,Master,Silver,F,1,0,26,15.8,4.1,9,1,4.6,644.11,0
UK,Mobile,Bachelor,Bronze,M,1,0,58,3.4,4.5,9,3,22.9,2015.69,1
Germany,Mobile,PhD,Platinum,M,1,0,47,5.4,3.6,3,2,10.6,1212.46,0
India,Mobile,Bachelor,Bronze,F,0,1,50,10.7,3.3,5,0,28.5,345.36,1
India,Desktop,High School,Silver,M,1,1,47,29.7,4.4,4,0,2.6,4144.2,1
USA,Desktop,High School,Gold,M,0,1,36,56.4,3.6,3,1,9.5,2347.28,0
India,Mobile,High School,Bronze,M,0,0,30,7.2,4.0,2,0,6.3,1621.28,0
Germany,Tablet,Bachelor,Platinum,F,0,1,33,4.3,4.4,5,2,26.9,1343.74,1
Germany,Mobile,High School,Gold,F,1,1,36,23.4,4.4,7,0,8.4,1376.98,1
USA,Mobile,Bachelor,Bronze,M,0,1,59,98.6,3.4,6,4,8.0,1177.27,1
USA,Desktop,Bachelor,Bronze,F,1,1,22,29.5,4.4,6,2,21.1,512.66,0
Brazil,Desktop,High School,Bronze,F,1,1,31,6.7,3.8,4,5,28.5,558.31,0
Germany,Mobile,High School,Bronze,M,0,1,27,120.0,4.3,5,2,17.7,1111.11,1
Germany,Desktop,Master,Gold,M,1,0,51,21.1,3.8,5,3,28.3,1306.8,1
Brazil,Desktop,PhD,Platinum,F,1,0,60,6.5,4.0,7,3,19.7,2971.02,1
Brazil,Tablet,High School,Bronze,F,1,1,42,57.3,4.5,7,3,5.9,572.08,1
USA,Desktop,High School,Silver,M,0,0,43,6.1,4.3,4,2,22.3,7563.24,0
France,Desktop,PhD,Silver,M,1,1,39,7.4,4.2,4,1,8.9,2204.34,1
USA,Desktop,High School,Bronze,M,1,0,43,21.8,4.0,6,1,9.3,1134.68,0
Brazil,Tablet,PhD,Bronze,M,1,0,47,11.9,2.9,6,2,24.3,751.74,1
Japan,Mobile,High School,Bronze,M,0,0,43,12.5,4.6,3,4,7.8,454.45,1
Canada,Mobile,Master,Silver,F,1,1,44,12.6,2.6,3,3,10.0,1668.79,1
USA,Tablet,Bachelor,Silver,F,1,1,47,29.7,3.0,7,4,29.6,930.07,1
USA,Desktop,PhD,Gold,F,0,0,18,1.9,3.6,5,1,5.1,1332.76,0
UK,Mobile,Bachelor,Bronze,M,0,0,38,15.3,4.7,8,4,19.0,1150.22,0
UK,Desktop,Master,Gold,F,1,0,42,9.7,4.6,6,1,11.8,618.65,0
USA,Desktop,High School,Silver,M,0,0,43,6.7,3.9,7,2,9.6,928.5,1
Australia,Mobile,High School,Gold,M,1,0,36,6.7,4.2,8,1,4.0,2045.1,1
USA,Mobile,Master,Silver,F,0,1,40,1.5,4.4,5,4,16.0,1691.95,1
UK,Desktop,Bachelor,Gold,F,1,1,29,6.4,3.9,4,1,17.1,614.31,0
Brazil,Desktop,PhD,Gold,M,0,0,18,34.2,4.6,7,3,20.6,1795.02,0
Germany,Mobile,Bachelor,Silver,F,1,0,50,23.7,3.7,7,3,23.6,1149.73,0
Brazil,Desktop,Master,Bronze,F,1,1,24,10.5,2.6,12,6,12.4,1498.53,0
USA,Desktop,Bachelor,Platinum,F,1,1,36,3.9,3.9,13,4,16.2,761.93,0
Germany,Desktop,PhD,Gold,F,1,1,29,23.5,2.5,11,4,2.0,1837.44,0
USA,Desktop,PhD,Platinum,F,0,0,57,34.7,-0.9276847063762875,2,3,12.5,1120.46,1
USA,Mobile,Bachelor,Gold,F,0,0,37,27.9,3.9,6,1,4.0,927.99,1
Australia,Desktop,Master,Silver,F,1,0,34,5.6,4.1,5,3,0.0,4192.28,0
USA,Desktop,Master,Bronze,M,1,1,47,6.1,3.5,5,0,1.8,1145.77,1
France,Mobile,High School,Bronze,M,1,1,64,45.8,4.2,7,5,0.7,820.66,0
Germany,Tablet,Bachelor,Platinum,F,1,0,43,4.6,4.1,8,3,11.8,4375.48,0
UK,Desktop,High School,Bronze,F,1,1,33,17.9,4.1,5,3,11.5,830.29,0
Australia,Desktop,Master,Bronze,M,1,0,46,2.9,3.8,5,0,6.0,2281.47,0
USA,Desktop,High School,Gold,F,0,1,19,9.6,4.5,5,1,14.0,2348.91,0
Japan,Mobile,High School,Gold,M,1,0,39,19.5,4.2,2,2,2.4,934.25,1
Canada,Mobile,Bachelor,Bronze,F,1,0,62,11.9,3.7,6,4,8.8,315.45,1
France,Mobile,Bachelor,Bronze,M,1,0,40,18.5,4.2,7,0,1.4,3722.84,1
Australia,Tablet,Master,Silver,F,0,0,39,4.6,1.6,3,3,0.2,945.84,0
USA,Mobile,PhD,Bronze,F,0,1,38,6.3,4.4,6,2,17.6,2638.05,0
Germany,Mobile,Bachelor,Gold,M,0,0,33,17.9,4.1,11,3,21.5,876.16,0
UK,Mobile,High School,Bronze,M,1,1,42,21.3,4.6,6,0,7.8,977.97,1
Brazil,Desktop,Master,Gold,F,1,0,47,14.5,4.3,3,1,20.8,561.32,0
Spain,Tablet,Bachelor,Gold,F,0,0,34,26.0,4.1,6,4,18.8,333.15,0
UK,Desktop,Bachelor,Silver,F,1,1,18,3.2,4.2,7,2,23.3,6843.21,0
Japan,Desktop,Bachelor,Bronze,F,1,1,44,8.4,3.7,3,3,6.2,3664.17,1
USA,Mobile,Bachelor,Silver,M,1,0,64,52.4,2.9,2,2,14.4,1425.18,1
France,Desktop,Bachelor,Silver,F,0,1,33,34.0,3.1,7,4,6.3,4401.83,1
Germany,Mobile,Master,Bronze,F,1,1,20,20.2,2.3,5,4,26.1,304.5,1
Canada,Mobile,Bachelor,Gold,F,1,0,46,10.8,2.6,4,2,19.4,7482.8,1
France,Desktop,Master,Silver,F,0,1,59,27.9,2.3,6,4,2.6,373.76,1
UK,Mobile,Bachelor,Gold,F,1,0,44,17.2,4.5,5,4,11.0,1216.92,1
USA,Desktop,High School,Bronze,F,1,0,59,3.6,3.7,2,4,1.2,4748.77,0
USA,Desktop,Master,Bronze,M,0,1,48,27.0,4.1,5,3,29.5,776.58,0
USA,Mobile,Bachelor,Platinum,M,0,0,46,6.1,4.4,9,1,24.7,599.9,0
UK,Mobile,High School,Silver,F,1,0,32,22.4,4.5,10,5,10.6,1415.86,1
India,Mobile,Bachelor,Silver,F,0,0,41,3.3,3.8,8,4,11.5,3314.08,1
France,Desktop,Bachelor,Silver,F,0,1,38,43.8,4.0,8,5,11.1,1587.55,1
France,Mobile,Master,Bronze,F,1,1,37,9.8,3.7,3,7,19.7,1370.03,0
USA,Desktop,Bachelor,Gold,M,1,0,35,5.0,3.5,3,2,10.4,191.93,1
India,Tablet,Master,Bronze,F,1,1,41,529.6076027022375,4.4,2,2,6.4,499.39,0
Brazil,Desktop,High School,Silver,M,1,0,22,9.3,4.5,6,0,8.0,784.52,0
USA,Mobile,Bachelor,Silver,M,0,1,48,12.1,3.4,9,3,23.9,615.6,0
Japan,Desktop,PhD,Platinum,M,1,1,27,35.0,3.9,7,1,3.1,552.31,1
France,Desktop,Master,Silver,F,1,1,35,12.9,3.0,4,3,12.9,940.01,0
USA,Mobile,High School,Bronze,M,1,0,42,2.1,4.4,6,3,11.9,837.21,1
Germany,Tablet,High School,Silver,F,1,1,27,4.6,3.5,5,2,16.7,430.62,1
Germany,Mobile,Bachelor,Bronze,M,0,0,18,110.6,3.9,6,4,1.8,2785.54,0
USA,Tablet,Master,Bronze,M,1,1,33,13.6,4.1,5,1,1.0,752.46,0
Canada,Mobile,Master,Bronze,F,0,0,21,26.1,4.1,4,4,20.8,1398.22,1
India,Mobile,Master,Silver,F,1,0,47,9.5,3.4,2,8,15.7,908.11,0
Japan,Desktop,Bachelor,Bronze,M,0,0,24,5.5,4.4,3,2,3.6,1316.0,0
Germany,Mobile,Master,Silver,M,0,0,56,8.3,2.6,6,4,11.6,226.08,1
Germany,Desktop,Bachelor,Platinum,F,1,0,38,13.5,4.2,2,3,15.7,760.95,0
Japan,Tablet,High School,Gold,M,1,1,39,8.4,3.4,6,2,10.6,291.37,0
France,Tablet,Bachelor,Bronze,F,1,0,18,56.5,3.0,5,3,3.4,587.46,0
USA,Tablet,PhD,Bronze,M,1,0,40,7.4,3.9,7,2,4.5,332.04,1
Germany,Mobile,Master,Silver,M,1,0,37,5.2,4.5,9,1,7.4,1641.24,1
India,Mobile,Bachelor,Gold,M,1,1,22,23.3,4.7,5,2,0.0,2331.49,1
Germany,Mobile,Bachelor,Bronze,F,1,0,39,25.7,4.4,4,1,21.9,2225.66,0
USA,Desktop,PhD,Gold,F,0,0,33,12.5,3.9,8,5,20.6,848.96,1
Brazil,Mobile,Bachelor,Silver,M,1,0,35,7.5,4.4,6,1,26.4,1143.97,1
USA,Desktop,Bachelor,Silver,F,1,1,38,2.7,2.4,5,0,3.4,859.98,0
UK,Mobile,PhD,Platinum,F,1,0,32,32.3,4.3,3,2,18.5,388.48,1
USA,Desktop,Master,Gold,F,1,0,41,24.4,2.4,10,2,21.7,4611.14,1
UK,Desktop,Bachelor,Gold,M,1,1,37,8.6,3.9,6,2,18.2,229.39,0
Brazil,Desktop,Bachelor,Bronze,M,1,0,44,12.8,2.8,6,0,10.7,303.6,1
Germany,Desktop,Bachelor,Silver,F,1,0,32,10.2,4.4,9,2,9.8,336.31,0
USA,Mobile,High School,Silver,M,1,0,25,44.8,4.2,6,4,4.2,2063.15,0
India,Desktop,PhD,Bronze,M,1,1,29,5.3,3.5,7,1,29.1,271.43,0
India,Mobile,Bachelor,Silver,F,0,0,55,7.4,4.4,6,0,3.3,842.21,0
India,Desktop,Master,Bronze,M,1,0,49,6.9,4.0,6,1,20.5,2397.1,1
USA,Mobile,High School,Bronze,M,1,0,53,15.6,4.1,6,5,26.6,698.47,1
Germany,Mobile,Bachelor,Bronze,M,0,1,53,12.7,4.5,7,0,27.0,314.3,1
Spain,Mobile,High School,Gold,F,1,0,32,14.3,3.6,8,1,27.7,672.11,1
Brazil,Mobile,Master,Platinum,M,1,0,42,6.0,4.1,6,4,19.8,359.69,1
USA,Desktop,Bachelor,Silver,F,1,1,39,40.0,4.5,4,0,3.9,424.27,1
USA,Mobile,Bachelor,Silver,F,1,1,46,8.5,3.6,5,4,15.6,2458.56,1
Germany,Desktop,High School,Bronze,F,0,1,35,31.5,4.6,7,1,13.2,973.11,0
Australia,Mobile,High School,Platinum,M,1,0,39,120.0,4.8,3,3,20.2,2987.36,1
France,Mobile,High School,Silver,M,0,0,39,6.1,3.1,5,1,13.8,1512.37,0
Germany,Desktop,High School,Gold,F,0,0,44,16.0,4.4,6,1,24.7,3873.14,1
USA,Mobile,Bachelor,Gold,M,1,1,46,11.0,2.8,10,2,12.4,497.09,0
Japan,Mobile,Bachelor,Bronze,F,0,1,39,61.8,3.6,5,2,22.6,428.15,0
India,Desktop,Bachelor,Silver,F,0,1,39,9.7,3.3,5,2,28.5,425.53,1
UK,Desktop,Bachelor,Platinum,F,1,0,41,14.9,4.4,6,2,21.8,1308.44,0
Brazil,Desktop,High School,Bronze,M,1,1,58,14.6,3.6,3,4,22.9,4676.97,1
Canada,Tablet,High School,Silver,F,1,1,18,11.2,4.3,4,2,21.3,369.01,0
USA,Mobile,High School,Platinum,M,1,1,26,22.3,3.3,8,7,25.2,1541.92,0
France,Desktop,Master,Bronze,M,1,1,46,13.1,4.5,5,4,8.8,1135.42,1
UK,Desktop,Bachelor,Gold,F,0,1,41,17.9,3.9,5,2,29.8,643.73,0
Brazil,Mobile,High School,Platinum,F,1,0,41,14.5,4.6,7,5,23.9,580.39,1
France,Mobile,High School,Gold,F,1,0,46,7.5,3.8,5,2,22.7,535.7,0
Japan,Desktop,Master,Bronze,F,0,0,41,9.8,4.5,6,4,2.7,55.91,0
Brazil,Desktop,Master,Bronze,F,1,0,31,19.0,4.3,4,2,10.0,720.91,0
UK,Tablet,Master,Bronze,M,1,0,46,18.9,4.2,4,9,7.6,2966.35,0
Australia,Desktop,Bachelor,Gold,M,0,0,38,33.0,4.7,1,2,3.4,717.42,0
France,Desktop,High School,Gold,F,0,1,33,53.9,3.8,6,0,27.4,429.52,0
USA,Tablet,PhD,Silver,M,0,0,46,8.0,2.7,9,2,18.3,161.63,1
Japan,Mobile,Master,Bronze,F,1,0,46,13.6,4.2,3,3,26.9,3835.16,1
Brazil,Desktop,Bachelor,Bronze,M,1,0,41,10.4,3.0,4,1,16.0,2076.85,0
UK,Desktop,Master,Gold,M,1,0,59,5.0,3.8,2,2,27.3,1704.92,0
India,Desktop,Master,Gold,M,1,0,54,19.1,3.7,5,2,27.8,158.8,1
Australia,Desktop,High School,Platinum,F,1,1,50,22.7,4.2,7,3,19.6,3239.57,0
UK,Tablet,Bachelor,Gold,F,1,0,69,5.1,3.8,5,1,15.0,1140.6,1
Spain,Desktop,High School,Gold,M,1,0,36,9.0,3.5,4,4,6.6,415.0,1
USA,Mobile,High School,Gold,M,1,0,32,8.4,3.0,5,3,27.4,137.49,0
USA,Tablet,Master,Silver,F,1,1,48,3.6,3.0,8,5,23.4,5868.84,1
USA,Desktop,High School,Silver,M,1,1,35,11.8,2.3,8,5,10.1,2246.7,1
Australia,Desktop,Master,Platinum,F,1,0,38,4.9,3.0,5,1,20.0,1017.75,0
Japan,Mobile,PhD,Silver,F,1,1,26,13.8,4.6,8,1,18.3,162.34,1
USA,Tablet,High School,Bronze,F,1,1,45,15.1,2.8,7,1,3.2,465.55,1
Germany,Mobile,Bachelor,Bronze,F,1,0,20,16.7,3.6,7,1,27.9,373.1,0
France,Desktop,Master,Bronze,M,1,0,37,17.3,3.8,8,5,0.2,1070.3,1
USA,Mobile,Master,Silver,F,1,0,38,41.5,4.5,6,6,24.8,1532.6,1
Australia,Mobile,Master,Bronze,F,1,0,33,6.4,4.5,1,1,15.3,1410.43,0
India,Tablet,Bachelor,Bronze,F,1,1,18,6.6,3.6,6,1,24.8,1750.36,0
Germany,Desktop,Bachelor,Silver,M,0,0,18,20.6,2.7,10,3,16.7,1414.83,0
Canada,Mobile,Bachelor,Bronze,F,0,0,29,11.0,3.2,9,1,4.6,4071.86,1
Germany,Tablet,PhD,Gold,F,1,0,44,30.0,3.3,11,0,14.2,1856.91,1
Spain,Desktop,Bachelor,Silver,F,0,0,41,19.1,4.4,6,2,26.4,2104.75,1
Japan,Mobile,PhD,Silver,M,1,1,38,56.5,3.2,4,4,6.9,7482.46,0
Japan,Desktop,High School,Bronze,M,1,0,27,11.3,3.2,4,4,3.6,1592.92,0
USA,Desktop,PhD,Bronze,F,1,0,42,3.7,3.6,3,4,12.4,631.78,0
Australia,Desktop,Master,Silver,F,1,1,18,16.0,4.4,4,3,24.3,1883.12,0
Germany,Tablet,Bachelor,Gold,M,1,0,18,11.5,4.7,4,0,21.2,603.55,0
USA,Desktop,Bachelor,Gold,F,1,0,35,18.7,4.3,6,3,29.9,574.23,1
USA,Mobile,High School,Bronze,M,1,0,31,20.7,4.4,10,2,26.4,2069.28,0
France,Mobile,High School,Silver,M,1,0,50,7.9,3.6,5,2,5.1,185.73,1
France,Desktop,High School,Bronze,M,0,0,40,5.4,4.4,9,5,23.6,751.11,1
Japan,Mobile,High School,Platinum,M,0,0,58,10.8,4.7,4,4,21.5,1639.34,1
Australia,Mobile,Bachelor,Platinum,M,1,0,31,1.8,4.5,7,5,5.9,1753.8,0
USA,Tablet,Master,Silver,M,1,0,44,13.0,3.4,5,0,23.4,1196.45,1
Brazil,Mobile,Bachelor,Silver,M,1,0,35,8.8,4.1,3,1,7.3,544.14,1
USA,Mobile,High School,Gold,F,1,1,55,24.3,3.5,11,4,13.7,6021.56,0
India,Desktop,Master,Gold,F,1,0,36,2.5,2.9,9,1,8.3,1001.67,0
India,Tablet,Bachelor,Silver,F,1,1,48,12.2,3.5,2,3,13.5,657.07,1
France,Desktop,PhD,Platinum,M,0,1,25,43.0,4.1,8,1,9.1,3943.22,0
Japan,Mobile,Master,Silver,M,1,0,33,20.9,3.7,5,1,19.8,396.38,0
UK,Desktop,High School,Silver,F,1,1,37,26.7,4.9,5,0,24.1,1057.82,1
Germany,Tablet,Bachelor,Gold,F,1,1,53,16.0,3.5,13,0,0.6,360.15,1
India,Mobile,Bachelor,Silver,M,1,0,18,3.2,3.9,9,3,12.1,408.05,0
Germany,Mobile,High School,Gold,M,1,1,34,13.9,3.8,10,2,4.4,885.58,1
UK,Desktop,High School,Bronze,F,1,0,34,16.9,4.3,9,4,0.6,1244.37,0
Germany,Desktop,High School,Bronze,F,1,0,18,5.1,3.9,3,4,29.5,2081.37,0
India,Mobile,High School,Bronze,M,1,1,32,11.0,3.7,8,0,20.2,398.7,1
UK,Mobile,Bachelor,Silver,F,1,0,20,1.2,3.9,5,3,13.6,4486.36,0
USA,Desktop,Bachelor,Silver,F,0,1,18,9.3,3.7,5,5,12.9,967.27,0
Japan,Tablet,High School,Platinum,F,0,1,35,8.6,3.9,7,2,25.2,810.27,0
India,Tablet,Master,Silver,M,1,1,34,37.4,2.3,3,1,17.1,2786.13,1
USA,Desktop,Bachelor,Gold,F,1,0,35,7.5,4.3,4,3,22.5,1753.46,0
USA,Mobile,High School,Bronze,M,1,1,41,9.8,3.6,8,3,27.6,611.44,1
USA,Mobile,High School,Gold,F,1,0,27,11.4,3.3,3,1,26.5,1566.46,1
UK,Mobile,High School,Silver,F,1,0,59,7.6,4.3,9,5,2.8,988.42,1
Germany,Desktop,Bachelor,Silver,F,1,0,38,21.7,4.0,8,4,14.6,853.78,0
Brazil,Mobile,High School,Bronze,F,0,1,53,2.5,3.5,7,4,19.0,214.26,1
Japan,Mobile,Bachelor,Silver,M,1,0,18,30.2,4.6,8,1,13.9,722.64,0
Japan,Desktop,Bachelor,Silver,M,1,0,28,12.1,3.5,5,1,8.7,2089.31,0
UK,Mobile,Bachelor,Silver,F,0,0,46,34.5,4.6,2,2,27.5,1685.19,0
India,Mobile,High School,Platinum,F,0,0,35,1.4,2.3,10,1,27.0,1961.83,1
Germany,Mobile,Bachelor,Gold,M,1,1,25,1.7,4.4,5,1,25.3,995.7,1
Canada,Desktop,Bachelor,Platinum,F,1,0,18,9.6,4.4,5,1,28.0,3869.92,0
Japan,Tablet,Master,Silver,M,1,0,47,18.3,4.2,2,6,22.3,1101.41,1
USA,Mobile,Master,Platinum,M,1,1,46,7.8,2.9,8,2,11.7,728.99,0
Japan,Desktop,Bachelor,Gold,M,1,0,41,19.4,3.2,5,1,14.9,2155.62,0
UK,Desktop,Bachelor,Bronze,F,1,1,32,26.7,4.0,6,3,24.7,1467.86,0
Japan,Mobile,Bachelor,Silver,M,1,0,25,20.8,4.5,6,1,27.3,1137.38,0
USA,Tablet,Master,Bronze,F,1,0,37,13.2,4.1,7,0,20.1,7032.02,0
USA,Desktop,High School,Bronze,M,0,0,22,13.2,2.8,6,1,17.4,8736.65,0
India,Mobile,PhD,Bronze,M,1,0,29,7.4,4.3,5,2,26.8,1945.45,1
USA,Desktop,Master,Bronze,F,1,1,53,11.7,4.0,5,2,22.5,1252.69,1
India,Mobile,Master,Gold,F,1,0,18,5.4,4.3,3,1,27.4,827.21,0
UK,Tablet,High School,Silver,M,1,1,46,6.5,3.8,4,0,26.5,951.75,1
Japan,Mobile,Bachelor,Bronze,M,0,0,56,18.4,4.7,4,3,9.9,2065.39,0
Japan,Desktop,Bachelor,Gold,F,0,0,48,8.4,2.6,7,1,3.9,502.78,1
Germany,Mobile,High School,Gold,M,1,1,43,6.8,2.9,11,4,21.1,777.84,1
UK,Desktop,High School,Platinum,F,1,1,32,17.5,4.1,3,1,28.0,1132.99,1
USA,Desktop,Master,Silver,M,1,1,30,16.5,4.8,5,2,27.3,513.67,0
USA,Mobile,Bachelor,Silver,M,0,1,18,10.3,4.1,8,1,27.6,209.33,1
UK,Mobile,Bachelor,Bronze,F,1,0,38,10.8,4.7,3,3,26.1,92.49,1
Japan,Desktop,High School,Bronze,F,0,1,33,17.0,4.3,8,5,13.2,690.29,1
Australia,Tablet,Master,Bronze,M,1,0,30,26.4,4.7,11,2,28.1,675.53,1
India,Mobile,Master,Silver,M,0,0,38,14.3,4.4,11,1,19.1,1481.05,0
Brazil,Desktop,Bachelor,Platinum,M,1,1,39,4.7,4.4,9,1,24.9,310.54,1
Brazil,Mobile,Bachelor,Bronze,F,1,0,30,10.2,4.7,7,2,9.0,233.17,0
Japan,Mobile,Bachelor,Bronze,F,1,1,57,8.8,4.6,6,1,15.0,1874.02,1
UK,Mobile,Bachelor,Bronze,M,0,0,47,5.2,4.1,4,3,3.5,580.91,0
Australia,Mobile,High School,Gold,M,1,0,49,18.1,3.5,5,4,4.6,1182.78,1
Japan,Mobile,PhD,Bronze,M,1,0,37,19.3,3.4,10,3,24.2,3751.8,0
France,Desktop,Bachelor,Silver,M,0,0,44,21.8,3.4,6,3,28.3,269.55,1
USA,Mobile,Bachelor,Bronze,M,1,0,27,5.5,2.7,4,0,15.8,1516.2,0
Germany,Mobile,Bachelor,Silver,F,1,0,46,13.8,4.2,6,5,14.6,727.84,0
Germany,Desktop,Master,Bronze,M,1,1,36,12.1,2.6,3,2,28.3,476.18,1
India,Mobile,High School,Silver,M,0,0,26,15.6,3.3,5,2,24.9,1366.86,1
France,Tablet,High School,Bronze,F,1,0,38,13.5,4.4,6,4,5.5,1192.81,0
UK,Tablet,Master,Gold,M,1,1,34,12.1,4.0,5,3,1.3,2766.87,1
Canada,Desktop,Bachelor,Silver,M,1,1,66,11.0,4.6,7,0,28.5,891.58,1
USA,Desktop,Master,Gold,M,0,0,43,29.5,4.6,10,4,16.2,561.37,1
Germany,Mobile,High School,Silver,M,1,1,57,6.1,4.0,7,3,19.4,273.22,1
USA,Desktop,Master,Bronze,F,1,0,52,10.6,4.0,7,1,15.9,389.12,1
Brazil,Tablet,High School,Bronze,F,0,0,38,28.9,3.7,7,3,22.2,471.79,1
Australia,Desktop,High School,Silver,M,1,1,33,6.4,4.9,7,2,26.9,230.89,1
UK,Desktop,Master,Silver,M,1,1,18,6.6,4.5,8,4,29.8,453.46,0
India,Desktop,Bachelor,Silver,M,0,0,28,21.9,3.6,8,3,10.9,1178.75,0
UK,Desktop,Bachelor,Gold,F,1,0,46,3.9,4.1,5,3,15.6,296.93,0
Australia,Mobile,High School,Gold,F,1,0,34,20.7,4.9,6,0,26.5,3628.12,1
Brazil,Mobile,Bachelor,Gold,F,0,0,43,8.2,2.6,11,4,13.1,2285.29,1
India,Desktop,Bachelor,Bronze,M,0,1,18,16.9,3.0,4,1,10.8,963.52,0
USA,Desktop,PhD,Silver,M,1,0,43,4.6,4.1,9,0,29.1,4429.67,1
Canada,Mobile,PhD,Bronze,F,1,0,51,31.4,4.3,12,4,22.0,338.46,1
Brazil,Desktop,Bachelor,Silver,F,0,0,18,4.6,3.2,4,5,15.2,497.37,0
UK,Mobile,Bachelor,Bronze,F,1,1,42,21.8,3.4,3,4,23.9,209.7,0
India,Mobile,Bachelor,Bronze,M,1,0,54,4.8,3.4,10,1,9.6,517.22,0
UK,Mobile,Master,Gold,F,0,1,58,51.8,3.3,9,2,17.7,984.38,1
India,Tablet,High School,Silver,F,1,1,32,11.5,3.7,5,1,21.3,1082.74,0
USA,Tablet,Bachelor,Bronze,F,1,0,47,58.0,4.1,3,4,21.5,4834.8,1
Japan,Tablet,High School,Bronze,M,0,1,55,6.3,4.1,5,2,5.9,770.73,0
France,Desktop,High School,Silver,F,1,1,43,8.5,4.3,6,5,29.8,1898.48,0
USA,Desktop,High School,Platinum,M,1,0,53,32.1,3.9,6,3,22.6,895.81,1
USA,Desktop,Bachelor,Silver,F,0,0,38,3.9,4.1,7,1,22.3,1592.42,1
USA,Tablet,Master,Platinum,M,0,1,43,7.0,4.8,9,3,17.6,761.57,1
Germany,Tablet,Bachelor,Bronze,F,0,0,31,18.1,4.4,4,5,10.3,523.53,0
UK,Tablet,Bachelor,Silver,F,0,0,36,5.4,3.4,2,4,14.7,3743.83,0
France,Desktop,High School,Gold,M,0,0,43,18.5,3.8,7,2,12.8,2213.17,1
UK,Tablet,Bachelor,Silver,F,1,1,30,14.0,4.5,11,1,3.4,1150.61,0
UK,Desktop,High School,Bronze,M,1,0,35,3.6,4.2,6,2,27.7,3824.12,1
Brazil,Desktop,Bachelor,Silver,M,0,0,47,26.4,3.1,10,5,15.2,771.3,1
USA,Desktop,PhD,Silver,M,1,0,63,4.4,4.7,8,3,1.3,1694.31,1
Australia,Desktop,High School,Gold,M,0,1,18,22.6,3.1,4,1,12.6,739.47,0
India,Mobile,High School,Gold,F,0,0,62,13.5,4.0,8,7,12.6,653.77,1
Japan,Desktop,Bachelor,Gold,M,0,0,35,8.5,4.5,3,2,2.6,787.52,0
France,Mobile,PhD,Silver,F,1,0,50,5.0,4.3,6,0,5.9,1925.16,1
Australia,Mobile,Master,Bronze,F,1,0,52,15.9,3.2,6,2,2.3,53.98,0
USA,Tablet,Master,Silver,F,1,0,57,6.1,2.1,3,2,4.8,565.63,0
USA,Mobile,Bachelor,Gold,F,1,1,29,32.0,4.3,6,1,3.4,10771.48,0
USA,Desktop,PhD,Platinum,M,0,1,35,33.0,3.0,5,1,27.1,7318.75,1
Brazil,Mobile,High School,Bronze,F,0,1,37,45.3,2.8,5,4,23.3,378.78,0
USA,Tablet,High School,Silver,M,1,0,34,15.3,3.8,7,1,26.2,603.11,0
France,Desktop,Master,Bronze,F,0,0,54,8.8,4.0,7,2,4.2,4154.43,0
Spain,Mobile,PhD,Bronze,F,1,1,37,9.6,4.5,7,4,20.1,724.57,0
India,Desktop,High School,Silver,F,0,0,19,9.1,4.1,5,2,27.1,2708.83,0
France,Desktop,High School,Silver,M,1,1,30,14.9,4.3,4,6,28.6,2135.51,0
USA,Mobile,High School,Bronze,F,1,1,19,17.3,3.7,6,1,1.7,1123.14,0
India,Tablet,High School,Gold,F,0,1,35,32.6,4.1,8,3,11.4,798.54,1
France,Desktop,High School,Gold,F,1,0,46,12.4,3.5,3,2,10.9,3605.94,0
USA,Mobile,PhD,Platinum,M,1,0,30,4.0,3.4,5,2,5.6,607.79,0
USA,Tablet,Master,Bronze,F,0,0,33,8.8,3.9,7,1,4.6,986.55,0
Australia,Tablet,Master,Silver,M,1,1,35,42.3,4.2,4,5,11.1,1485.15,0
Japan,Desktop,Master,Silver,F,0,1,40,3.5,3.4,3,1,21.4,1062.32,1
India,Tablet,Bachelor,Bronze,F,0,1,44,22.0,3.2,8,1,21.9,2017.25,0
India,Desktop,Master,Silver,M,0,0,48,8.9,1.7,3,1,17.3,1232.32,1
France,Mobile,Bachelor,Gold,M,1,1,65,6.0,2.6,8,1,23.6,1151.47,1
Germany,Desktop,Bachelor,Bronze,F,0,1,39,16.7,3.3,3,2,21.1,1085.0,1
Germany,Desktop,Bachelor,Platinum,M,0,0,47,42.5,2.9,1,2,23.9,623.94,0
UK,Mobile,Bachelor,Gold,M,1,0,19,16.0,2.0,4,4,29.2,1151.63,0
Germany,Desktop,Master,Gold,F,0,1,33,9.9,2.7,10,2,17.4,586.99,1
Brazil,Desktop,PhD,Gold,F,1,0,35,4.3,4.2,8,5,23.0,192.68,1
France,Desktop,Bachelor,Bronze,F,0,0,26,11.3,3.8,9,1,25.0,2178.13,1
Australia,Mobile,Master,Gold,M,1,0,32,4.2,3.9,2,1,27.4,1227.7,0
Germany,Desktop,High School,Bronze,M,1,1,37,9.5,4.5,5,2,16.4,830.86,1
France,Mobile,Master,Gold,F,1,0,32,11.6,4.6,11,4,27.6,2654.3,0
Japan,Desktop,Bachelor,Bronze,F,0,0,69,1.8,3.6,5,1,16.2,295.19,0
France,Desktop,High School,Bronze,F,1,1,44,37.0,3.8,5,2,20.8,1276.23,1
Japan,Desktop,Bachelor,Silver,F,1,1,62,4.5,4.7,4,1,10.4,3279.07,1
USA,Mobile,Bachelor,Bronze,M,0,1,56,10.5,4.5,12,1,29.6,5073.95,1
Germany,Desktop,High School,Silver,M,0,0,30,18.7,4.6,3,1,6.5,632.21,0
USA,Desktop,PhD,Silver,F,0,0,38,34.7,3.1,1,1,7.7,1017.18,0
UK,Tablet,High School,Gold,F,1,1,33,6.5,3.6,5,0,7.6,1317.64,0
Germany,Mobile,PhD,Silver,F,1,1,36,1.6,3.6,4,1,12.6,416.38,0
Japan,Desktop,Master,Bronze,F,0,0,26,28.9,3.4,6,0,23.0,1649.91,0
Canada,Desktop,Bachelor,Bronze,F,0,0,33,4.5,4.0,7,1,29.5,1292.25,0
France,Tablet,Bachelor,Silver,F,0,0,42,16.2,4.6,8,2,18.5,1156.36,1
Brazil,Desktop,Master,Silver,M,0,1,42,17.1,3.2,5,2,18.5,2693.1,0
Germany,Desktop,Bachelor,Gold,F,1,0,41,0.9,4.0,4,4,15.8,585.63,1
Japan,Mobile,Master,Bronze,F,1,0,37,3.3,2.4,4,5,27.1,585.13,0
USA,Mobile,Bachelor,Bronze,M,0,0,48,8.4,3.5,3,4,10.0,6046.71,1
UK,Mobile,Bachelor,Bronze,F,1,0,35,1.5,4.5,3,3,5.7,443.8,0
UK,Desktop,PhD,Bronze,M,1,0,55,4.2,2.9,8,4,6.9,1098.44,0
Germany,Desktop,High School,Bronze,F,1,1,18,13.4,4.0,7,3,25.8,2699.61,0
USA,Mobile,Bachelor,Gold,F,1,1,46,11.3,3.9,5,3,5.1,2965.03,1
USA,Desktop,High School,Bronze,F,0,0,44,15.5,3.6,7,6,15.0,2538.64,0
UK,Mobile,Master,Silver,F,1,0,30,17.5,4.3,9,4,9.7,1297.19,0
Canada,Mobile,Master,Silver,F,0,0,34,3.2,4.8,2,0,5.5,945.21,0
UK,Desktop,High School,Bronze,F,1,1,44,4.4,3.7,6,3,17.2,530.57,0
Germany,Tablet,High School,Gold,F,1,0,49,22.4,4.1,6,7,25.7,1062.77,1
USA,Mobile,High School,Silver,M,0,1,18,41.2,4.5,4,2,9.6,2311.96,0
France,Mobile,Bachelor,Silver,M,1,1,46,5.6,3.8,4,1,3.6,1192.96,0
UK,Desktop,Bachelor,Gold,F,1,0,33,15.0,2.7,9,4,18.7,750.1,0
USA,Desktop,PhD,Bronze,F,1,1,52,23.2,3.8,3,5,22.2,1503.95,1
Germany,Mobile,Bachelor,Gold,M,1,1,18,14.7,3.7,11,3,16.8,482.27,0
USA,Desktop,High School,Silver,M,0,0,67,10.0,3.9,10,1,3.5,1194.8,1
USA,Tablet,Master,Silver,M,1,0,27,7.3,3.2,2,4,0.1,426.44,1
USA,Desktop,Bachelor,Gold,F,1,0,55,59.6,2.9,9,5,2.6,1646.12,1
USA,Mobile,Bachelor,Gold,F,1,0,37,13.2,4.2,6,1,27.7,1500.46,1
USA,Desktop,High School,Silver,M,1,0,28,16.6,4.0,4,3,17.3,2125.79,1
UK,Mobile,Bachelor,Gold,F,0,0,41,15.8,4.4,11,3,11.2,2429.98,1
India,Desktop,PhD,Silver,M,0,0,50,6.4,4.6,7,2,5.5,1011.59,0
France,Desktop,Bachelor,Silver,F,1,0,19,12.7,4.5,9,2,21.0,1351.3,0
Germany,Desktop,Bachelor,Bronze,F,1,1,46,9.4,3.6,6,1,22.9,679.65,0
UK,Tablet,Bachelor,Bronze,F,1,1,38,9.3,4.4,6,5,24.2,880.93,1
Australia,Desktop,PhD,Gold,M,1,1,45,15.7,3.8,5,3,0.6,1176.75,0
UK,Tablet,High School,Bronze,M,1,0,38,5.9,4.5,4,1,23.1,827.52,1
USA,Mobile,Bachelor,Bronze,F,1,1,31,4.6,3.6,7,1,4.8,2586.1,0
France,Desktop,PhD,Gold,M,1,1,25,18.2,4.0,8,1,23.9,2646.26,0
USA,Mobile,High School,Bronze,F,1,0,46,8.0,4.3,4,2,4.5,316.92,0
UK,Desktop,Master,Bronze,F,1,1,46,9.2,4.3,3,4,7.3,841.46,0
Germany,Tablet,Bachelor,Silver,M,1,0,46,2.6,4.3,1,1,23.3,2705.27,0
India,Mobile,Master,Silver,F,0,1,43,26.3,3.6,5,2,18.9,458.36,0
Germany,Desktop,Bachelor,Gold,M,0,1,49,18.5,4.0,1,1,1.0,469.97,1
Japan,Desktop,Bachelor,Silver,F,0,1,55,21.5,4.1,5,3,5.0,2913.92,0
Spain,Desktop,Master,Silver,F,0,0,18,16.6,2.6,3,1,6.9,2780.07,0
USA,Tablet,High School,Gold,M,0,0,18,3.6,4.4,4,1,25.3,1371.36,1
UK,Desktop,Bachelor,Silver,F,1,0,59,14.6,4.5,2,6,18.4,413.57,0
UK,Mobile,High School,Silver,M,1,0,22,7.5,4.1,8,3,5.5,708.43,1
Germany,Desktop,High School,Gold,F,0,0,25,5.6,4.5,2,3,7.7,215.94,0
Germany,Tablet,PhD,Silver,M,1,0,35,18.2,3.8,9,2,13.6,3306.29,0
Australia,Desktop,Bachelor,Bronze,M,1,1,18,45.9,4.3,6,2,2.5,1682.62,0
Japan,Mobile,PhD,Bronze,F,0,0,33,40.2,2.9,9,1,12.4,1486.85,1
France,Mobile,High School,Silver,M,1,1,27,20.0,3.8,4,1,23.8,499.78,0
UK,Mobile,Bachelor,Bronze,F,0,0,35,11.9,4.2,6,3,11.9,607.95,0
India,Desktop,High School,Silver,F,1,0,41,10.3,3.4,7,2,23.6,1686.7,1
Canada,Desktop,Master,Gold,F,0,1,34,5.9,4.9,5,2,18.7,691.0,0
India,Desktop,Master,Silver,F,1,1,33,9.8,4.3,3,2,12.1,4752.46,0
USA,Mobile,High School,Bronze,F,1,0,41,25.2,3.5,8,3,26.8,425.5,1
Japan,Desktop,PhD,Gold,M,0,1,51,52.4,4.3,7,4,13.2,1307.89,1
USA,Mobile,High School,Bronze,F,1,0,57,6.3,3.9,3,2,22.0,1299.53,1
UK,Desktop,Bachelor,Gold,F,0,1,35,2.5,4.1,3,2,24.0,551.41,0
USA,Tablet,PhD,Silver,M,1,1,60,8.0,2.8,5,2,27.5,3334.77,1
France,Tablet,Master,Bronze,M,1,0,49,25.1,3.8,5,3,8.3,827.75,0
Japan,Mobile,PhD,Platinum,F,1,1,23,63.9,4.7,11,2,6.0,2624.61,1
USA,Desktop,Bachelor,Bronze,F,0,1,23,34.7,4.1,5,1,13.4,1729.39,1
UK,Desktop,High School,Platinum,F,0,1,31,34.1,4.6,11,1,26.3,245.67,0
Germany,Desktop,High School,Bronze,F,1,1,55,6.2,3.9,1,4,9.9,1325.58,1
UK,Desktop,Bachelor,Bronze,M,0,1,32,6.3,3.9,5,2,8.2,231.37,0
USA,Mobile,Master,Bronze,F,1,0,18,4.2,3.9,8,4,1.1,1446.93,0
Germany,Mobile,High School,Bronze,F,1,0,35,7.2,3.0,7,1,21.0,982.37,1
Brazil,Tablet,Master,Gold,M,1,1,18,25.3,4.6,8,3,21.0,360.56,0
USA,Desktop,Bachelor,Silver,M,0,1,25,44.7,3.9,6,2,25.0,496.34,1
USA,Mobile,Bachelor,Gold,M,1,0,31,16.1,4.4,9,2,14.9,7934.05,1
UK,Mobile,Master,Bronze,F,1,0,40,9.9,3.9,7,2,26.7,1451.92,0
Canada,Mobile,Bachelor,Silver,M,1,1,50,5.2,3.9,3,3,2.6,3361.87,1
Japan,Desktop,Master,Silver,M,1,0,46,592.2703653146499,4.1,7,1,16.9,111662.26762934872,1
Japan,Mobile,High School,Silver,M,0,0,24,14.3,4.2,2,2,14.3,845.44,0
UK,Mobile,Master,Silver,M,0,0,34,3.8,3.7,5,3,26.9,606.21,1
France,Mobile,High School,Silver,M,0,1,39,25.5,3.9,7,2,27.2,1035.07,1
USA,Tablet,High School,Bronze,F,1,0,35,8.7,3.1,7,5,29.3,310.86,1
Japan,Desktop,Master,Gold,M,0,0,35,24.3,4.3,4,5,10.6,2399.94,0
Australia,Desktop,Master,Gold,F,1,1,18,12.1,2.9,5,1,11.4,1999.68,1
France,Mobile,High School,Silver,F,1,1,24,15.5,3.2,7,5,5.8,886.33,0
India,Mobile,Bachelor,Bronze,F,1,0,33,6.9,4.4,8,5,22.3,773.98,0
Brazil,Desktop,Bachelor,Bronze,F,0,0,18,9.2,3.9,6,4,25.0,847.91,0
USA,Mobile,High School,Bronze,M,1,0,46,20.4,4.3,3,0,25.6,851.19,1
Australia,Tablet,Master,Bronze,M,1,1,22,11.0,3.2,1,2,29.7,2362.39,0
USA,Tablet,Master,Bronze,M,0,0,46,5.0,4.4,4,2,16.9,5090.24,0
France,Desktop,High School,Gold,F,0,0,45,13.3,4.5,8,2,6.4,627.57,1
USA,Tablet,Bachelor,Silver,M,1,1,31,16.6,3.4,7,0,18.0,4180.46,0
USA,Mobile,Master,Silver,F,1,1,50,36.5,3.3,4,0,10.9,1019.61,1
Germany,Mobile,Bachelor,Bronze,F,0,0,47,30.6,4.3,5,3,10.0,184.97,0
UK,Mobile,Bachelor,Platinum,F,0,0,34,11.6,4.3,6,3,21.0,2188.66,1
Germany,Mobile,High School,Bronze,F,0,0,33,7.9,3.8,6,1,6.1,484.24,1
France,Mobile,Bachelor,Gold,F,1,0,51,10.1,3.0,5,2,16.3,1416.17,0
USA,Desktop,High School,Platinum,M,1,0,41,8.0,2.8,2,1,4.2,179.93,1
USA,Mobile,Master,Gold,F,1,0,51,18.3,2.7,2,2,26.7,1135.4,0
France,Mobile,Bachelor,Platinum,M,1,0,18,28.0,4.2,3,1,2.7,5695.68,0
UK,Desktop,High School,Silver,F,1,0,39,32.8,3.8,5,2,28.0,471.55,1
Brazil,Tablet,Master,Bronze,F,1,1,19,8.8,3.6,5,1,30.0,1290.69,0
Japan,Mobile,High School,Bronze,M,0,1,38,8.1,3.3,4,2,7.1,1379.86,0
India,Mobile,Bachelor,Bronze,F,1,0,47,8.7,3.8,6,2,2.8,705.85,1
Japan,Desktop,Bachelor,Bronze,F,0,1,59,2.6,3.5,8,3,0.9,1767.28,0
Germany,Mobile,High School,Silver,F,1,1,27,4.7,4.0,4,1,4.4,1575.32,0
Japan,Desktop,PhD,Bronze,F,0,1,32,11.9,3.8,11,4,27.5,504.22,0
UK,Desktop,Master,Gold,F,0,0,37,16.5,3.8,3,2,21.9,367.8,1
UK,Mobile,High School,Bronze,M,0,0,26,18.0,4.1,6,1,2.8,432.3,0
Brazil,Desktop,Master,Silver,M,1,0,50,6.5,3.2,7,1,28.8,431.41,0
Germany,Mobile,Bachelor,Platinum,F,1,0,37,8.2,4.2,9,1,19.6,1581.88,1
Brazil,Desktop,PhD,Bronze,F,1,0,39,9.8,4.2,8,1,27.9,2682.57,1
India,Desktop,Bachelor,Gold,M,1,1,45,9.0,3.6,2,2,21.4,1424.97,1
India,Desktop,Bachelor,Gold,M,1,0,37,21.1,3.7,5,2,11.3,1281.4,0
Australia,Tablet,Bachelor,Bronze,M,1,1,28,4.3,4.7,6,5,2.0,5617.99,1
Germany,Mobile,Bachelor,Silver,F,0,0,37,4.9,3.1,7,5,0.5,164.46,1
UK,Mobile,Bachelor,Bronze,M,1,1,28,9.6,4.6,4,2,18.3,842.26,0
France,Desktop,High School,Gold,M,0,0,39,4.1,4.8,8,2,15.1,2735.33,0
UK,Desktop,Master,Silver,F,1,1,50,2.7,3.5,7,3,17.4,1062.54,1
France,Tablet,Bachelor,Silver,M,1,0,24,3.7,4.0,5,3,28.9,1090.5,1
Japan,Desktop,PhD,Gold,F,1,1,20,10.0,3.0,8,3,27.1,711.11,0
Japan,Desktop,High School,Bronze,M,0,0,39,20.2,2.4,6,2,10.7,2159.32,0
UK,Mobile,Master,Gold,M,1,1,29,20.5,3.1,4,4,9.6,826.82,0
USA,Desktop,PhD,Gold,F,1,0,38,43.4,4.0,5,1,8.5,3288.35,0
Germany,Mobile,Master,Gold,F,1,1,42,13.2,3.8,9,1,28.2,4893.62,1
USA,Mobile,Master,Gold,M,1,1,18,14.7,2.8,8,2,27.2,882.65,1
Australia,Desktop,Master,Silver,F,0,1,46,10.0,3.9,3,2,28.1,617.47,1
UK,Desktop,Bachelor,Platinum,M,1,0,24,10.4,4.5,9,3,7.0,568.93,0
USA,Desktop,Bachelor,Bronze,F,0,1,38,64.4,3.4,7,1,14.1,1824.7,0
USA,Tablet,High School,Silver,M,1,0,30,15.0,4.2,6,3,10.7,1816.41,0
Japan,Mobile,Bachelor,Bronze,F,0,0,31,16.1,4.0,5,1,9.7,1213.45,0
Japan,Desktop,High School,Platinum,F,1,0,58,4.9,4.3,5,2,2.9,884.58,1
UK,Desktop,Master,Gold,M,1,0,42,16.9,3.4,4,5,25.2,2253.91,1
USA,Mobile,Bachelor,Gold,M,1,1,49,20.6,4.8,4,6,8.9,3390.63,0
Germany,Mobile,Bachelor,Bronze,F,1,0,40,29.6,4.2,6,2,10.5,103.36,0
UK,Desktop,High School,Gold,M,0,0,45,20.2,3.9,6,1,18.2,5485.33,0
Japan,Desktop,PhD,Gold,M,1,1,43,11.0,4.6,6,0,27.8,423.98,1
France,Desktop,High School,Silver,M,1,1,41,10.6,4.3,9,4,21.7,1666.49,1
UK,Mobile,High School,Bronze,F,1,1,51,11.5,3.6,7,4,19.3,2112.19,1
USA,Tablet,High School,Silver,F,0,1,40,13.3,2.8,6,2,2.9,1205.48,1
Spain,Desktop,PhD,Bronze,M,0,0,65,33.6,4.5,3,2,18.7,983.76,1
Germany,Mobile,PhD,Silver,F,0,1,50,28.7,3.6,6,3,8.0,586.22,0
Japan,Desktop,Master,Bronze,F,1,1,24,22.2,3.1,6,2,19.2,1561.04,0
USA,Desktop,Master,Bronze,M,0,0,36,61.8,4.2,5,0,9.8,2012.88,1
Germany,Desktop,High School,Bronze,F,1,0,43,1.5,3.7,8,1,2.3,1131.65,0
USA,Mobile,PhD,Bronze,F,1,1,39,8.4,4.0,3,0,25.3,226.63,1
Germany,Mobile,High School,Bronze,F,1,1,46,12.1,3.9,2,3,16.6,1781.22,0
Canada,Mobile,High School,Platinum,M,0,0,48,7.1,3.2,6,1,8.4,1039.56,1
UK,Desktop,High School,Silver,F,1,0,22,5.8,4.0,6,4,10.7,968.94,0
USA,Desktop,Bachelor,Bronze,F,1,1,53,3.1,3.8,5,4,18.5,1080.33,0
USA,Desktop,Master,Silver,F,1,0,32,9.5,4.8,11,2,20.4,1058.13,0
UK,Mobile,Bachelor,Silver,F,1,0,31,24.9,3.2,2,3,14.6,285.59,0
USA,Desktop,PhD,Platinum,M,0,1,31,22.6,4.2,8,0,15.8,904.98,1
USA,Mobile,Bachelor,Bronze,F,1,0,48,582.5198464445209,4.4,3,0,3.2,1128.14,0
Brazil,Desktop,High School,Bronze,F,0,0,35,14.5,4.1,7,6,4.4,469.73,1
Germany,Desktop,Bachelor,Platinum,M,1,1,30,36.1,4.0,7,1,6.3,3184.29,0
UK,Mobile,Master,Bronze,M,1,1,33,3.6,3.2,7,2,15.9,3544.09,0
Australia,Desktop,Master,Bronze,M,0,1,18,10.7,4.2,4,3,12.6,4301.89,1
USA,Desktop,Bachelor,Bronze,F,1,1,28,15.3,2.9,4,1,17.1,3421.29,0
Canada,Desktop,Bachelor,Bronze,F,1,1,23,12.3,4.3,3,6,5.2,252.54,1
UK,Mobile,High School,Platinum,F,1,1,35,24.1,4.1,3,3,29.0,1337.51,0
Australia,Mobile,Bachelor,Bronze,M,0,0,46,3.7,3.2,9,5,18.5,2043.17,1
France,Desktop,PhD,Platinum,F,0,1,45,5.4,4.7,8,3,3.8,1640.65,1
India,Mobile,High School,Platinum,F,1,0,53,21.0,2.7,6,3,11.1,5543.84,1
Spain,Desktop,Master,Silver,M,0,1,50,3.1,3.4,8,0,29.4,191.84,1
UK,Desktop,Bachelor,Bronze,M,1,0,32,23.3,4.8,6,1,29.0,1825.78,0
Canada,Desktop,High School,Bronze,M,0,0,38,17.5,4.3,7,5,2.1,326.21,0
UK,Tablet,PhD,Silver,F,0,0,38,22.1,4.3,9,1,24.9,1553.54,0
UK,Desktop,Bachelor,Silver,F,1,1,18,8.4,4.6,3,1,19.3,97.44,0
UK,Desktop,Bachelor,Silver,F,1,1,23,18.3,4.0,5,2,5.6,1815.44,0
France,Desktop,High School,Silver,M,1,1,36,4.8,3.7,7,4,25.0,6811.52,1
USA,Desktop,High School,Platinum,F,1,0,36,8.7,4.4,10,2,19.2,1875.95,0
France,Mobile,Master,Silver,F,1,0,44,12.5,3.8,4,2,3.4,1865.81,0
France,Desktop,Bachelor,Silver,M,1,0,44,5.9,4.7,7,3,25.4,736.63,1
Brazil,Desktop,PhD,Gold,M,1,0,18,14.5,4.1,4,2,22.8,3124.01,1
India,Mobile,High School,Bronze,F,1,1,44,4.9,4.4,4,2,0.2,1650.2,1
Germany,Desktop,High School,Bronze,F,1,1,40,15.1,4.5,3,2,7.6,866.71,0
UK,Mobile,High School,Bronze,M,1,0,45,49.1,4.7,6,6,8.1,837.24,1
UK,Mobile,Bachelor,Bronze,M,1,0,51,4.5,2.7,7,7,13.8,2047.36,1
USA,Desktop,PhD,Silver,F,0,0,36,12.0,3.5,5,1,6.9,942.26,1
USA,Mobile,Master,Bronze,F,0,0,53,3.3,3.1,4,3,24.8,3519.37,1
UK,Desktop,Bachelor,Silver,F,0,1,27,6.3,4.2,5,2,21.1,739.72,0
UK,Mobile,Master,Platinum,M,0,1,27,21.4,2.6,6,1,0.9,1242.45,0
Canada,Desktop,Master,Bronze,M,0,1,43,8.6,4.2,5,3,21.2,1698.67,0
France,Desktop,High School,Silver,M,1,0,34,22.1,4.2,8,5,28.5,1772.39,1
UK,Mobile,Master,Bronze,F,1,0,41,16.2,3.2,7,3,14.8,1120.14,0
France,Tablet,Bachelor,Bronze,F,0,0,62,11.6,4.0,7,5,5.5,866.31,0
USA,Tablet,High School,Silver,F,1,0,43,5.3,4.6,7,2,26.4,3652.93,0
Germany,Mobile,High School,Platinum,M,1,1,41,21.1,4.2,5,2,19.8,329.47,1
Japan,Desktop,Bachelor,Bronze,F,1,1,28,15.5,4.4,3,0,12.8,3151.85,0
Germany,Desktop,Bachelor,Bronze,F,1,1,18,3.6,4.1,9,2,12.4,166.91,0
Germany,Desktop,High School,Bronze,F,1,0,37,5.6,4.1,10,2,8.5,1539.94,1
Spain,Mobile,High School,Bronze,F,0,1,51,1.3,4.4,4,3,3.2,691.79,1
Australia,Desktop,Master,Bronze,F,0,0,34,4.1,2.8,4,2,26.2,548.53,0
Japan,Tablet,PhD,Silver,F,0,0,43,9.5,2.7,12,5,29.5,8812.96,0
France,Desktop,Master,Bronze,M,1,0,55,5.2,3.3,5,3,28.4,441.05,1
Japan,Desktop,High School,Silver,F,1,0,55,6.3,4.8,3,3,5.1,406.78,1
USA,Desktop,High School,Silver,M,0,1,43,37.1,3.9,7,5,12.6,530.82,0
UK,Mobile,High School,Silver,F,0,1,40,27.7,2.6,8,1,8.8,4661.44,1
USA,Mobile,High School,Bronze,F,1,0,20,7.0,3.8,12,0,10.3,1206.09,0
Germany,Mobile,Bachelor,Platinum,M,1,0,30,427.45747831406067,4.5,7,5,9.7,1295.72,1
France,Desktop,Bachelor,Bronze,F,1,0,35,32.2,4.0,2,3,27.9,473.85,0
USA,Mobile,Master,Gold,F,1,0,28,20.0,3.3,4,4,28.4,272.28,1
Canada,Desktop,Master,Bronze,F,1,0,41,15.5,2.5,5,2,1.2,612.73,1
Australia,Tablet,High School,Silver,F,0,1,61,29.3,4.4,9,1,16.1,820.69,1
Brazil,Mobile,Bachelor,Bronze,F,1,0,56,22.5,4.6,6,2,19.9,762.39,0
France,Desktop,Master,Bronze,F,0,1,41,4.6,4.6,4,2,7.4,1061.48,0
India,Mobile,Bachelor,Bronze,M,1,0,47,10.5,4.1,3,0,1.8,1358.34,1
USA,Mobile,High School,Bronze,M,1,0,29,7.8,4.7,7,3,2.3,397.43,0
Brazil,Desktop,Bachelor,Gold,M,0,0,56,30.6,4.5,4,2,22.1,1383.09,1
USA,Tablet,High School,Silver,F,1,1,19,7.7,4.6,6,7,11.0,568.35,1
Brazil,Desktop,High School,Bronze,M,1,0,49,6.7,3.5,4,4,16.9,779.85,0
UK,Desktop,Master,Silver,F,0,0,44,27.7,4.9,7,5,9.5,4386.46,1
India,Desktop,Master,Gold,M,0,1,29,15.0,4.7,7,1,24.4,344.25,1
Canada,Desktop,High School,Gold,F,0,0,35,66.0,3.7,3,1,2.8,3904.54,1
USA,Mobile,High School,Bronze,M,1,1,24,6.1,3.0,9,2,0.5,2573.43,1
Germany,Desktop,Master,Gold,F,1,0,25,8.0,3.0,8,6,13.2,289.09,1
Spain,Mobile,High School,Bronze,F,1,1,19,29.9,4.4,7,2,12.1,499.08,1
Germany,Desktop,Bachelor,Silver,F,1,0,47,4.4,3.4,6,3,0.5,664.38,1
India,Tablet,High School,Silver,F,1,0,52,35.0,4.1,9,3,24.9,381.22,0
France,Mobile,High School,Gold,F,1,0,18,4.6,4.5,2,4,16.1,1618.25,0
UK,Mobile,Master,Platinum,F,1,0,60,19.8,3.2,2,2,25.2,749.46,1
UK,Desktop,Master,Platinum,F,1,1,38,2.8,3.4,4,1,13.7,255.82,1
USA,Desktop,High School,Bronze,M,1,1,41,12.6,4.5,9,4,18.6,871.55,0
Brazil,Desktop,Bachelor,Platinum,F,0,0,20,4.1,3.5,6,4,0.8,935.56,1
UK,Mobile,High School,Bronze,F,0,0,54,56.9,4.9,7,3,23.5,715.94,1
Germany,Tablet,High School,Bronze,M,0,0,40,5.2,3.1,7,1,1.9,244.12,1
Germany,Desktop,PhD,Silver,F,1,1,52,6.3,4.3,7,7,8.2,1992.57,0
France,Desktop,Master,Silver,F,1,0,53,18.7,2.2,7,3,14.1,538.87,1
India,Tablet,Bachelor,Silver,F,0,0,54,7.5,3.6,6,0,7.6,1050.72,1
Spain,Desktop,Master,Silver,F,1,1,30,21.3,3.3,7,1,1.8,2822.2,1
Germany,Mobile,Master,Platinum,M,1,0,36,6.9,3.1,6,5,21.1,803.04,0
India,Mobile,Master,Bronze,M,1,0,31,6.5,3.7,8,3,11.8,4219.15,0
Brazil,Mobile,High School,Bronze,M,0,0,49,11.9,4.0,9,2,22.2,407.77,0
France,Desktop,High School,Platinum,M,1,1,42,4.6,3.0,5,2,7.2,9858.38,1
Canada,Desktop,Master,Bronze,F,0,0,51,16.7,4.0,6,2,14.2,495.43,1
USA,Mobile,Bachelor,Silver,M,0,1,51,24.6,3.6,5,2,10.6,690.19,1
USA,Tablet,PhD,Silver,F,1,0,18,19.0,2.7,3,3,13.1,2180.6,0
India,Desktop,Master,Silver,F,1,0,54,20.4,4.4,5,0,29.2,839.81,1
Germany,Desktop,PhD,Silver,F,0,1,49,2.6,3.5,5,3,12.0,1942.88,0
India,Mobile,High School,Bronze,M,1,0,34,8.4,3.1,5,5,15.4,721.36,1
Australia,Tablet,Master,Gold,M,1,0,42,10.2,2.8,4,1,28.8,1422.65,1
USA,Mobile,Bachelor,Bronze,M,1,0,37,39.0,3.8,5,2,1.5,886.69,1
Australia,Tablet,PhD,Silver,M,1,0,45,7.7,3.0,7,4,9.6,2607.12,0
Germany,Desktop,High School,Bronze,F,0,1,34,1.9,4.4,6,5,6.1,283.56,1
Germany,Desktop,Bachelor,Silver,F,1,0,44,5.5,3.0,9,4,13.6,858.83,0
Japan,Mobile,Master,Silver,M,0,1,39,7.2,3.3,5,1,3.6,1228.93,1
Australia,Mobile,Bachelor,Platinum,F,1,1,33,2.2,3.7,10,4,13.8,2677.45,0
USA,Desktop,Bachelor,Gold,M,0,1,40,26.4,3.0,2,2,8.7,309.97,1
Germany,Desktop,PhD,Silver,F,1,1,70,3.5,4.1,3,2,29.0,2682.39,1
Japan,Mobile,Bachelor,Platinum,M,0,1,30,17.4,3.6,4,4,4.8,1488.37,1
Brazil,Desktop,Bachelor,Silver,F,1,0,35,5.1,2.3,8,0,13.9,372.52,1
Japan,Desktop,High School,Silver,M,1,0,30,40.7,3.7,6,1,20.6,1865.39,0
USA,Mobile,Master,Silver,M,1,0,31,9.8,3.1,3,4,18.1,742.4,0
UK,Mobile,Bachelor,Silver,M,0,1,48,8.3,2.4,8,5,9.9,6740.24,1
UK,Mobile,Bachelor,Gold,M,1,1,47,18.6,4.6,7,2,8.0,975.64,1
India,Desktop,High School,Bronze,F,0,0,38,5.4,4.1,5,1,12.3,3097.1,1
UK,Mobile,Bachelor,Silver,M,1,1,50,19.3,4.0,2,2,2.1,4380.89,0
USA,Mobile,High School,Gold,F,1,0,48,8.3,4.1,1,3,10.2,573.24,0
Canada,Mobile,High School,Platinum,F,1,0,36,7.6,3.9,3,5,17.9,1623.77,0
USA,Mobile,Bachelor,Gold,F,1,0,20,11.4,4.5,3,1,29.7,6339.35,0
Spain,Desktop,High School,Silver,F,0,0,48,5.1,4.3,4,2,19.0,5636.4,1
Japan,Desktop,High School,Silver,M,0,1,40,10.5,4.5,8,2,28.4,517.35,0
India,Desktop,Master,Bronze,F,1,0,38,16.0,3.7,5,3,0.2,3062.97,1
UK,Desktop,High School,Silver,F,1,0,32,1.9,3.7,6,1,23.2,1251.25,0
USA,Mobile,Bachelor,Platinum,F,1,1,47,29.2,4.4,7,3,13.9,575.0,0
Brazil,Mobile,High School,Platinum,F,1,1,42,23.4,3.8,5,2,18.5,571.01,1
India,Mobile,Bachelor,Gold,F,0,0,35,2.8,3.9,4,1,10.7,2848.93,0
Brazil,Mobile,Master,Bronze,M,1,0,23,2.4,3.7,3,5,8.8,3568.47,0
USA,Desktop,Master,Gold,F,1,0,51,23.9,4.1,5,2,10.5,4872.5,1
Brazil,Desktop,High School,Platinum,F,1,1,45,22.5,3.4,5,5,18.0,1426.61,0
Brazil,Desktop,High School,Bronze,M,1,1,41,20.1,4.2,8,1,18.5,898.01,1
Japan,Desktop,High School,Silver,F,1,1,18,3.9,4.5,7,2,16.6,1484.52,1
Brazil,Desktop,Bachelor,Gold,M,1,0,38,52.6,4.4,5,3,12.2,375.79,0
India,Mobile,PhD,Silver,M,1,0,35,6.7,2.4,4,0,23.5,1209.32,0
France,Tablet,High School,Platinum,F,1,0,31,14.8,4.3,5,2,23.9,5319.47,0
USA,Desktop,High School,Silver,F,0,0,47,14.9,4.6,14,4,21.6,1126.01,0
Germany,Desktop,High School,Gold,F,0,0,47,43.6,3.9,4,3,5.2,2874.84,1
USA,Mobile,Bachelor,Gold,F,0,1,43,13.5,4.3,12,3,11.1,1869.01,1
Germany,Desktop,Master,Silver,M,1,0,50,17.0,3.4,8,2,27.3,332.03,1
Germany,Mobile,Bachelor,Gold,F,1,0,26,11.5,4.2,7,3,14.0,2155.72,0
USA,Mobile,Master,Silver,M,1,1,33,4.7,4.1,4,5,15.7,1997.93,0
UK,Tablet,Bachelor,Silver,M,1,0,39,1.9,4.2,7,3,24.6,1336.76,1
USA,Desktop,High School,Bronze,M,0,1,31,12.5,2.4,8,5,28.2,1090.83,0
India,Mobile,High School,Bronze,F,1,0,47,3.9,3.6,4,4,28.1,1336.78,0
Canada,Mobile,Master,Gold,F,0,0,32,16.1,4.6,3,4,7.7,632.58,0
USA,Mobile,Bachelor,Platinum,F,1,0,54,13.7,4.0,8,1,2.2,663.43,1
Canada,Desktop,Bachelor,Bronze,F,0,1,27,13.5,2.9,2,3,15.6,330.87,0
France,Desktop,Master,Bronze,M,1,1,64,5.2,3.8,3,3,20.9,666.66,1
UK,Mobile,Bachelor,Bronze,F,1,0,62,27.9,4.9,6,1,23.0,509.71,1
USA,Mobile,Master,Silver,M,1,0,37,17.8,4.4,9,4,20.0,612.37,0
Germany,Mobile,Bachelor,Platinum,M,1,1,52,4.7,3.5,4,3,2.7,1301.53,0
Brazil,Mobile,Master,Silver,F,0,0,33,63.7,2.9,4,0,10.0,511.71,0
Japan,Mobile,High School,Silver,F,0,1,50,10.3,3.3,4,1,0.2,5311.77,1
USA,Desktop,Master,Silver,F,1,1,36,4.2,4.5,6,2,23.8,422.39,0
USA,Mobile,PhD,Bronze,F,1,1,23,6.6,2.8,7,2,2.6,1079.34,0
Germany,Mobile,Bachelor,Gold,F,1,1,18,3.6,4.4,4,1,18.0,2500.01,0
UK,Tablet,Master,Silver,F,0,0,35,36.1,4.7,4,2,10.3,1523.83,1
USA,Tablet,Master,Silver,M,1,0,41,28.9,4.5,5,2,13.8,878.35,1
UK,Desktop,High School,Gold,M,1,0,54,22.0,3.0,6,6,8.8,1489.46,1
India,Mobile,Bachelor,Gold,M,1,0,38,18.9,4.4,6,5,22.2,3278.64,1
Australia,Desktop,High School,Gold,M,1,1,50,33.1,2.9,6,1,9.9,1259.87,1
Germany,Desktop,PhD,Platinum,M,1,0,33,10.0,3.4,9,3,21.5,1426.36,0
Australia,Mobile,Master,Platinum,F,0,1,34,17.1,4.4,3,3,11.5,8155.93,0
UK,Desktop,High School,Silver,F,0,1,51,6.4,3.8,2,4,12.3,8359.42,1
Germany,Mobile,High School,Bronze,F,1,0,18,10.8,3.9,3,1,16.4,1053.86,1
USA,Desktop,Bachelor,Silver,M,1,0,38,17.5,4.6,8,5,13.1,2396.16,1
Japan,Desktop,Bachelor,Gold,M,0,0,33,1.0,3.8,3,4,17.7,1578.74,0
Canada,Mobile,High School,Bronze,M,1,0,54,7.4,4.3,9,2,27.5,1378.99,0
France,Mobile,Bachelor,Bronze,F,0,0,32,13.9,4.0,7,5,10.9,1447.67,0
UK,Tablet,Bachelor,Bronze,M,1,0,44,11.4,3.8,5,3,21.3,1850.58,1
Japan,Mobile,High School,Gold,F,0,0,49,8.5,2.9,7,2,26.2,399.91,1
USA,Mobile,Master,Silver,F,1,1,20,19.5,3.9,3,1,2.5,822.41,1
Australia,Desktop,PhD,Bronze,F,1,0,36,6.9,2.9,6,2,16.7,600.44,1
Germany,Desktop,Master,Bronze,M,0,0,33,4.6,4.4,7,3,3.6,791.65,1
Germany,Desktop,Master,Gold,F,1,1,49,31.4,4.4,3,3,23.6,1777.92,1
France,Mobile,High School,Bronze,F,0,0,46,28.1,3.8,9,4,11.1,1510.83,0
Japan,Mobile,High School,Bronze,F,1,0,35,7.5,4.2,12,4,15.3,496.24,1
USA,Desktop,High School,Silver,M,1,1,25,11.5,4.8,6,4,16.0,593.43,0
Japan,Mobile,Master,Silver,M,1,1,50,24.0,3.2,5,5,17.5,744.08,1
USA,Mobile,PhD,Bronze,M,1,1,37,12.6,4.0,5,0,29.4,280.99,1
Japan,Desktop,Master,Silver,F,1,0,19,18.6,3.5,7,1,15.4,538.62,0
India,Desktop,Master,Bronze,F,1,0,20,17.8,3.9,5,1,22.5,1045.38,0
India,Mobile,Bachelor,Gold,F,0,0,43,9.4,4.5,8,1,29.3,901.18,1
France,Mobile,Bachelor,Bronze,F,0,1,23,18.4,4.3,3,1,22.9,537.14,0
France,Tablet,Bachelor,Bronze,M,1,0,60,5.6,4.3,7,1,25.0,3538.36,1
USA,Desktop,High School,Gold,F,1,0,27,16.7,4.2,7,1,1.3,2934.62,0
Brazil,Tablet,High School,Gold,M,1,1,38,11.5,3.9,4,3,5.7,1428.09,1
UK,Desktop,Master,Bronze,F,0,1,40,9.1,3.4,8,3,20.4,6131.71,0
Germany,Desktop,Bachelor,Bronze,F,1,1,29,4.5,4.3,11,4,27.1,62.69,0
UK,Tablet,Bachelor,Gold,F,1,0,18,13.5,4.3,2,4,1.9,409.81,0
USA,Desktop,Bachelor,Gold,F,1,0,40,12.6,4.0,6,1,24.3,181.16,0
Japan,Mobile,High School,Bronze,F,0,1,29,6.2,3.9,8,2,5.6,1456.68,1
USA,Desktop,Bachelor,Silver,F,0,0,39,3.4,4.2,10,2,13.4,1035.23,0
Brazil,Mobile,Bachelor,Bronze,M,0,0,37,3.3,4.4,7,3,25.3,2127.55,0
UK,Tablet,Bachelor,Silver,F,1,0,41,9.9,4.3,4,0,5.1,359.19,0
USA,Desktop,Master,Bronze,F,1,1,57,15.6,2.5,10,0,19.7,1857.6,1
Germany,Mobile,Bachelor,Bronze,F,0,0,31,53.5,3.9,10,4,24.9,1241.67,1
USA,Desktop,Bachelor,Bronze,F,1,1,32,11.8,4.5,5,3,18.8,858.05,0
UK,Mobile,Master,Silver,F,1,0,18,3.3,3.7,3,3,0.8,984.72,0
Japan,Desktop,Master,Silver,F,0,0,36,10.3,4.8,5,4,19.7,744.11,0
USA,Desktop,Master,Silver,M,1,1,43,33.2,4.4,4,4,5.5,179.51,0
India,Desktop,High School,Bronze,F,1,0,32,7.1,3.7,6,1,5.4,912.33,0
USA,Desktop,High School,Bronze,F,1,1,43,29.8,4.4,5,4,11.7,1711.39,0
USA,Tablet,High School,Gold,F,1,0,36,14.0,4.6,7,1,23.2,12000.43,0
Brazil,Desktop,High School,Bronze,M,1,0,22,20.4,4.9,9,2,2.9,3564.96,1
UK,Desktop,PhD,Gold,F,0,1,42,53.9,3.5,8,4,14.6,917.18,1
USA,Desktop,Bachelor,Bronze,M,0,1,36,2.8,3.5,7,3,26.7,1972.82,0
UK,Desktop,High School,Silver,F,0,1,39,25.0,3.6,2,5,14.5,3445.83,1
UK,Mobile,High School,Silver,M,1,0,31,11.3,4.1,5,3,9.3,3829.29,0
India,Tablet,High School,Platinum,F,0,0,30,5.7,4.5,4,4,8.4,1136.92,0
UK,Desktop,Bachelor,Bronze,M,0,1,40,11.2,4.4,3,2,29.6,650.0,0
Brazil,Tablet,Master,Bronze,M,1,0,35,47.1,4.5,1,1,3.2,1693.77,0
Australia,Mobile,Master,Silver,F,1,1,59,35.4,4.3,4,0,12.4,658.73,1
Germany,Desktop,PhD,Platinum,M,0,0,48,2.5,3.5,5,2,22.5,1162.66,0
Australia,Mobile,High School,Platinum,M,0,1,45,6.6,4.6,4,0,9.2,1077.77,0
UK,Mobile,Bachelor,Silver,M,1,1,36,25.9,2.7,3,1,25.3,655.3,1
Canada,Mobile,High School,Silver,F,0,0,18,12.0,2.9,5,3,18.5,2564.29,0
USA,Tablet,Bachelor,Silver,F,1,1,28,12.0,3.6,9,5,13.8,624.18,0
Japan,Desktop,PhD,Silver,M,1,0,30,3.5,4.4,6,3,27.8,2610.25,0
Germany,Tablet,Bachelor,Silver,F,0,0,35,6.7,4.8,2,4,11.2,526.04,0
UK,Mobile,Master,Gold,M,0,0,38,4.1,4.1,6,3,29.0,1846.47,1
Japan,Mobile,Bachelor,Gold,F,0,0,46,3.2,4.5,6,1,2.2,207.61,1
Japan,Mobile,High School,Silver,F,0,0,41,4.5,3.8,8,1,1.2,825.54,0
USA,Desktop,High School,Silver,F,1,0,52,559.7557266295304,2.7,8,1,2.5,1277.4,1
USA,Tablet,Bachelor,Silver,F,1,0,34,496.49377231523846,3.6,7,3,2.6,3378.46,1
Japan,Mobile,Master,Silver,M,1,0,41,6.2,2.4,5,1,7.0,518.61,0
Japan,Desktop,High School,Silver,M,1,0,42,27.6,4.1,5,3,12.2,833.73,1
Canada,Desktop,Master,Bronze,F,0,0,41,5.9,3.6,8,2,24.3,1429.87,1
Brazil,Mobile,Master,Bronze,M,0,1,53,38.1,3.7,10,2,11.7,2843.78,0
Canada,Desktop,Bachelor,Silver,M,1,1,48,8.3,4.2,6,4,3.8,1138.25,0
Japan,Desktop,Master,Gold,M,1,1,22,17.3,3.4,9,2,0.9,904.1,1
UK,Mobile,Bachelor,Bronze,M,1,0,37,17.8,4.1,7,4,16.7,633.27,0
USA,Desktop,Master,Silver,F,1,0,38,5.9,4.8,5,1,6.9,334.73,0
Brazil,Desktop,Master,Bronze,M,1,1,64,9.4,4.2,5,1,10.8,442.68,1
Japan,Desktop,PhD,Bronze,M,0,1,34,8.1,4.6,6,3,7.3,3933.96,1
USA,Desktop,Bachelor,Platinum,F,0,0,26,16.4,2.9,6,2,12.2,509.76,0
UK,Mobile,Bachelor,Gold,M,0,1,43,11.0,3.7,4,7,29.2,1913.72,1
Canada,Mobile,High School,Bronze,F,1,0,44,6.7,4.4,11,2,29.2,273.32,0
Germany,Desktop,High School,Gold,M,0,0,37,13.4,4.1,4,1,21.4,298.72,0
Germany,Desktop,Master,Bronze,F,1,1,35,16.0,3.3,3,2,7.1,1722.64,1
Germany,Mobile,PhD,Platinum,M,1,0,49,53.5,3.3,4,0,25.6,151903.00415086962,0
USA,Desktop,Bachelor,Bronze,M,1,0,28,12.9,4.5,5,5,0.3,765.09,1
UK,Desktop,High School,Bronze,M,0,0,34,12.3,3.2,8,4,15.4,294.27,0
UK,Desktop,High School,Silver,F,1,0,32,17.2,3.7,7,2,26.3,2141.74,0
USA,Mobile,Bachelor,Gold,F,1,0,51,5.7,3.8,11,5,12.6,1030.74,0
Brazil,Mobile,High School,Bronze,F,0,0,41,3.1,4.0,7,5,7.4,1408.25,1
Germany,Mobile,High School,Gold,M,0,1,25,9.5,3.8,5,0,18.8,860.63,0
India,Mobile,Master,Bronze,M,1,1,26,28.7,3.7,2,4,24.5,2056.8,0
India,Mobile,High School,Platinum,M,0,0,60,573.6960927151388,-0.19923170162937476,9,3,20.1,2314.05,1
USA,Mobile,Bachelor,Bronze,M,1,0,51,2.7,4.0,7,3,7.6,2798.11,0
Japan,Mobile,Master,Platinum,M,1,0,48,20.8,4.8,10,1,3.8,694.96,1
Germany,Desktop,High School,Silver,F,0,1,38,2.1,4.4,4,1,8.2,854.73,0
Australia,Mobile,Bachelor,Silver,F,1,0,56,17.6,4.0,8,0,4.3,584.0,1
USA,Mobile,Master,Platinum,F,1,0,25,16.8,3.8,5,5,28.8,1571.4,0
Japan,Mobile,Master,Platinum,F,0,0,47,3.1,3.7,6,2,11.0,1175.04,1
France,Desktop,Bachelor,Silver,F,0,0,33,27.1,2.5,10,2,29.0,1679.67,0
UK,Desktop,Bachelor,Bronze,M,1,1,35,49.2,4.5,6,3,17.3,445.05,0
USA,Mobile,Master,Silver,F,0,1,47,11.6,4.5,7,1,20.7,602.02,0
Japan,Mobile,Master,Silver,F,0,1,36,13.6,4.2,9,2,27.3,1327.33,1
Brazil,Tablet,Bachelor,Silver,M,0,0,33,39.8,2.7,8,0,29.8,729.55,1
UK,Desktop,High School,Silver,M,0,1,32,4.9,3.1,6,3,28.5,980.56,0
Japan,Mobile,High School,Bronze,F,1,0,18,5.0,4.4,8,4,13.4,1193.13,0
UK,Mobile,High School,Gold,F,1,0,47,6.2,4.4,7,4,20.8,999.17,0
Japan,Tablet,Bachelor,Gold,M,1,0,26,12.5,4.4,6,1,11.7,6243.0,1
USA,Mobile,High School,Bronze,F,1,0,60,12.5,4.2,6,1,18.9,205.86,0
Australia,Mobile,Bachelor,Silver,M,1,0,35,7.8,4.3,7,2,15.7,358.34,1
UK,Mobile,Master,Silver,F,0,1,54,9.6,4.0,1,3,0.6,1385.76,1
UK,Mobile,High School,Silver,M,0,0,18,7.9,4.4,9,3,26.0,1430.73,0
USA,Tablet,Master,Bronze,M,1,0,47,8.2,3.2,7,2,10.7,357.23,1
USA,Desktop,Master,Silver,F,1,1,50,6.6,3.9,4,0,13.5,682.83,0
Germany,Desktop,High School,Bronze,F,1,0,54,6.6,3.3,3,1,10.3,1121.15,1
UK,Tablet,Master,Silver,F,0,1,20,2.5,4.2,1,2,14.5,2553.71,0
India,Mobile,Master,Gold,M,0,1,30,10.2,4.9,6,8,14.9,1479.99,0
USA,Mobile,Bachelor,Gold,F,1,0,45,2.5,3.9,10,1,19.0,829.26,1
UK,Mobile,High School,Bronze,M,1,0,40,22.2,3.6,4,2,11.3,417.21,1
UK,Desktop,Bachelor,Silver,M,1,1,42,7.8,2.5,5,1,6.8,231.58,0
USA,Mobile,PhD,Platinum,F,0,1,34,11.1,4.6,4,2,11.9,148.59,0
USA,Mobile,Bachelor,Bronze,M,1,0,57,9.0,4.7,7,1,9.6,448.7,0
Germany,Desktop,High School,Gold,M,0,0,69,10.0,4.6,6,5,17.0,84.48,0
Germany,Desktop,Master,Gold,M,0,0,39,33.5,2.6,9,4,21.8,1111.17,0
Germany,Mobile,Bachelor,Gold,M,0,1,43,4.1,4.0,10,1,21.5,2919.2,1
France,Desktop,Bachelor,Bronze,F,1,0,39,3.3,3.7,4,4,26.7,2049.93,0
France,Tablet,Master,Bronze,F,1,1,53,13.4,4.5,8,4,6.2,476.74,1
USA,Desktop,Bachelor,Platinum,F,1,1,48,8.2,4.9,4,2,15.1,469.54,1
Germany,Mobile,Master,Bronze,F,0,1,25,16.2,4.7,4,2,18.7,3474.36,1
Canada,Tablet,Master,Bronze,F,0,1,31,21.6,4.6,7,4,15.5,824.28,0
Germany,Mobile,Bachelor,Silver,F,0,0,26,5.0,2.2,4,1,19.2,835.2,0
Japan,Desktop,High School,Bronze,M,1,0,70,19.7,4.3,10,8,25.7,651.08,1
UK,Mobile,Master,Gold,F,1,0,46,5.4,3.9,5,1,2.8,1208.99,0
Brazil,Desktop,PhD,Silver,M,0,0,31,12.9,2.4,6,1,11.2,566.24,1
Brazil,Desktop,High School,Gold,F,1,0,30,4.5,4.2,6,1,15.2,1098.37,1
France,Tablet,Bachelor,Gold,M,1,1,48,13.5,4.2,6,1,15.7,711.34,1
Canada,Mobile,High School,Bronze,F,1,0,49,12.0,3.6,8,2,0.4,415.76,1
USA,Mobile,Master,Bronze,F,1,1,48,5.0,3.7,4,2,17.3,876.56,1
USA,Desktop,Master,Gold,F,0,0,33,4.1,4.4,4,4,20.9,4324.73,1
Brazil,Desktop,High School,Silver,F,1,0,42,22.2,2.9,7,4,11.7,458.33,1
India,Desktop,Master,Platinum,M,1,0,39,8.5,4.8,2,3,27.4,459.03,0
USA,Mobile,High School,Gold,F,0,1,27,27.4,4.7,6,2,20.4,312.17,0
UK,Mobile,Master,Bronze,M,1,1,27,7.9,3.1,11,4,18.9,716.55,0
USA,Mobile,Bachelor,Gold,M,1,0,43,34.5,3.0,6,4,6.2,3261.98,1
UK,Mobile,Bachelor,Bronze,M,0,0,40,5.7,3.0,3,3,29.4,663.55,0
Brazil,Desktop,High School,Bronze,M,1,1,45,39.6,3.8,9,1,14.0,14080.81,1
Germany,Desktop,High School,Gold,F,1,0,47,14.0,3.7,3,2,1.1,623.53,1
UK,Desktop,Master,Gold,F,0,0,56,16.8,3.5,7,2,2.2,629.44,1
UK,Desktop,Bachelor,Silver,F,0,0,29,5.5,4.2,6,3,10.1,84.89,1
USA,Desktop,High School,Bronze,M,1,0,46,21.8,3.4,5,1,1.2,966.64,0
UK,Tablet,High School,Bronze,M,0,0,47,22.4,3.3,2,6,5.1,2645.74,0
Japan,Desktop,High School,Bronze,M,1,0,34,9.4,3.7,3,1,20.3,720.99,0
Canada,Tablet,Master,Bronze,M,0,1,39,2.2,4.1,2,2,10.3,1209.79,1
India,Desktop,Master,Bronze,M,0,0,35,5.0,4.0,5,2,12.4,1155.09,0
USA,Tablet,High School,Silver,M,0,1,63,5.0,3.0,4,2,28.6,302.44,1
Australia,Mobile,Bachelor,Platinum,F,1,0,39,17.5,4.2,7,5,19.4,2824.08,0
Brazil,Tablet,High School,Bronze,F,1,0,43,8.4,3.2,4,1,8.8,82.64,1
Brazil,Desktop,PhD,Bronze,F,1,0,35,8.5,5.0,6,3,10.2,2925.96,1
Germany,Mobile,PhD,Gold,M,0,1,32,7.7,3.1,3,2,28.4,1146.94,1
UK,Tablet,Master,Gold,F,1,0,22,39.5,4.0,6,0,13.4,1248.49,1
UK,Desktop,PhD,Platinum,F,0,0,51,12.6,3.6,4,0,13.1,548.64,1
USA,Desktop,Master,Bronze,M,0,0,47,14.3,4.4,8,3,8.2,990.03,1
USA,Desktop,Master,Bronze,M,0,1,34,7.4,2.8,6,5,9.6,1176.74,0
USA,Tablet,Bachelor,Silver,M,0,0,27,11.9,4.1,4,3,22.7,396.28,0
Germany,Mobile,Bachelor,Silver,M,1,0,149,5.6,-0.3714395395410943,4,1,24.4,483.87,0
Brazil,Mobile,High School,Silver,M,0,0,32,16.0,4.2,6,2,7.3,403.36,1
Germany,Desktop,Bachelor,Silver,M,0,1,35,4.9,2.2,4,1,28.2,4794.38,0
USA,Desktop,Bachelor,Bronze,M,1,0,23,22.1,3.4,4,2,9.5,402.44,0
Canada,Mobile,High School,Silver,M,0,1,41,6.8,3.8,5,2,21.3,2821.92,1
Canada,Desktop,High School,Silver,F,1,1,41,26.0,3.8,8,3,18.6,1983.93,1
Brazil,Mobile,Bachelor,Silver,M,1,1,51,56.0,4.3,3,3,0.9,4132.98,0
Spain,Tablet,High School,Silver,F,0,0,36,12.2,4.5,7,1,25.8,1205.88,1
France,Desktop,Bachelor,Silver,M,1,0,34,34.8,3.9,5,3,18.9,1673.65,1
Canada,Mobile,PhD,Bronze,M,1,1,19,22.2,4.9,7,0,17.4,410.19,0
USA,Desktop,Master,Bronze,F,0,0,51,3.9,4.4,8,3,16.6,1388.8,0
UK,Mobile,Master,Silver,F,1,0,49,13.3,2.5,6,1,20.0,4211.17,1
USA,Desktop,Bachelor,Bronze,M,1,0,38,18.2,2.9,4,4,2.5,522.7,1
USA,Mobile,Bachelor,Silver,F,1,1,22,19.7,4.7,6,7,22.7,1583.27,0
USA,Desktop,High School,Gold,F,1,0,23,14.0,4.7,5,5,9.2,3241.41,1
Japan,Mobile,Master,Bronze,M,0,0,31,13.9,3.9,4,4,12.6,858.21,1
Brazil,Mobile,High School,Bronze,M,0,1,50,12.2,3.7,6,1,1.2,1668.45,0
France,Desktop,High School,Platinum,F,0,0,41,13.6,3.8,7,5,4.1,911.42,1
USA,Mobile,Master,Bronze,M,1,1,20,4.6,4.1,4,2,24.2,754.13,0
India,Desktop,High School,Bronze,M,1,0,43,10.1,3.9,3,1,11.0,386.1,1
Japan,Mobile,Bachelor,Bronze,M,1,1,28,3.8,3.8,2,5,21.8,3756.35,0
UK,Desktop,High School,Gold,F,0,0,32,8.2,3.9,1,1,11.2,1521.19,0
Japan,Mobile,High School,Bronze,F,0,1,50,7.6,4.6,10,1,26.0,476.17,0
UK,Desktop,High School,Silver,F,1,1,47,7.2,2.7,5,3,14.7,1228.14,0
UK,Desktop,High School,Silver,F,1,1,51,5.3,4.3,3,1,9.7,1234.19,1
Australia,Desktop,Master,Bronze,F,0,1,38,15.1,4.6,6,3,23.7,555.69,1
UK,Mobile,Master,Bronze,F,0,0,49,9.4,4.5,5,2,17.1,1571.22,0
Germany,Desktop,Bachelor,Gold,F,0,1,31,8.7,4.1,5,4,16.9,1353.1,1
Australia,Tablet,Master,Silver,F,0,1,35,4.0,3.9,6,5,21.7,1058.66,1
Japan,Tablet,High School,Bronze,M,1,1,34,9.6,4.7,9,2,29.6,1638.69,0
USA,Desktop,Bachelor,Bronze,F,1,1,38,30.5,3.2,8,0,11.1,2985.84,1
USA,Mobile,High School,Silver,F,1,0,23,30.8,4.1,6,1,16.0,1920.54,0
USA,Desktop,Bachelor,Gold,F,1,1,35,16.4,4.5,5,3,8.9,1298.04,0
Japan,Desktop,Bachelor,Bronze,F,0,0,55,9.6,4.3,6,6,11.6,237.09,0
Germany,Mobile,Bachelor,Silver,F,0,1,25,19.1,3.0,5,1,1.9,1119.66,0
USA,Mobile,Master,Bronze,F,1,0,22,7.1,3.0,8,3,12.0,254.59,0
Canada,Mobile,Bachelor,Bronze,F,1,0,23,9.6,3.8,1,1,5.9,2586.74,0
France,Desktop,Bachelor,Bronze,M,1,1,70,6.7,4.1,7,2,18.3,1846.18,0
USA,Desktop,PhD,Gold,M,0,1,44,25.2,4.9,5,2,1.3,933.29,0
Germany,Desktop,High School,Silver,F,0,1,35,22.7,4.8,2,1,3.9,2178.1,0
Japan,Mobile,Bachelor,Gold,M,0,1,39,11.8,4.5,3,1,16.1,440.07,1
USA,Mobile,Master,Gold,M,1,1,41,48.7,4.2,6,5,12.3,493.62,1
UK,Mobile,Bachelor,Gold,M,1,1,30,16.9,2.7,2,3,12.3,1469.57,1
India,Desktop,High School,Bronze,F,1,0,32,16.2,4.2,4,2,16.2,534.03,0
Germany,Desktop,Bachelor,Bronze,M,1,1,36,14.9,4.0,3,2,6.9,826.2,1
France,Desktop,Bachelor,Platinum,F,1,1,29,4.4,4.2,8,9,4.3,5002.77,1
Germany,Desktop,Bachelor,Gold,F,1,1,33,6.0,4.9,7,3,2.6,3903.99,0
USA,Desktop,High School,Gold,F,0,1,42,11.7,3.8,12,3,26.4,756.4,0
USA,Mobile,PhD,Bronze,M,1,0,26,11.7,4.8,7,2,23.2,608.35,0
Germany,Tablet,Master,Bronze,F,1,0,69,19.5,3.1,5,0,11.1,118.97,1
USA,Mobile,Bachelor,Gold,F,0,1,47,7.1,4.1,11,3,8.3,12905.37,1
USA,Mobile,Master,Bronze,M,1,0,23,12.9,3.0,10,4,15.6,75.72,0
India,Desktop,Master,Silver,M,1,1,18,13.1,4.5,5,3,2.5,1219.9,0
Spain,Tablet,High School,Silver,M,1,0,30,13.5,3.9,6,3,27.5,452.47,0
Brazil,Desktop,High School,Bronze,M,1,1,46,12.3,4.4,7,4,17.3,2039.69,0
India,Tablet,Bachelor,Bronze,M,1,1,44,4.0,4.2,8,1,27.9,771.29,1
USA,Mobile,Master,Bronze,M,1,1,37,2.0,3.8,1,3,28.4,1048.76,0
Canada,Desktop,High School,Bronze,F,0,0,31,5.7,2.4,4,2,16.4,685.77,0
USA,Tablet,PhD,Silver,F,1,0,27,8.0,4.3,1,4,14.9,901.37,0
Canada,Desktop,Bachelor,Bronze,F,1,1,33,4.7,3.4,4,3,9.1,1321.58,0
Spain,Mobile,Bachelor,Bronze,F,1,1,26,11.7,4.7,12,2,24.6,699.95,0
Japan,Mobile,High School,Gold,F,1,0,33,29.1,2.7,7,4,28.4,1644.66,0
Spain,Desktop,High School,Silver,F,1,0,54,21.8,4.3,2,2,5.3,1889.12,0
France,Desktop,Master,Bronze,M,0,0,29,17.7,4.1,4,2,23.5,394.36,1
UK,Mobile,PhD,Gold,M,0,1,45,26.8,-0.7817184923795973,8,2,5.5,5213.4,1
Germany,Mobile,Bachelor,Platinum,F,1,1,47,5.8,4.1,4,2,5.4,1055.58,1
France,Desktop,PhD,Bronze,F,1,1,25,8.5,3.7,4,2,7.9,1042.43,0
USA,Tablet,Master,Silver,M,1,0,28,19.9,3.2,5,5,20.8,276.09,1
Japan,Desktop,Bachelor,Silver,M,1,0,51,8.3,4.7,3,2,2.1,987.57,1
Spain,Desktop,Master,Bronze,F,1,1,27,8.7,4.5,3,1,9.6,440.47,0
USA,Desktop,Bachelor,Gold,M,1,0,37,54.1,4.7,4,2,15.7,2705.84,1
Brazil,Desktop,Bachelor,Platinum,M,0,0,62,13.1,3.0,13,2,23.9,1192.43,1
Australia,Desktop,High School,Platinum,F,1,0,50,49.9,3.6,7,3,10.0,625.2,1
Canada,Tablet,Master,Bronze,F,0,0,39,2.8,4.1,2,2,14.9,1130.56,1
Canada,Desktop,High School,Bronze,F,0,0,48,7.4,2.3,4,4,18.9,1552.03,0
France,Desktop,Master,Platinum,F,1,0,37,16.9,2.8,6,5,7.7,166.01,1
Canada,Desktop,Master,Silver,F,0,0,50,13.1,3.1,10,1,27.9,1144.65,0
Brazil,Mobile,High School,Bronze,F,0,0,18,2.4,2.8,3,2,10.9,184.53,0
USA,Tablet,Bachelor,Gold,M,0,1,36,10.1,3.7,6,4,22.4,1409.38,0
Germany,Desktop,Bachelor,Bronze,M,0,0,18,88.1,3.4,7,4,20.0,2483.32,0
Japan,Desktop,Bachelor,Bronze,F,0,0,40,14.8,4.2,6,3,19.3,1281.78,0
USA,Desktop,High School,Gold,M,1,0,35,19.8,4.2,9,4,12.3,1203.15,1
Japan,Desktop,Bachelor,Bronze,M,1,0,54,7.3,4.2,11,6,26.0,2194.61,0
Japan,Desktop,High School,Bronze,M,1,1,47,14.8,2.9,8,0,23.5,765.52,1
USA,Desktop,High School,Bronze,M,1,1,32,12.1,4.5,8,4,16.9,2879.52,0
France,Desktop,High School,Silver,M,1,1,33,29.8,4.8,9,1,9.4,1948.51,0
Brazil,Mobile,High School,Bronze,F,1,0,43,29.1,4.1,8,2,16.8,2291.45,0
Germany,Desktop,Master,Silver,M,0,0,31,16.9,4.4,4,2,2.6,270.38,0
USA,Tablet,PhD,Silver,M,0,0,38,12.9,3.4,6,2,16.3,1604.35,0
USA,Tablet,Bachelor,Gold,F,1,1,54,3.2,3.4,6,3,21.0,2858.95,1
UK,Mobile,Bachelor,Bronze,F,1,1,28,3.1,3.4,10,0,27.6,1066.85,0
Australia,Desktop,High School,Gold,M,1,0,33,13.0,4.5,6,5,21.5,7189.35,1
USA,Desktop,Bachelor,Bronze,F,1,0,34,24.5,4.7,2,3,7.0,1375.29,0
Japan,Desktop,High School,Silver,F,0,0,75,35.4,3.2,6,4,1.6,643.98,1
USA,Mobile,Bachelor,Silver,F,1,0,45,6.0,4.7,8,2,8.6,1008.6,1
UK,Mobile,PhD,Bronze,M,1,1,52,3.6,4.9,2,1,11.9,6232.76,1
India,Tablet,High School,Gold,F,1,0,47,25.7,3.0,6,1,0.4,5352.24,1
Brazil,Tablet,Master,Bronze,F,1,1,48,6.3,4.0,8,1,28.4,433.43,0
USA,Desktop,High School,Bronze,F,0,0,44,3.4,4.4,6,0,17.6,408.18,0
Germany,Mobile,Bachelor,Bronze,M,0,0,42,8.2,3.1,6,1,28.4,3568.65,0
USA,Desktop,High School,Silver,F,0,0,21,8.1,3.8,8,0,10.4,949.14,0
Germany,Desktop,Bachelor,Bronze,F,0,1,42,35.0,4.9,6,5,21.5,1194.61,1
Japan,Desktop,High School,Bronze,M,0,0,37,24.3,3.6,9,1,19.3,1025.57,1
USA,Desktop,Bachelor,Bronze,M,1,0,45,6.8,4.2,4,1,7.3,1503.65,0
UK,Tablet,Bachelor,Silver,F,1,1,37,37.3,4.3,4,4,8.2,1928.14,0
UK,Desktop,Bachelor,Silver,M,1,0,47,13.5,3.1,4,3,12.1,643.67,1
Australia,Mobile,Master,Bronze,F,1,0,49,28.5,4.8,2,2,5.8,2161.55,0
Spain,Mobile,PhD,Bronze,M,0,0,117,35.2,-0.09104531552040895,7,3,9.9,1798.02,0
USA,Mobile,Bachelor,Silver,M,0,1,33,9.9,4.4,9,1,17.1,11626.22,0
Brazil,Desktop,High School,Gold,F,1,0,18,19.2,4.7,7,6,7.3,2569.65,1
UK,Tablet,High School,Gold,M,0,1,41,8.8,3.8,5,5,8.6,3900.5,1
UK,Mobile,Master,Gold,F,1,0,34,25.6,4.6,7,2,26.9,1066.59,0
Brazil,Desktop,Bachelor,Bronze,F,1,0,54,13.1,4.6,3,1,14.2,3009.11,0
Australia,Desktop,Bachelor,Platinum,F,1,1,40,26.3,3.5,5,2,21.3,4931.49,1
Canada,Mobile,High School,Bronze,F,1,1,32,41.3,4.4,4,1,8.1,1251.57,0
France,Mobile,Bachelor,Platinum,F,0,1,49,18.9,4.2,13,1,17.9,2661.18,1
UK,Mobile,High School,Bronze,M,1,0,34,11.3,4.8,6,1,20.5,881.31,0
Brazil,Mobile,PhD,Silver,F,0,0,32,11.5,3.5,8,6,9.1,231.48,0
UK,Mobile,Master,Bronze,M,0,1,43,1.1,4.0,1,1,13.1,2068.26,0
France,Desktop,High School,Bronze,M,1,0,57,6.9,3.2,3,5,25.3,1540.28,0
UK,Desktop,Bachelor,Gold,F,1,0,48,25.7,3.8,5,4,21.1,4015.29,1
Japan,Desktop,High School,Gold,F,1,0,45,26.5,3.8,3,1,26.8,1326.88,0
USA,Mobile,Bachelor,Platinum,M,1,0,71,586.6419631054941,4.4,6,2,5.6,1612.52,1
USA,Mobile,Master,Silver,M,1,0,29,13.9,4.1,15,4,20.2,1332.78,1
Australia,Desktop,Bachelor,Silver,F,1,1,29,10.5,4.4,4,4,0.5,122.03,0
USA,Mobile,Bachelor,Bronze,M,1,1,40,21.2,3.8,4,3,7.2,987.07,0
Germany,Desktop,High School,Platinum,F,1,1,56,71.3,4.1,5,4,1.8,2961.73,1
USA,Desktop,Master,Silver,F,1,1,27,21.5,4.4,3,3,22.7,1286.41,1
USA,Desktop,Bachelor,Gold,M,1,0,59,7.1,3.9,3,5,15.2,1498.67,1
USA,Desktop,Bachelor,Silver,M,1,0,21,11.4,2.8,4,3,15.1,2777.23,0
USA,Desktop,High School,Silver,F,0,0,37,37.4,4.4,4,2,12.2,1212.28,0
India,Desktop,Bachelor,Platinum,M,0,1,40,3.9,4.3,6,4,1.7,1531.0,0
UK,Desktop,PhD,Bronze,M,1,0,27,7.4,4.2,8,4,22.9,328.81,0
Canada,Desktop,Bachelor,Bronze,M,1,0,31,21.5,3.0,6,2,21.5,557.32,1
France,Mobile,Bachelor,Bronze,M,1,0,115,34.3,4.6,6,196,21.5,3268.74,0
Germany,Desktop,Bachelor,Gold,M,1,0,55,19.8,4.7,6,1,29.8,2093.01,1
France,Tablet,Master,Bronze,F,0,0,18,7.5,2.4,5,3,25.2,2666.96,0
Germany,Desktop,Bachelor,Bronze,F,0,0,40,18.7,2.4,9,3,8.0,3832.73,1
Brazil,Desktop,High School,Bronze,F,1,1,37,17.0,3.4,1,3,4.4,1159.76,1
UK,Desktop,Bachelor,Silver,F,1,0,39,16.1,2.9,4,4,13.5,515.91,0
UK,Desktop,Master,Silver,M,1,1,34,11.3,3.6,5,4,25.0,708.09,1
Australia,Mobile,Master,Bronze,M,0,0,23,12.7,3.6,7,0,4.7,737.18,0
Canada,Desktop,Master,Platinum,F,1,1,57,5.9,3.7,5,3,23.3,1515.4,1
Australia,Tablet,Bachelor,Platinum,F,1,0,52,88.6,3.7,3,3,28.2,669.76,1
Germany,Tablet,High School,Bronze,F,1,1,37,13.8,2.7,6,2,4.2,452.98,1
Brazil,Mobile,PhD,Gold,F,1,0,32,18.9,3.4,4,2,20.5,5708.35,0
Germany,Mobile,Bachelor,Silver,F,1,1,31,10.2,3.3,7,2,6.4,2149.57,0
Germany,Mobile,Bachelor,Bronze,M,1,1,18,24.0,4.6,6,1,29.9,4094.1,1
USA,Desktop,Master,Bronze,F,1,0,42,4.3,3.9,7,1,26.7,477.5,1
France,Mobile,Bachelor,Silver,F,0,0,47,3.0,4.2,9,3,11.1,2027.04,1
USA,Desktop,High School,Silver,F,1,0,40,11.9,2.8,4,6,1.3,5274.27,1
UK,Desktop,Master,Bronze,F,0,0,37,63.0,3.9,5,4,1.4,943.45,1
India,Mobile,Master,Gold,F,1,0,40,32.0,4.0,4,1,14.8,778.9,0
USA,Mobile,Bachelor,Silver,F,1,1,28,6.4,3.7,3,3,28.7,1829.09,0
USA,Tablet,Bachelor,Silver,F,1,0,32,18.4,3.5,6,0,25.4,1983.59,1
USA,Desktop,High School,Bronze,F,0,1,36,7.3,4.3,6,4,14.4,992.41,1
Canada,Mobile,High School,Silver,F,0,1,46,17.1,3.7,5,6,6.5,1566.41,1
Germany,Desktop,Bachelor,Bronze,F,0,1,55,18.2,4.1,7,4,2.0,5574.26,0
Germany,Desktop,Bachelor,Silver,M,0,0,35,25.6,2.6,6,2,11.5,1713.45,0
India,Desktop,PhD,Gold,F,0,0,25,3.5,4.3,7,1,24.5,6098.9,1
India,Desktop,Master,Gold,F,1,0,38,4.4,4.3,5,4,14.6,642.19,1
UK,Desktop,Master,Bronze,F,1,0,62,11.5,3.7,4,2,14.2,246.76,1
Japan,Mobile,Bachelor,Silver,M,1,0,27,5.3,4.1,7,2,14.3,1388.83,0
Brazil,Mobile,High School,Platinum,F,0,1,49,5.0,3.8,7,0,6.3,3426.07,1
Japan,Desktop,PhD,Silver,M,0,1,54,15.1,3.4,11,4,24.3,485.78,1
USA,Mobile,Bachelor,Bronze,F,0,0,34,5.9,2.4,4,2,22.6,774.21,0
India,Mobile,High School,Silver,M,0,0,30,74.2,4.2,5,4,9.0,4932.92,1
France,Mobile,Bachelor,Bronze,F,1,0,45,8.0,4.8,6,0,5.5,3243.67,0
UK,Mobile,Master,Gold,M,0,1,42,9.8,4.1,5,3,23.7,1014.3,0
Germany,Desktop,Master,Silver,M,1,1,46,15.5,3.6,5,2,29.3,1857.14,0
USA,Tablet,High School,Bronze,F,1,0,63,3.6,3.5,4,3,4.2,2391.09,0
USA,Mobile,Master,Bronze,M,1,0,40,18.3,4.8,7,3,4.8,1718.47,1
Brazil,Desktop,High School,Bronze,F,1,0,24,16.0,3.8,6,5,17.7,4465.66,0
USA,Desktop,High School,Platinum,F,0,0,39,9.2,2.7,7,2,14.5,755.44,1
Germany,Mobile,Master,Bronze,F,1,0,41,15.2,4.6,7,3,4.6,1796.48,0
France,Desktop,Master,Silver,M,0,1,53,17.2,2.2,7,4,18.0,2588.2,0
USA,Tablet,Bachelor,Platinum,F,0,0,36,38.4,4.2,8,1,0.7,420.26,1
Canada,Desktop,Bachelor,Bronze,M,0,1,33,90.0,4.0,2,3,14.8,475.58,1
USA,Mobile,Master,Silver,F,0,0,22,5.2,4.0,6,4,3.5,1266.53,0
UK,Desktop,Master,Silver,F,1,1,45,4.3,3.5,7,2,11.4,3551.3,1
UK,Mobile,Master,Silver,M,1,1,75,13.2,2.9,6,3,29.5,1943.9,1
USA,Tablet,Bachelor,Bronze,M,1,0,35,2.3,2.9,5,3,11.0,667.83,0
USA,Desktop,PhD,Bronze,M,1,1,43,20.5,4.3,1,3,10.5,1089.44,0
Brazil,Mobile,PhD,Silver,F,1,0,31,13.3,4.7,6,2,13.0,4027.74,1
Canada,Desktop,High School,Platinum,M,1,0,23,16.3,4.7,4,4,16.6,2148.46,0
USA,Desktop,Master,Bronze,F,1,0,43,9.6,4.1,11,2,0.3,1550.52,0
Japan,Desktop,Bachelor,Bronze,F,1,0,38,14.9,4.6,8,2,24.5,1068.77,0
Brazil,Mobile,Bachelor,Bronze,F,1,0,18,17.8,3.4,6,2,8.9,936.68,0
India,Desktop,Bachelor,Gold,F,1,1,57,14.3,3.2,5,2,25.4,869.52,1
Germany,Desktop,High School,Bronze,M,1,0,43,4.2,3.3,4,0,4.2,2758.47,0
UK,Desktop,Bachelor,Gold,F,0,0,39,14.0,2.1,13,2,12.9,801.25,1
UK,Mobile,Master,Bronze,F,0,1,33,53.7,3.7,8,1,29.6,3813.59,1
Japan,Mobile,High School,Platinum,F,1,1,43,14.8,2.6,8,1,5.8,559.89,1
India,Desktop,Bachelor,Silver,M,1,0,43,13.6,4.0,1,1,15.4,722.32,1
USA,Desktop,PhD,Silver,M,1,0,43,42.4,3.3,3,2,9.6,20514.81,1
UK,Tablet,Bachelor,Bronze,M,1,0,51,6.7,3.7,6,5,19.4,2877.34,0
Australia,Desktop,Bachelor,Gold,M,0,0,54,24.8,3.9,7,2,2.2,417.65,1
India,Tablet,Bachelor,Bronze,M,1,1,62,8.0,3.8,2,2,24.2,2386.93,1
Spain,Tablet,Bachelor,Bronze,F,1,0,28,29.1,4.3,7,2,19.1,2829.86,1
Brazil,Mobile,Bachelor,Bronze,F,1,0,31,23.1,3.1,3,4,26.1,2045.34,0
UK,Desktop,Master,Gold,F,0,1,42,8.8,3.4,7,2,22.8,1085.03,0
France,Mobile,Bachelor,Gold,F,1,1,29,9.8,4.1,5,6,4.1,622.89,1
Japan,Mobile,Master,Silver,M,0,0,31,26.6,4.5,4,2,26.1,3355.32,0
USA,Mobile,Bachelor,Silver,F,1,1,44,2.8,4.8,8,6,11.7,1063.73,0
France,Desktop,Bachelor,Bronze,F,1,1,49,8.6,4.7,6,2,14.7,333.8,1
Japan,Desktop,Master,Gold,F,0,0,53,20.0,4.1,5,0,1.8,859.82,0
USA,Desktop,Master,Gold,F,1,1,36,9.5,4.8,6,2,6.8,345.26,0
Brazil,Mobile,Bachelor,Silver,M,1,0,44,13.6,4.5,4,3,8.7,503.55,0
France,Mobile,High School,Silver,F,0,1,41,2.4,3.6,7,1,24.2,2428.44,0
Canada,Desktop,High School,Platinum,M,1,1,38,6.1,3.9,8,2,14.3,1252.21,0
USA,Mobile,High School,Gold,M,0,0,28,21.0,4.7,8,4,10.9,3676.68,1
UK,Desktop,High School,Silver,M,0,1,138,511.59217915685235,4.3,3,4,28.5,487.29,1
France,Mobile,Master,Bronze,F,1,1,46,4.3,3.3,6,4,7.1,342.99,1
UK,Tablet,High School,Silver,M,1,1,28,28.5,4.7,7,1,14.5,1897.02,0
Japan,Desktop,Master,Silver,F,1,1,18,18.4,2.3,3,5,7.8,457.87,0
Brazil,Desktop,High School,Bronze,M,0,0,38,5.1,4.4,3,4,7.0,510.27,0
USA,Desktop,Bachelor,Bronze,F,1,1,55,13.6,4.3,3,4,26.6,608.32,1
Germany,Mobile,Bachelor,Silver,F,1,1,18,5.2,4.2,4,4,16.9,1444.13,0
Germany,Mobile,High School,Silver,M,0,1,35,10.8,4.1,8,2,0.0,337.56,1
UK,Tablet,Master,Silver,M,1,1,46,14.0,3.3,3,1,4.4,1494.6,1
Australia,Desktop,High School,Bronze,F,0,0,18,6.4,4.1,8,3,26.4,3032.52,1
India,Tablet,Bachelor,Gold,M,0,0,35,22.1,2.8,6,2,1.9,889.89,1
Japan,Desktop,Master,Silver,F,1,1,24,575.8174285116365,2.8,8,2,26.8,80416.70372688025,0
Japan,Mobile,Bachelor,Bronze,F,1,1,26,15.0,3.6,3,4,6.2,1647.05,0
Germany,Desktop,High School,Bronze,M,0,0,33,17.0,3.3,12,2,29.4,1036.28,1
Australia,Tablet,Bachelor,Gold,M,1,0,25,3.8,4.1,6,5,18.7,1279.88,0
Japan,Mobile,Master,Gold,M,0,1,24,36.2,4.0,14,4,29.4,3079.21,0
Brazil,Mobile,PhD,Bronze,M,1,1,37,11.3,3.6,9,0,15.5,1684.34,1
India,Mobile,Master,Platinum,M,0,1,65,5.8,3.6,6,3,23.5,1046.0,1
UK,Desktop,Bachelor,Bronze,M,1,0,47,13.7,3.8,8,4,8.2,613.14,0
India,Desktop,PhD,Platinum,M,0,1,50,22.1,3.2,4,1,4.7,3154.83,1
USA,Tablet,High School,Bronze,M,1,1,48,18.4,2.9,10,2,3.1,515.96,0
UK,Desktop,High School,Bronze,F,1,1,30,5.1,4.4,10,2,10.0,1434.58,0
UK,Desktop,Master,Silver,F,0,1,42,22.3,3.8,9,2,11.6,1456.53,0
Canada,Mobile,High School,Bronze,F,0,0,51,11.6,4.4,6,3,9.6,750.99,0
India,Mobile,High School,Silver,M,1,1,48,18.2,4.5,8,4,28.8,205.19,1
Japan,Desktop,High School,Gold,M,0,1,40,6.4,3.7,5,4,4.2,3707.17,1
Brazil,Desktop,Bachelor,Gold,F,1,0,44,28.1,3.1,4,2,6.0,179.79,0
France,Desktop,Master,Silver,F,1,1,68,14.1,4.6,6,3,6.1,142.07,1
Canada,Desktop,Bachelor,Silver,M,1,1,48,31.5,3.3,10,1,22.0,2014.96,0
Germany,Tablet,High School,Bronze,M,1,1,34,3.6,4.5,6,6,20.0,1896.84,1
UK,Tablet,Bachelor,Bronze,F,1,0,37,4.0,3.1,6,4,5.3,450.63,1
USA,Mobile,PhD,Silver,F,1,0,25,10.1,3.5,7,2,0.8,4596.32,1
Brazil,Desktop,Master,Bronze,M,1,0,66,39.4,4.4,5,4,1.2,418.63,1
Brazil,Tablet,Bachelor,Gold,F,1,0,57,58.6,3.7,7,3,7.3,2833.94,0
UK,Mobile,PhD,Silver,F,0,0,39,6.0,4.1,3,1,22.7,2658.74,1
USA,Desktop,Master,Bronze,F,1,0,64,12.7,4.6,4,0,26.9,1718.89,1
India,Tablet,High School,Silver,F,1,0,46,13.8,2.2,8,0,27.1,3867.88,0
USA,Mobile,High School,Bronze,M,1,1,33,21.6,2.9,5,1,13.0,491.06,0
Japan,Mobile,High School,Silver,F,0,0,49,24.7,4.2,5,5,24.7,678.43,0
Canada,Mobile,Master,Gold,F,1,0,43,5.0,4.1,6,2,21.6,807.06,1
Germany,Desktop,High School,Silver,F,1,0,48,12.8,4.3,9,7,2.2,3378.65,1
USA,Desktop,Bachelor,Bronze,F,1,0,22,2.4,4.2,4,2,27.6,1051.78,0
Japan,Mobile,High School,Gold,F,1,1,28,23.3,3.7,6,0,16.3,662.91,0
India,Desktop,PhD,Bronze,M,0,0,56,9.3,1.7,6,3,13.9,307.88,0
France,Desktop,Bachelor,Gold,M,0,1,58,4.6,4.0,4,1,17.6,228.67,0
Canada,Mobile,PhD,Silver,F,1,1,55,15.9,4.4,6,1,5.3,3916.53,1
USA,Mobile,PhD,Silver,M,1,0,65,9.1,3.6,4,5,4.8,1948.6,0
Germany,Mobile,High School,Gold,M,1,0,45,33.4,4.5,4,1,13.1,4917.39,0
Japan,Mobile,Bachelor,Gold,M,1,0,44,6.0,3.3,5,1,17.2,1496.0,1
India,Mobile,High School,Bronze,F,1,0,27,72.1,4.4,6,2,1.7,993.64,0
USA,Mobile,PhD,Bronze,M,0,0,31,24.1,4.2,5,4,2.6,1627.6,1
India,Desktop,Bachelor,Gold,F,1,1,18,34.1,4.3,5,0,28.2,6649.14,0
France,Desktop,High School,Bronze,M,0,0,34,5.3,3.2,2,1,10.7,524.13,0
UK,Desktop,High School,Silver,M,1,0,18,50.9,4.1,8,4,3.3,1414.08,1
USA,Desktop,Bachelor,Gold,M,1,0,51,4.6,4.9,7,5,4.5,410.82,0
India,Desktop,PhD,Silver,M,0,1,43,10.3,4.3,4,2,11.9,212.16,0
USA,Desktop,Master,Gold,F,1,0,18,34.6,4.1,5,2,25.4,1873.3,1
UK,Mobile,Master,Gold,F,0,0,36,18.3,3.2,3,3,10.4,1867.85,1
UK,Tablet,Bachelor,Silver,F,0,1,62,4.5,4.6,4,0,22.0,1071.71,1
India,Desktop,High School,Gold,M,0,0,36,30.2,3.6,8,2,8.7,817.7,1
Japan,Mobile,PhD,Silver,F,1,0,26,16.0,3.9,9,3,13.4,2787.72,0
Brazil,Mobile,High School,Silver,M,0,0,18,8.7,4.0,5,0,7.4,885.72,0
UK,Desktop,PhD,Silver,M,1,1,18,3.5,3.9,8,2,22.0,1747.03,1
Japan,Tablet,Bachelor,Gold,F,1,0,44,17.2,4.0,7,1,23.6,5737.62,0
France,Mobile,High School,Gold,F,0,0,33,10.7,4.6,4,4,13.8,2069.6,0
India,Desktop,Master,Bronze,M,1,1,34,13.8,3.7,7,4,21.5,2813.32,1
Australia,Mobile,PhD,Bronze,M,1,0,33,3.4,4.4,5,1,9.6,1478.43,0
USA,Desktop,PhD,Platinum,F,1,1,36,8.7,3.2,3,2,13.8,227.05,0
Japan,Mobile,High School,Silver,M,0,0,23,17.9,4.2,3,2,26.3,2602.24,1
USA,Desktop,High School,Bronze,F,0,0,42,54.7,4.0,5,2,1.4,1926.7,1
France,Mobile,Bachelor,Silver,F,1,1,21,10.3,4.0,7,3,13.7,1128.83,1
UK,Desktop,Bachelor,Platinum,F,1,1,29,38.7,3.9,3,5,1.7,513.53,0
UK,Mobile,Master,Gold,M,1,0,50,22.9,4.8,8,0,13.0,3021.55,1
UK,Desktop,High School,Gold,F,1,1,43,14.7,2.8,4,3,15.6,1210.88,1
Japan,Mobile,PhD,Bronze,M,1,1,46,5.4,4.0,9,0,22.7,865.54,1
UK,Mobile,Bachelor,Gold,M,0,0,64,5.6,4.5,5,3,9.2,1102.14,1
Brazil,Mobile,Master,Silver,F,1,1,37,20.0,2.9,4,3,23.5,400.82,1
Germany,Mobile,Bachelor,Gold,M,1,0,38,8.0,2.3,6,1,1.7,1641.92,1
USA,Mobile,Bachelor,Bronze,M,1,0,35,7.4,2.6,4,3,6.9,758.85,0
Brazil,Tablet,PhD,Bronze,F,0,0,33,10.5,4.5,6,0,18.1,1310.68,0
UK,Mobile,Bachelor,Silver,F,1,1,26,10.7,4.6,5,1,0.2,471.22,0
Germany,Mobile,Master,Bronze,M,1,0,39,25.0,4.4,9,1,19.2,5340.03,1
Japan,Mobile,PhD,Gold,M,1,1,42,8.1,3.8,5,0,21.6,1461.01,0
UK,Desktop,Master,Platinum,M,1,0,43,23.1,3.1,7,3,25.3,958.56,1
USA,Desktop,Bachelor,Silver,M,1,0,39,17.3,4.3,2,0,22.9,287.91,0
UK,Desktop,High School,Gold,F,1,1,49,3.2,4.3,3,4,28.0,1384.28,0
Canada,Mobile,High School,Silver,F,0,1,38,15.4,4.8,5,0,15.9,940.06,0
Japan,Desktop,High School,Gold,F,0,0,33,1.4,4.4,11,4,22.3,5894.98,0
Japan,Mobile,High School,Gold,M,1,0,27,6.0,3.0,12,2,24.3,792.27,0
Japan,Mobile,High School,Gold,M,1,1,19,17.6,3.9,7,2,19.0,1748.27,0
USA,Desktop,Bachelor,Silver,M,1,0,56,12.1,4.1,6,3,27.9,681.25,1
Germany,Mobile,Bachelor,Silver,M,1,1,30,3.0,3.1,6,3,14.2,678.03,1
Brazil,Desktop,Bachelor,Gold,M,1,1,27,5.0,4.6,3,2,6.8,3934.07,0
USA,Desktop,High School,Bronze,M,0,1,33,1.5,4.3,8,0,7.9,797.73,0
UK,Mobile,High School,Gold,M,1,1,35,4.2,4.6,7,7,10.8,680.12,0
UK,Desktop,Master,Platinum,F,1,1,58,19.4,2.7,4,2,22.1,1205.71,1
Germany,Desktop,Bachelor,Silver,F,1,0,34,7.8,4.4,6,2,16.7,345.73,1
Spain,Tablet,Bachelor,Gold,F,1,0,70,14.0,4.4,5,0,28.0,672.7,1
USA,Desktop,Bachelor,Gold,M,1,0,39,12.3,4.0,9,1,27.0,3545.86,0
Germany,Tablet,Master,Silver,F,1,0,63,12.5,4.9,4,2,13.7,896.86,1
USA,Tablet,Bachelor,Silver,F,0,1,49,27.6,3.3,10,2,11.9,3845.93,1
Canada,Desktop,Bachelor,Gold,M,1,0,42,10.4,3.8,2,1,29.1,1524.13,1
USA,Desktop,PhD,Silver,F,1,1,57,25.2,2.6,7,4,14.4,5155.23,1
Germany,Mobile,Master,Bronze,F,1,1,51,1.7,4.6,7,2,29.7,1126.13,1
Brazil,Mobile,Bachelor,Gold,F,1,1,46,29.6,3.4,4,2,7.1,5370.84,1
Japan,Desktop,Bachelor,Silver,M,0,0,66,4.3,4.4,7,1,26.7,654.14,1
Germany,Mobile,High School,Gold,M,0,1,32,5.2,3.2,8,4,8.1,6550.17,1
UK,Desktop,Bachelor,Bronze,F,0,0,26,6.9,4.1,6,3,19.3,1823.02,0
UK,Tablet,PhD,Bronze,M,0,1,30,29.0,4.2,3,2,30.0,533.91,1
UK,Desktop,Bachelor,Platinum,F,1,0,59,6.0,4.5,3,1,17.2,132.47,1
USA,Desktop,PhD,Bronze,F,0,1,55,7.2,3.6,6,3,24.8,1024.84,0
Germany,Desktop,Bachelor,Gold,M,1,0,32,5.6,4.3,9,2,7.5,656.74,0
UK,Tablet,PhD,Gold,F,0,0,18,14.9,4.3,7,1,16.9,5227.4,1
UK,Mobile,Bachelor,Gold,F,1,0,36,22.1,4.0,6,2,14.0,2228.3,1
Japan,Mobile,High School,Bronze,M,1,1,26,47.6,4.8,6,1,11.2,783.67,1
Canada,Desktop,Bachelor,Silver,M,0,1,32,83.1,3.3,3,2,1.8,1087.11,1
France,Desktop,High School,Gold,F,1,0,25,20.5,4.6,8,2,22.3,1432.65,0
USA,Desktop,High School,Silver,F,1,0,19,16.3,4.0,2,5,29.3,3872.47,0
USA,Mobile,Master,Silver,M,0,0,61,4.6,4.2,5,2,18.7,1495.62,1
Canada,Mobile,High School,Silver,M,1,0,30,56.1,4.3,4,4,2.3,1206.82,1
UK,Mobile,Master,Bronze,F,0,0,55,14.5,4.4,5,3,20.0,983.59,1
USA,Desktop,High School,Gold,F,0,0,35,9.7,3.7,9,2,30.0,2811.79,1
France,Tablet,High School,Gold,M,1,1,24,16.6,3.1,5,2,22.5,1049.42,1
Japan,Desktop,PhD,Platinum,F,0,0,44,7.3,2.9,9,3,12.7,2925.05,1
Japan,Tablet,Bachelor,Silver,M,1,1,33,1.9,4.5,6,4,29.4,946.35,1
UK,Desktop,Bachelor,Gold,M,0,0,36,19.2,3.7,3,4,27.3,784.4,0
USA,Mobile,Bachelor,Bronze,F,0,1,40,35.7,4.6,8,1,23.3,2170.37,0
Canada,Desktop,Bachelor,Silver,M,1,1,28,19.0,4.6,5,2,27.9,638.63,0
UK,Desktop,PhD,Silver,F,1,0,19,12.1,3.9,2,7,23.2,1148.99,1
Japan,Mobile,Master,Platinum,M,1,0,37,12.3,4.5,6,0,29.3,3883.81,1
Japan,Desktop,Bachelor,Gold,F,0,0,50,14.0,4.5,7,3,22.8,1690.26,1
France,Desktop,Master,Platinum,M,1,0,27,13.6,4.5,3,1,4.4,5296.38,0
UK,Mobile,High School,Gold,M,1,0,40,11.6,3.9,2,8,3.0,687.68,0
UK,Mobile,Bachelor,Gold,F,1,0,56,12.4,3.6,8,3,7.4,1960.26,1
France,Mobile,PhD,Bronze,F,1,0,37,42.3,2.4,12,2,4.1,6566.06,0
India,Desktop,Bachelor,Gold,F,1,0,39,17.8,4.7,9,1,16.9,1480.01,1
Canada,Mobile,Master,Silver,F,0,0,39,13.3,4.0,6,4,19.8,1923.71,0
USA,Mobile,Master,Bronze,F,0,0,30,20.6,4.4,7,1,3.7,3644.43,1
USA,Desktop,Master,Bronze,F,0,0,26,20.6,4.4,9,1,0.2,3193.83,0
Canada,Mobile,PhD,Silver,F,1,1,26,26.0,2.8,2,1,20.9,4916.74,0
Brazil,Desktop,High School,Bronze,F,0,1,42,6.6,3.3,8,5,1.5,488.48,0
Australia,Desktop,High School,Silver,F,1,1,47,8.3,3.6,6,3,21.6,1397.04,1
USA,Desktop,Bachelor,Silver,F,0,0,48,6.4,4.5,3,3,2.1,1802.22,1
France,Desktop,Master,Platinum,M,1,0,33,22.5,2.0,4,1,28.9,1205.52,0
Japan,Mobile,High School,Gold,F,0,0,51,21.6,3.0,5,0,7.5,459.31,1
Japan,Mobile,High School,Silver,M,1,0,42,4.4,4.8,8,4,2.0,722.72,1
Germany,Tablet,Bachelor,Bronze,M,0,1,39,16.7,2.8,8,2,18.7,95.95,1
USA,Mobile,PhD,Bronze,M,1,0,18,36.5,3.6,6,2,21.7,1785.53,1
France,Desktop,Master,Bronze,F,1,1,28,10.1,3.1,6,2,27.7,215.67,0
UK,Tablet,Bachelor,Bronze,F,1,1,20,15.7,2.6,8,3,24.8,578.93,0
Germany,Tablet,High School,Platinum,F,0,1,46,21.9,3.6,5,3,8.4,3160.6,1
Canada,Desktop,Bachelor,Silver,M,0,0,39,4.2,3.1,5,9,6.0,829.04,0
UK,Mobile,High School,Bronze,M,1,0,25,13.8,4.0,7,4,9.2,1374.02,0
India,Tablet,High School,Bronze,F,0,0,42,33.7,3.0,9,2,7.2,6746.46,0
USA,Mobile,PhD,Silver,M,0,0,21,7.6,3.5,5,4,21.6,1159.51,0
Japan,Tablet,PhD,Silver,M,1,1,25,23.7,3.6,8,3,21.0,1955.74,0
Canada,Desktop,High School,Bronze,M,0,0,29,12.5,3.7,10,2,16.8,2293.08,1
USA,Desktop,High School,Platinum,F,0,0,44,7.1,4.3,6,2,2.1,735.0,1
USA,Desktop,Bachelor,Bronze,M,1,0,55,11.3,4.4,15,0,28.6,324.53,1
Germany,Mobile,Bachelor,Bronze,M,1,0,31,8.0,4.6,5,3,10.5,2258.27,0
USA,Mobile,High School,Bronze,F,0,0,54,6.0,2.9,7,2,24.4,1721.69,1
Brazil,Tablet,Bachelor,Silver,M,1,0,39,9.9,4.1,8,1,23.9,721.83,0
Australia,Desktop,High School,Bronze,F,1,1,41,12.9,3.4,7,5,8.9,448.56,0
Germany,Desktop,Master,Bronze,M,1,1,37,10.7,2.7,6,4,7.4,2603.28,0
UK,Mobile,Master,Bronze,M,0,0,36,9.9,3.8,9,1,16.1,1399.94,0
Germany,Mobile,Bachelor,Silver,F,1,0,43,14.6,4.4,3,1,10.7,808.44,0
Brazil,Desktop,Bachelor,Bronze,F,1,0,47,18.6,3.3,4,2,27.6,2620.53,0
USA,Mobile,PhD,Bronze,F,1,1,27,4.9,4.4,6,3,27.4,742.34,1
France,Mobile,PhD,Silver,F,0,0,36,10.0,3.7,11,1,23.2,186.47,1
France,Mobile,High School,Bronze,M,0,1,58,2.5,4.5,7,1,0.6,594.55,0
Japan,Mobile,High School,Silver,M,1,0,40,10.7,4.6,3,3,25.4,620.78,1
USA,Desktop,Bachelor,Bronze,M,0,0,41,13.7,2.9,5,7,19.7,655.21,0
Japan,Tablet,High School,Bronze,F,1,0,52,19.2,3.6,9,1,15.7,651.85,1
USA,Mobile,Bachelor,Silver,F,1,1,32,13.8,4.3,1,1,11.7,144.48,0
USA,Desktop,Bachelor,Bronze,F,1,0,38,18.9,3.0,7,2,18.5,2156.38,0
India,Desktop,Bachelor,Bronze,M,1,0,48,12.8,4.7,7,1,7.7,516.05,0
Brazil,Mobile,Bachelor,Silver,F,0,0,53,7.1,4.2,8,3,17.3,174.35,1
USA,Desktop,Bachelor,Platinum,F,1,0,18,5.0,4.3,6,3,19.5,2119.35,1
USA,Desktop,PhD,Gold,F,1,0,29,9.9,4.5,4,0,20.3,128.06,1
USA,Mobile,High School,Gold,F,1,1,26,6.6,2.9,5,1,12.6,685.8,1
UK,Desktop,Master,Gold,F,1,1,37,11.1,3.5,6,6,2.1,5131.33,1
USA,Mobile,High School,Platinum,M,1,1,27,8.2,3.7,11,1,12.5,266.7,1
USA,Desktop,High School,Gold,M,1,0,46,17.0,4.3,7,2,27.0,3581.07,1
Germany,Mobile,Bachelor,Silver,M,0,0,40,12.7,4.4,3,2,16.1,734.98,0
Brazil,Desktop,High School,Bronze,M,1,0,49,17.4,3.7,10,5,1.2,1187.02,1
France,Desktop,High School,Bronze,M,1,0,49,17.4,3.4,5,0,11.2,2251.44,1
Japan,Desktop,High School,Silver,M,0,1,46,10.6,4.9,3,1,18.5,385.75,1
USA,Tablet,Bachelor,Platinum,M,1,0,34,11.1,4.3,7,2,8.4,459.76,1
Canada,Tablet,Master,Silver,F,0,1,39,18.2,3.2,6,2,5.6,413.2,0
India,Desktop,High School,Gold,F,1,1,32,86.2,4.0,10,3,17.3,662.99,0
India,Mobile,Master,Silver,F,0,0,22,5.5,3.3,7,1,18.2,861.06,1
India,Mobile,High School,Silver,M,0,1,49,12.6,4.6,6,2,13.8,209.24,0
Australia,Tablet,Bachelor,Silver,M,1,0,37,4.7,4.4,8,4,2.8,1290.8,0
France,Desktop,Bachelor,Silver,M,1,0,20,12.0,4.0,5,0,22.2,2093.5,1
USA,Mobile,Master,Bronze,F,1,0,44,7.1,4.9,5,3,22.7,450.45,0
France,Desktop,PhD,Gold,F,0,1,35,11.1,2.9,1,4,11.7,479.52,0
Brazil,Desktop,PhD,Gold,M,1,0,18,13.8,3.1,6,0,0.3,870.37,0
Brazil,Tablet,High School,Gold,F,0,1,22,8.2,3.9,4,2,19.1,1436.87,0
France,Mobile,Master,Bronze,M,0,1,30,2.9,4.1,4,0,29.3,802.24,0
USA,Desktop,High School,Gold,F,0,1,41,38.1,3.4,3,3,14.6,6385.27,0
UK,Desktop,PhD,Bronze,M,0,1,47,23.8,3.5,10,4,20.6,2161.34,1
Australia,Mobile,High School,Bronze,M,1,0,47,11.0,1.8,8,1,15.8,1110.17,0
France,Mobile,Bachelor,Gold,F,1,1,45,6.0,4.3,3,1,7.1,543.2,0
France,Desktop,High School,Bronze,F,0,0,38,13.0,4.2,6,2,10.2,771.42,0
UK,Tablet,High School,Bronze,F,1,0,59,16.3,4.3,10,1,28.8,839.4,1
UK,Desktop,Master,Bronze,F,0,0,46,22.6,3.6,9,5,17.9,10115.55,0
Australia,Desktop,PhD,Gold,M,1,0,41,24.3,4.4,8,1,5.6,915.61,0
Japan,Tablet,Bachelor,Bronze,M,1,1,45,28.2,3.3,6,1,1.5,3548.9,1
Brazil,Desktop,Master,Silver,F,0,0,33,3.0,4.1,7,2,1.6,432.59,1
Germany,Desktop,Master,Silver,F,1,0,37,9.5,2.9,4,2,15.0,1646.05,1
Japan,Mobile,High School,Gold,F,0,0,18,27.0,3.2,11,4,3.2,3129.39,1
USA,Mobile,High School,Gold,M,1,0,33,5.8,4.6,13,3,25.0,1798.44,0
Japan,Desktop,High School,Silver,F,0,0,59,32.3,4.2,7,4,10.3,1522.64,0
Germany,Tablet,Bachelor,Bronze,M,1,0,40,51.8,3.1,4,3,11.5,1063.84,1
Germany,Mobile,High School,Bronze,F,1,1,39,31.6,3.7,7,2,10.3,1156.89,0
Japan,Desktop,High School,Silver,F,0,0,50,20.7,3.9,7,2,16.1,852.06,1
Australia,Mobile,High School,Gold,F,0,0,42,8.5,4.0,7,4,29.9,473.93,0
USA,Desktop,High School,Bronze,F,1,0,29,15.3,4.2,7,1,26.9,1625.23,0
India,Desktop,PhD,Bronze,M,0,0,38,4.2,3.7,4,2,7.0,1463.58,0
UK,Mobile,High School,Gold,M,0,1,24,6.5,4.4,4,1,26.9,1656.65,0
Germany,Tablet,Bachelor,Silver,F,1,0,40,6.9,4.6,5,3,17.5,321.14,1
USA,Desktop,Bachelor,Gold,M,1,0,28,12.8,4.4,6,4,21.9,751.51,0
UK,Desktop,Bachelor,Gold,F,0,0,49,8.9,3.3,3,2,15.6,982.98,0
Germany,Mobile,High School,Gold,F,0,1,32,15.0,4.0,9,3,19.8,1454.3,1
USA,Desktop,Bachelor,Silver,F,1,0,28,24.6,4.2,7,2,11.8,268.26,0
Germany,Desktop,High School,Silver,F,0,0,37,6.9,3.0,5,3,8.5,176.27,1
Australia,Desktop,Bachelor,Platinum,F,1,0,42,13.7,3.2,7,4,15.1,2986.66,1
USA,Mobile,High School,Silver,F,1,1,24,8.7,3.8,3,2,14.3,751.57,0
Brazil,Desktop,Bachelor,Bronze,M,1,1,32,14.2,4.8,7,3,11.9,3035.14,0
Germany,Desktop,Master,Bronze,F,0,0,39,21.1,3.8,9,3,23.7,1267.66,0
Japan,Mobile,Bachelor,Silver,F,0,1,54,25.5,3.2,2,2,21.5,1909.52,0
UK,Mobile,Bachelor,Platinum,M,0,0,18,20.8,4.1,8,0,8.6,1237.79,0
USA,Mobile,Bachelor,Bronze,F,1,0,145,17.0,3.4,13,125,5.9,1360.5,1
USA,Desktop,Master,Bronze,F,1,0,33,3.9,4.1,3,1,0.1,2696.75,0
USA,Mobile,High School,Gold,F,0,1,32,5.1,3.7,6,2,29.4,445.97,1
USA,Desktop,Master,Platinum,M,1,0,30,6.3,4.6,7,1,10.6,402.61,0
Japan,Desktop,Master,Bronze,F,1,1,146,16.2,-0.8278279072916901,6,3,18.4,1075.26,0
Australia,Mobile,Bachelor,Bronze,M,0,0,45,4.3,2.9,5,3,22.4,244.23,1
India,Desktop,High School,Silver,F,0,1,32,16.0,3.7,7,4,6.2,227.16,1
Japan,Desktop,Bachelor,Bronze,M,0,0,58,15.1,2.8,6,3,20.0,442.83,1
USA,Desktop,High School,Gold,F,1,0,45,2.6,3.6,6,2,3.4,2651.87,0
UK,Desktop,High School,Bronze,M,1,0,40,5.1,3.6,6,1,2.9,1396.96,1
UK,Desktop,High School,Bronze,M,1,0,36,28.1,3.4,3,5,9.1,8117.41,0
USA,Tablet,High School,Bronze,M,0,0,52,21.3,3.2,3,7,9.6,1775.36,1
Germany,Desktop,Bachelor,Bronze,M,0,0,54,6.2,4.5,2,4,5.4,3385.06,0
France,Desktop,Master,Bronze,F,1,1,24,5.3,4.1,5,0,14.0,892.68,0
UK,Desktop,High School,Bronze,F,1,0,30,1.7,3.9,6,3,18.5,828.17,1
UK,Tablet,PhD,Gold,M,1,0,46,39.5,3.8,9,4,27.8,6458.69,1
India,Mobile,PhD,Bronze,M,1,0,49,12.6,4.5,5,1,21.1,817.83,1
Brazil,Desktop,PhD,Platinum,M,1,0,34,55.0,4.4,5,6,15.7,1932.82,1
UK,Tablet,Master,Bronze,F,0,0,29,10.5,3.2,8,0,16.2,4373.9,1
Australia,Desktop,Bachelor,Silver,M,1,1,39,15.3,4.2,7,9,17.2,1439.53,1
Canada,Desktop,High School,Bronze,M,1,0,56,24.9,4.0,5,2,8.6,3229.38,1
UK,Desktop,Bachelor,Bronze,M,0,1,38,45.2,3.2,9,0,22.3,170.55,0
UK,Desktop,Bachelor,Silver,M,1,0,23,18.2,2.7,5,4,19.6,431.33,0
Germany,Desktop,Master,Silver,M,0,1,39,12.2,4.8,9,4,14.7,2383.68,0
Canada,Mobile,PhD,Gold,M,1,0,47,12.5,4.3,2,4,6.4,772.48,1
India,Desktop,Bachelor,Gold,F,1,0,37,5.3,4.0,7,0,25.5,1420.76,1
USA,Mobile,Bachelor,Silver,F,1,0,53,9.0,3.3,3,2,5.9,897.62,1
UK,Desktop,High School,Silver,M,1,1,48,12.7,4.3,4,3,5.9,575.94,0
France,Desktop,High School,Gold,F,1,1,37,36.8,4.6,7,2,4.4,244.09,1
Germany,Desktop,Bachelor,Silver,M,1,0,39,8.6,5.0,7,1,29.9,1545.45,0
USA,Tablet,Bachelor,Platinum,F,0,0,18,28.5,3.7,2,2,7.3,671.37,0
India,Desktop,Master,Gold,M,1,1,53,11.4,3.5,8,1,25.5,3424.53,0
Japan,Mobile,Bachelor,Bronze,F,0,0,34,32.9,4.6,8,3,1.0,2466.29,0
India,Desktop,PhD,Bronze,F,1,0,33,20.9,3.9,8,3,21.2,792.89,1
India,Desktop,Bachelor,Silver,M,0,1,31,19.8,4.2,7,2,0.9,1539.9,1
Brazil,Desktop,Master,Gold,F,0,1,43,26.7,3.5,5,4,18.7,918.25,1
Germany,Desktop,High School,Silver,F,0,1,24,23.7,2.9,5,4,8.0,623.69,1
France,Desktop,Master,Gold,F,1,1,26,28.5,4.0,5,4,2.1,1331.68,0
USA,Desktop,Master,Bronze,M,0,0,37,67.0,3.4,6,6,8.2,1810.0,0
Japan,Mobile,High School,Bronze,M,0,0,30,44.4,3.0,8,3,3.7,2148.17,1
USA,Desktop,High School,Bronze,F,0,1,42,17.7,3.0,4,6,6.6,453.34,0
Japan,Mobile,PhD,Silver,M,0,1,31,8.6,3.7,7,2,20.6,421.19,0
USA,Desktop,High School,Silver,F,0,1,57,16.3,3.6,2,4,25.0,742.44,1
USA,Mobile,Bachelor,Bronze,M,1,1,46,2.6,3.0,6,1,13.1,450.88,0
USA,Mobile,Bachelor,Silver,F,0,0,46,23.6,4.3,3,1,12.5,416.18,1
USA,Desktop,Master,Bronze,F,1,0,31,5.2,4.6,5,2,13.9,861.38,1
Japan,Desktop,Master,Bronze,M,0,0,67,29.9,4.1,10,4,14.1,476.75,1
Brazil,Mobile,Bachelor,Gold,F,1,1,33,59.4,3.4,6,1,7.0,1218.94,1
Germany,Tablet,Bachelor,Bronze,M,1,0,29,3.8,2.9,12,2,29.7,1391.48,1
USA,Desktop,PhD,Silver,M,0,1,46,11.7,4.4,5,4,20.0,770.98,1
USA,Desktop,Master,Gold,M,1,0,40,5.2,3.4,6,2,23.2,1594.88,1
USA,Tablet,Master,Gold,M,0,0,28,3.1,3.3,8,2,13.3,1447.26,0
USA,Desktop,Bachelor,Bronze,M,0,0,64,11.2,4.1,3,0,22.8,2412.51,1
Australia,Mobile,High School,Silver,F,1,1,50,20.2,4.7,6,1,20.5,1068.1,1
USA,Desktop,Bachelor,Gold,M,1,0,38,22.3,4.3,7,2,24.8,434.45,0
UK,Desktop,Master,Gold,M,1,1,67,13.8,4.7,3,3,1.3,581.44,1
USA,Mobile,High School,Gold,M,0,0,48,3.2,4.3,8,2,1.4,5126.93,1
USA,Mobile,High School,Bronze,M,0,0,38,13.4,4.6,8,0,17.1,315.47,0
Germany,Desktop,High School,Bronze,F,0,0,65,3.7,3.9,6,5,11.4,347.55,1
France,Mobile,Bachelor,Silver,M,1,1,46,3.9,4.0,7,2,24.1,115.32,0
USA,Mobile,Master,Gold,F,1,0,45,5.5,2.8,5,4,5.0,4227.26,1
USA,Mobile,High School,Bronze,M,0,1,33,28.2,3.7,4,1,7.5,982.46,0
UK,Desktop,Master,Bronze,F,1,0,39,18.8,4.3,3,1,12.6,321.85,1
USA,Mobile,PhD,Gold,M,0,0,33,15.8,3.9,3,141,26.8,128.19,1
USA,Mobile,High School,Bronze,M,1,0,55,6.1,4.2,7,1,4.0,756.24,1
Canada,Mobile,Master,Bronze,F,0,0,19,8.9,4.5,5,2,23.3,780.12,0
France,Mobile,PhD,Bronze,M,1,0,54,4.1,3.6,6,0,29.7,4739.73,1
France,Desktop,PhD,Bronze,F,1,0,27,36.3,4.2,2,3,22.5,1150.48,1
Germany,Mobile,High School,Silver,F,1,1,37,70.7,4.3,6,2,16.5,511.31,0
Germany,Mobile,High School,Bronze,M,0,0,34,19.0,4.9,7,0,16.7,1218.11,0
France,Desktop,High School,Bronze,F,1,0,32,21.9,4.5,3,4,4.9,458.62,0
Japan,Desktop,Master,Bronze,F,0,0,46,10.7,2.6,3,2,13.2,336.86,1
Japan,Desktop,Master,Bronze,F,1,0,38,3.3,4.6,3,1,15.9,576.41,1
USA,Mobile,Master,Silver,F,1,0,30,6.2,3.8,4,2,15.0,260.93,0
Germany,Desktop,Bachelor,Bronze,M,0,1,40,8.4,2.3,4,0,3.3,3589.85,0
Germany,Mobile,High School,Silver,F,1,1,30,9.0,3.6,5,4,4.6,1655.97,1
India,Tablet,Bachelor,Bronze,F,1,1,32,7.4,3.9,10,0,7.6,897.62,0
Japan,Mobile,Bachelor,Bronze,M,0,0,20,12.7,3.3,6,3,15.6,997.01,0
France,Tablet,Master,Bronze,F,0,0,33,6.2,4.9,5,7,4.8,731.68,1
USA,Tablet,Bachelor,Bronze,M,1,0,44,69.0,4.4,11,2,8.4,1573.29,1
France,Desktop,Bachelor,Silver,F,1,0,38,4.1,4.5,8,1,10.3,2648.71,0
USA,Mobile,High School,Silver,M,0,0,60,24.8,2.9,5,0,20.1,1103.91,1
UK,Desktop,High School,Gold,M,0,0,69,9.9,5.0,7,2,10.0,3584.14,0
USA,Tablet,High School,Bronze,F,0,1,32,17.6,4.3,4,2,20.9,1066.73,1
Japan,Desktop,High School,Bronze,M,1,1,28,18.3,4.1,3,2,4.5,824.36,0
USA,Tablet,Bachelor,Bronze,M,0,0,52,13.8,4.2,6,2,8.5,3293.57,1
UK,Mobile,High School,Gold,M,1,1,42,4.9,2.9,4,2,12.7,460.08,1
Australia,Mobile,High School,Bronze,F,0,1,52,9.3,4.2,3,0,8.0,674.18,1
USA,Desktop,Master,Silver,F,0,0,43,13.9,3.4,4,2,5.5,641.67,1
Germany,Desktop,Bachelor,Bronze,M,0,1,36,13.3,2.8,7,3,29.2,1368.37,0
Germany,Mobile,Master,Bronze,M,1,0,36,5.4,3.9,5,3,19.7,972.66,0
USA,Desktop,Master,Platinum,M,0,1,43,34.2,3.8,5,3,0.6,4688.67,1
Brazil,Mobile,Bachelor,Silver,F,1,0,35,1.7,3.7,8,2,5.6,2558.06,0
USA,Desktop,PhD,Gold,M,0,0,53,10.0,4.3,7,5,19.8,1189.97,0
Germany,Mobile,High School,Silver,M,1,0,22,5.8,4.6,8,4,10.6,4154.88,1
France,Desktop,Master,Silver,M,0,1,53,14.1,3.3,5,0,15.3,721.15,1
Japan,Mobile,PhD,Bronze,F,1,0,18,27.5,3.7,5,4,24.0,527.26,0
Japan,Mobile,Master,Silver,F,1,0,40,4.0,4.1,6,1,3.5,1644.22,1
UK,Desktop,High School,Bronze,F,0,0,34,80.1,4.4,5,3,19.2,823.21,1
USA,Desktop,Bachelor,Silver,M,0,0,20,14.3,3.0,4,6,14.7,1444.12,0
Brazil,Desktop,High School,Silver,F,1,1,18,16.5,4.9,5,2,6.8,4903.0,0
France,Mobile,Bachelor,Gold,F,0,1,25,3.9,4.4,4,3,9.7,618.33,0
India,Mobile,Master,Silver,M,1,1,39,11.7,3.6,6,1,0.8,752.74,1
India,Mobile,Bachelor,Silver,M,0,1,31,26.5,3.7,5,2,29.4,419.59,0
India,Mobile,Bachelor,Bronze,M,1,1,26,14.4,4.3,4,1,3.8,1213.37,1
Germany,Desktop,Master,Bronze,F,1,1,54,13.6,4.9,5,2,22.4,7921.53,1
UK,Desktop,Bachelor,Bronze,F,0,1,23,11.7,4.5,6,4,13.1,286.25,0
Brazil,Desktop,Master,Gold,F,1,0,46,4.0,3.0,5,5,14.0,2117.98,1
Germany,Desktop,Master,Platinum,M,1,0,27,4.0,4.1,8,4,17.8,1090.34,0
USA,Tablet,High School,Bronze,M,0,1,25,31.0,3.5,2,3,27.4,827.15,0
India,Tablet,Bachelor,Bronze,F,1,1,31,24.7,4.7,6,1,16.8,462.59,1
Australia,Desktop,High School,Silver,M,1,1,45,27.8,3.8,6,1,24.1,3109.53,1
Germany,Mobile,Bachelor,Gold,F,0,0,22,6.3,4.4,8,1,25.3,5743.69,0
USA,Mobile,PhD,Silver,F,1,1,41,10.7,4.8,6,8,19.5,1370.11,0
UK,Desktop,Master,Bronze,M,1,1,26,32.6,4.5,6,2,19.2,2259.51,1
India,Desktop,Bachelor,Platinum,M,0,0,29,4.6,3.3,9,2,25.9,930.41,1
Australia,Desktop,High School,Gold,F,1,0,43,30.1,3.8,1,4,1.5,956.93,0
USA,Mobile,High School,Bronze,M,0,0,64,7.6,3.0,7,6,19.1,619.13,0
USA,Tablet,Bachelor,Platinum,F,1,1,27,6.1,3.6,11,2,15.6,4519.21,0
India,Mobile,High School,Silver,M,0,1,47,11.9,3.6,6,5,8.0,2050.46,1
UK,Desktop,Bachelor,Bronze,F,1,1,34,5.0,4.5,6,0,23.4,330.44,0
France,Desktop,High School,Silver,F,1,0,32,2.7,3.7,7,5,8.9,1243.44,1
Canada,Mobile,Bachelor,Gold,F,1,1,51,12.9,3.6,8,3,23.4,1294.88,0
USA,Mobile,High School,Silver,F,0,0,28,18.7,3.8,3,1,27.4,469.37,0
Japan,Mobile,PhD,Bronze,F,0,0,24,32.2,4.3,8,2,17.2,1629.17,1
USA,Mobile,Master,Platinum,M,1,0,44,19.8,4.2,7,6,24.1,1117.49,1
UK,Desktop,Bachelor,Bronze,M,0,1,57,58.7,3.2,2,2,7.8,811.41,1
India,Mobile,High School,Gold,M,0,0,47,36.2,4.6,6,3,4.7,2077.23,1
Germany,Mobile,Bachelor,Silver,M,1,0,21,22.0,3.6,5,1,17.0,788.36,1
Spain,Desktop,High School,Bronze,M,1,0,31,17.7,2.3,5,2,12.8,577.8,0
France,Mobile,Bachelor,Bronze,M,0,0,50,32.6,3.8,4,1,12.7,2511.3,0
UK,Desktop,Master,Gold,F,0,1,57,2.1,3.3,6,0,3.8,4449.59,1
USA,Desktop,Bachelor,Silver,F,1,0,41,8.3,3.6,11,3,28.1,2552.7,1
UK,Desktop,Bachelor,Silver,M,1,1,31,2.8,4.7,7,0,3.2,1621.78,0
UK,Desktop,Bachelor,Silver,F,1,1,58,20.7,3.6,8,3,8.7,932.42,1
USA,Desktop,PhD,Gold,M,0,0,37,6.7,4.2,11,0,14.2,4687.64,0
UK,Desktop,PhD,Silver,M,1,1,31,120.0,4.1,3,2,22.3,1613.84,0
Germany,Mobile,Bachelor,Bronze,F,1,0,29,8.0,3.2,5,3,18.8,484.54,0
Brazil,Mobile,Bachelor,Bronze,M,0,1,24,13.3,4.6,9,6,2.2,391.72,0
Japan,Desktop,Bachelor,Gold,F,1,0,72,8.8,4.1,6,1,1.4,1508.47,1
Japan,Desktop,High School,Silver,M,1,1,55,8.2,3.6,9,4,17.1,1984.64,0
USA,Mobile,Bachelor,Bronze,M,1,1,30,4.5,3.9,7,3,0.4,629.03,0
USA,Desktop,Bachelor,Platinum,M,1,0,59,4.4,4.1,7,0,16.9,1991.21,0
Japan,Desktop,High School,Gold,F,1,0,44,2.1,4.3,10,3,5.5,548.83,1
Germany,Tablet,High School,Bronze,F,1,0,44,18.8,4.5,3,2,5.7,397.8,0
USA,Mobile,Bachelor,Platinum,F,1,0,29,8.7,3.8,5,5,5.4,780.73,0
India,Tablet,Master,Silver,F,0,0,32,57.2,2.7,7,3,23.2,1997.96,1
Brazil,Mobile,Bachelor,Bronze,M,1,1,37,4.5,4.0,4,130,14.2,319.24,0
France,Desktop,Master,Bronze,F,1,0,18,39.7,3.7,5,2,6.4,3184.49,0
USA,Mobile,Bachelor,Silver,M,1,0,32,42.9,4.8,6,5,1.9,358.94,0
Brazil,Desktop,Bachelor,Gold,M,1,0,38,33.8,5.0,3,3,13.3,6790.59,1
France,Desktop,Bachelor,Bronze,F,0,0,54,14.7,4.5,6,2,15.9,1943.24,0
Brazil,Desktop,Master,Bronze,M,1,0,31,9.3,3.5,5,3,17.8,350.72,0
Brazil,Mobile,High School,Bronze,M,1,1,48,33.8,4.4,3,0,2.6,2607.53,0
India,Desktop,Bachelor,Silver,F,1,1,18,6.5,4.4,5,0,11.2,2150.3,0
Germany,Tablet,High School,Bronze,F,0,0,52,15.1,4.5,5,3,10.3,559.78,0
USA,Tablet,Bachelor,Bronze,F,0,0,27,11.8,3.4,6,5,9.9,1866.91,1
Japan,Mobile,PhD,Silver,M,0,0,40,6.0,3.7,4,2,26.7,4750.99,1
Japan,Mobile,High School,Gold,M,1,1,43,15.2,3.4,8,2,10.9,401.56,1
Brazil,Mobile,Bachelor,Silver,F,1,1,41,22.1,2.4,9,2,19.1,1504.87,1
USA,Mobile,Bachelor,Bronze,F,1,1,37,5.8,3.9,6,5,26.5,280.11,1
USA,Desktop,Master,Silver,F,0,0,23,17.6,3.1,4,2,0.1,4842.17,0
Australia,Mobile,Bachelor,Bronze,F,0,1,27,2.0,3.4,5,2,22.2,145.24,0
Brazil,Mobile,Master,Platinum,F,1,0,50,5.3,3.4,8,8,19.5,466.24,0
Australia,Tablet,Master,Gold,M,1,0,31,8.4,3.9,9,3,27.3,684.09,0
Brazil,Mobile,Bachelor,Bronze,F,1,1,37,16.2,1.7,5,2,13.6,4150.05,0
France,Mobile,Bachelor,Bronze,F,0,0,20,24.4,3.1,6,5,28.7,1640.92,0
Japan,Mobile,Bachelor,Silver,F,1,0,48,13.0,3.3,6,0,14.0,622.71,0
Australia,Mobile,Master,Silver,M,0,0,22,19.2,4.1,6,2,2.0,1658.29,0
France,Mobile,High School,Silver,F,1,0,49,10.7,3.8,6,2,23.0,1270.88,1
Japan,Desktop,Bachelor,Gold,F,1,0,25,16.8,2.8,5,3,0.7,1483.08,0
USA,Mobile,Master,Gold,F,1,0,50,16.1,3.6,6,5,29.0,530.92,0
Germany,Tablet,Bachelor,Silver,F,1,0,38,8.1,3.5,7,1,0.0,385.29,1
Japan,Mobile,Bachelor,Gold,M,1,1,31,9.2,3.8,4,2,21.1,5501.62,1
UK,Mobile,Bachelor,Gold,M,0,0,57,19.7,3.5,7,4,3.1,4468.31,1
USA,Desktop,High School,Gold,M,1,1,37,51.9,3.9,2,2,15.1,484.27,1
UK,Mobile,Bachelor,Platinum,M,0,0,34,32.0,3.1,5,3,3.6,1248.88,1
USA,Mobile,Bachelor,Bronze,F,0,0,49,4.9,3.6,7,2,17.2,3404.55,0
USA,Mobile,PhD,Bronze,M,1,0,20,5.0,4.1,3,1,16.8,4084.01,1
Germany,Desktop,High School,Gold,F,1,1,18,7.9,3.1,6,0,2.0,2187.34,0
Australia,Tablet,Master,Gold,M,1,1,52,13.2,4.0,4,2,4.4,8763.66,0
Germany,Mobile,Bachelor,Platinum,M,0,0,28,12.7,3.5,7,1,21.4,2716.4,1
USA,Desktop,High School,Bronze,M,1,1,48,32.9,3.9,3,3,20.0,9672.45,1
USA,Desktop,Master,Silver,F,0,1,39,34.3,4.3,11,2,8.7,1332.08,1
Japan,Desktop,High School,Bronze,M,0,0,24,12.2,3.9,3,2,5.5,728.93,0
UK,Mobile,PhD,Silver,M,0,1,45,10.2,4.3,6,4,20.3,770.06,0
India,Desktop,Master,Bronze,F,0,0,33,18.4,3.3,7,5,16.1,490.86,0
Japan,Desktop,High School,Bronze,F,1,0,25,28.5,4.4,6,0,7.5,434.33,1
Brazil,Mobile,High School,Bronze,F,1,0,25,19.0,-0.8103346711956417,1,3,29.4,158.46,1
UK,Desktop,Bachelor,Silver,M,1,1,18,8.6,3.6,8,4,11.3,7626.25,0
Japan,Desktop,Bachelor,Bronze,M,1,0,43,7.5,2.7,7,4,20.6,590.67,0
UK,Mobile,Bachelor,Bronze,F,0,1,27,5.0,4.4,2,2,26.5,3839.44,1
Australia,Mobile,Bachelor,Bronze,F,0,1,38,14.2,4.8,7,4,28.6,710.87,1
Japan,Mobile,Bachelor,Bronze,F,1,0,36,20.1,3.2,11,1,26.9,724.72,1
UK,Desktop,High School,Platinum,M,1,0,27,21.9,3.3,11,1,17.8,669.48,1
UK,Mobile,Master,Bronze,M,1,1,20,30.6,4.7,2,0,6.3,527.79,0
USA,Mobile,Master,Bronze,M,0,0,68,39.8,3.6,3,3,27.8,396.97,1
Japan,Desktop,Bachelor,Gold,F,1,0,37,4.1,4.8,7,3,29.3,1536.54,1
USA,Desktop,Master,Silver,M,0,1,60,16.8,3.2,6,4,0.2,867.75,1
France,Desktop,High School,Gold,F,0,1,52,17.3,4.0,7,2,27.3,9269.64,0
UK,Desktop,High School,Silver,M,0,1,34,11.5,2.7,6,4,26.6,871.65,0
Japan,Mobile,Bachelor,Platinum,F,0,0,40,6.3,3.9,4,2,13.5,567.46,1
India,Mobile,Bachelor,Bronze,M,1,0,40,38.7,4.8,8,4,23.8,2638.56,0
Brazil,Desktop,Bachelor,Platinum,F,0,1,60,7.6,3.7,4,0,28.5,1040.83,1
Brazil,Desktop,Master,Gold,M,1,1,48,2.1,4.9,3,3,9.3,3148.07,0
USA,Desktop,PhD,Silver,F,1,0,28,12.4,4.1,5,2,14.1,973.07,0
USA,Mobile,Bachelor,Silver,F,1,1,42,10.1,3.5,7,2,4.2,1117.82,1
Japan,Desktop,Master,Silver,M,1,0,48,53.8,4.7,4,4,8.8,266.48,0
UK,Mobile,High School,Bronze,F,1,0,24,18.0,3.7,5,1,26.5,550.45,1
Germany,Desktop,High School,Bronze,F,1,0,44,9.5,4.3,8,4,5.4,884.11,1
USA,Mobile,Master,Platinum,F,1,0,54,10.4,2.9,1,3,28.3,1016.61,0
UK,Tablet,Bachelor,Silver,F,1,1,28,10.3,3.2,2,0,16.8,1384.89,1
USA,Desktop,Bachelor,Bronze,F,1,0,29,71.8,4.4,5,1,21.1,1117.91,0
India,Mobile,Bachelor,Gold,M,0,0,52,20.9,4.5,5,3,11.8,1368.96,1
USA,Tablet,Bachelor,Silver,M,1,1,34,4.0,3.6,7,2,7.0,1728.18,0
France,Desktop,High School,Bronze,F,0,1,26,10.0,3.0,6,4,14.5,704.96,0
USA,Mobile,Bachelor,Gold,F,0,0,49,12.0,2.1,10,1,9.2,894.43,0
Japan,Desktop,High School,Gold,M,0,1,45,5.0,3.9,3,4,15.6,443.05,1
UK,Mobile,High School,Bronze,F,0,1,39,2.9,4.3,8,5,3.0,4279.13,0
Australia,Desktop,Bachelor,Platinum,M,0,1,51,19.6,4.2,8,2,27.5,153.24,1
Australia,Tablet,High School,Bronze,F,1,1,52,6.4,4.3,6,2,8.2,3172.89,0
UK,Mobile,Master,Silver,F,0,0,37,33.1,4.4,8,3,19.0,965.82,0
Australia,Mobile,High School,Bronze,F,0,0,62,12.3,3.4,10,1,19.4,5649.81,0
Spain,Mobile,High School,Silver,M,0,1,57,8.3,3.8,8,2,7.5,4091.27,1
India,Mobile,Bachelor,Bronze,M,1,1,18,1.8,3.9,6,2,29.9,4791.15,0
India,Desktop,Bachelor,Bronze,M,1,0,26,32.4,4.1,9,0,14.5,397.47,1
USA,Tablet,High School,Gold,F,0,0,18,15.4,3.0,2,3,22.6,409.52,0
France,Tablet,High School,Bronze,M,0,1,34,8.5,4.8,6,3,0.9,1815.4,1
USA,Mobile,PhD,Gold,M,1,0,23,6.0,4.1,7,2,6.9,1005.2,0
USA,Tablet,Master,Silver,F,1,0,28,43.8,3.8,6,1,3.2,2389.93,1
Spain,Mobile,Bachelor,Platinum,F,0,0,51,5.2,3.0,3,4,10.4,1285.14,1
UK,Mobile,Bachelor,Silver,F,0,0,18,9.1,4.5,6,0,22.3,488.65,1
Brazil,Mobile,High School,Bronze,F,1,0,40,19.2,4.1,8,1,4.2,2070.34,1
India,Desktop,Bachelor,Bronze,M,0,0,39,38.9,4.2,3,0,12.4,474.65,1
India,Desktop,Bachelor,Gold,F,1,0,37,10.2,3.9,8,3,5.9,1290.19,1
Spain,Desktop,Master,Gold,F,0,1,40,6.8,3.9,4,2,6.8,354.92,0
USA,Mobile,High School,Bronze,M,0,1,18,11.2,3.3,4,3,1.5,1156.72,0
USA,Desktop,Master,Silver,F,1,1,28,25.1,3.8,4,4,15.2,4818.92,0
Germany,Desktop,High School,Silver,M,1,1,57,30.1,3.9,9,2,5.0,210.53,1
USA,Tablet,High School,Platinum,M,0,1,24,4.1,4.0,10,3,9.2,2032.2,0
USA,Desktop,High School,Platinum,F,1,0,58,13.4,4.2,4,1,10.7,637.24,0
UK,Mobile,High School,Platinum,F,1,0,21,3.9,2.7,7,4,6.8,3216.21,1
Brazil,Desktop,PhD,Gold,F,0,0,20,24.7,3.1,10,2,14.3,1193.89,0
France,Desktop,Bachelor,Platinum,F,1,0,27,17.1,4.0,8,2,2.7,3237.2,1
UK,Mobile,High School,Bronze,F,0,0,52,5.8,3.9,9,3,21.2,460.4,0
Japan,Mobile,PhD,Gold,F,0,1,31,41.6,4.8,6,1,8.7,1344.5,1
USA,Mobile,Master,Gold,F,0,0,42,15.9,3.9,2,1,15.3,824.63,0
USA,Desktop,Master,Platinum,F,1,0,39,14.6,4.5,6,3,3.4,1724.27,0
Brazil,Mobile,PhD,Silver,M,1,1,37,10.6,4.3,6,2,0.8,1558.38,0
Japan,Desktop,High School,Bronze,M,1,0,53,12.1,4.7,5,1,10.5,5819.0,0
Brazil,Desktop,Master,Silver,M,0,1,47,9.0,4.6,5,3,20.2,2913.84,0
USA,Desktop,Master,Silver,F,1,0,24,6.7,3.6,6,1,13.5,1421.88,0
India,Desktop,Master,Bronze,F,1,0,35,32.6,4.7,3,1,21.2,4414.84,0
France,Desktop,Master,Bronze,F,1,1,59,8.2,3.3,4,3,19.6,1546.29,1
France,Desktop,Bachelor,Silver,M,0,1,42,8.0,4.2,7,1,21.3,3161.76,0
Japan,Tablet,Master,Bronze,F,1,0,20,11.0,4.0,3,2,25.6,1563.37,0
India,Desktop,High School,Bronze,M,1,0,21,38.1,3.0,4,6,8.1,606.41,0
France,Desktop,Bachelor,Bronze,M,1,1,49,30.1,3.5,6,0,0.2,2124.38,1
France,Desktop,High School,Platinum,F,0,0,46,8.9,4.5,6,6,1.5,897.6,1
Spain,Mobile,PhD,Gold,F,0,1,27,32.5,4.7,9,1,6.6,366.58,1
Brazil,Desktop,High School,Bronze,F,1,1,47,13.3,4.7,3,2,3.3,555.16,0
Germany,Tablet,Bachelor,Gold,M,1,0,57,6.2,3.4,6,2,8.6,497.93,0
Japan,Tablet,Bachelor,Gold,M,1,1,55,8.3,3.9,6,2,18.1,683.27,1
UK,Desktop,PhD,Bronze,F,1,1,57,36.5,4.2,3,2,23.0,4897.84,1
USA,Mobile,Bachelor,Bronze,M,0,0,45,64.5,3.5,7,2,4.7,751.63,1
France,Desktop,Master,Silver,M,1,1,36,15.7,4.1,7,4,17.3,2468.16,0
Australia,Mobile,Master,Silver,M,1,1,33,7.7,4.4,5,4,26.9,1581.21,1
Australia,Desktop,Bachelor,Gold,F,1,0,38,11.0,4.2,6,2,22.3,1671.59,0
UK,Desktop,Bachelor,Silver,F,1,1,27,6.6,4.5,7,2,4.7,1143.78,0
France,Desktop,Master,Bronze,F,1,0,34,7.4,4.1,2,1,19.3,650.74,1
USA,Mobile,PhD,Platinum,F,1,0,53,6.9,3.8,5,2,14.4,2799.94,0
Spain,Desktop,Master,Bronze,F,1,1,19,11.4,3.5,9,5,7.5,1158.42,0
Spain,Desktop,High School,Gold,F,1,0,20,13.4,4.0,4,2,15.8,3721.04,0
Japan,Mobile,Master,Bronze,F,1,1,48,10.8,3.7,1,1,4.8,701.42,0
India,Mobile,Bachelor,Bronze,F,1,0,34,10.2,4.6,7,0,9.5,2084.34,0
Japan,Tablet,Bachelor,Silver,M,1,0,18,22.4,4.5,8,1,10.8,3456.6,1
France,Desktop,Master,Bronze,F,1,1,37,10.1,4.9,8,3,10.1,319.79,1
USA,Mobile,High School,Silver,M,1,1,36,10.7,4.0,4,2,2.7,1105.85,1
Germany,Mobile,Master,Bronze,M,1,1,33,10.6,4.7,4,0,12.5,908.43,0
Japan,Desktop,Bachelor,Silver,F,0,1,46,41.9,4.0,10,3,25.3,1968.31,0
Japan,Mobile,Master,Silver,M,1,0,22,8.2,3.4,6,4,25.2,863.04,0
UK,Desktop,High School,Bronze,F,0,1,38,19.6,3.1,8,6,12.6,3646.65,0
Canada,Tablet,Bachelor,Gold,F,1,0,35,6.7,4.6,6,2,0.4,706.76,1
USA,Desktop,Master,Bronze,M,1,0,38,16.1,3.6,6,4,17.4,472.44,1
Germany,Mobile,High School,Bronze,F,0,0,18,18.9,3.9,9,3,17.9,316.82,0
Japan,Desktop,High School,Silver,F,0,1,32,29.0,4.2,5,3,25.7,621.09,1
Japan,Tablet,PhD,Silver,M,1,0,38,9.0,4.0,5,5,25.1,632.53,1
Japan,Desktop,High School,Silver,F,0,0,44,5.0,3.3,3,1,23.2,1258.33,0
UK,Tablet,PhD,Bronze,F,1,0,101,6.5,3.2,4,1,25.7,504.15,1
USA,Tablet,High School,Gold,M,1,0,48,26.4,1.9,9,1,7.5,749.23,0
Japan,Desktop,Bachelor,Silver,M,0,1,44,64.4,3.3,6,3,17.0,2239.38,0
France,Mobile,Master,Bronze,M,0,0,53,23.7,3.8,3,5,28.0,1704.04,1
USA,Tablet,Master,Bronze,M,1,0,34,4.4,3.5,5,0,15.9,818.61,0
Japan,Desktop,Bachelor,Gold,M,0,0,57,23.1,3.9,4,2,26.7,570.97,0
Germany,Desktop,Bachelor,Silver,F,1,0,51,5.7,2.4,8,0,27.2,2176.23,1
Japan,Mobile,Master,Bronze,M,1,0,33,9.2,3.8,8,3,2.1,119.31,0
India,Desktop,High School,Bronze,F,1,0,61,14.2,4.9,3,1,27.5,4828.89,1
USA,Desktop,Bachelor,Bronze,M,0,0,43,16.2,3.4,6,2,3.0,437.2,0
USA,Desktop,High School,Silver,M,1,0,64,12.8,4.3,7,4,12.1,1169.76,1
Brazil,Desktop,Bachelor,Gold,F,1,1,42,7.5,4.3,4,3,22.6,4449.05,1
France,Desktop,High School,Silver,F,1,1,31,28.4,4.7,5,2,2.1,337.49,1
Japan,Desktop,Bachelor,Silver,F,1,0,29,8.0,2.9,9,1,11.9,649.96,0
India,Tablet,Bachelor,Platinum,M,1,0,34,33.2,3.4,6,0,7.0,873.26,0
India,Mobile,High School,Silver,F,0,1,31,4.1,4.5,4,1,21.2,1803.16,0
Canada,Desktop,High School,Silver,M,1,0,53,14.5,3.9,4,0,26.1,978.34,0
France,Mobile,Master,Bronze,M,1,0,38,4.6,3.3,10,4,23.0,2268.02,0
Germany,Mobile,Bachelor,Silver,M,1,0,19,6.3,4.1,7,3,16.5,396.22,1
Germany,Tablet,Master,Silver,F,0,1,41,8.1,3.9,5,2,25.3,1163.39,1
USA,Desktop,Master,Bronze,M,0,1,40,41.1,3.7,5,9,25.7,1244.31,0
France,Desktop,High School,Platinum,F,1,0,32,34.7,4.1,8,1,14.9,561.02,0
UK,Tablet,Bachelor,Gold,F,0,0,41,24.5,3.8,4,4,25.6,1428.06,0
Australia,Tablet,High School,Gold,F,0,0,37,12.5,3.4,1,3,26.8,2312.12,0
France,Mobile,Master,Silver,M,1,0,46,14.2,4.1,3,2,0.3,2286.95,0
France,Mobile,PhD,Silver,M,1,0,45,33.6,4.2,5,3,26.4,889.71,0
UK,Desktop,Bachelor,Bronze,M,0,1,42,21.3,3.8,7,4,1.7,327.98,1
USA,Mobile,Master,Bronze,M,1,0,22,12.4,3.5,11,4,9.0,260.63,0
USA,Desktop,High School,Gold,F,1,0,63,40.0,3.1,6,4,16.6,1745.05,1
Germany,Desktop,Bachelor,Silver,F,1,0,19,23.4,2.6,8,5,7.3,1440.27,0
USA,Mobile,Master,Gold,F,1,0,36,14.8,3.1,8,4,26.3,1238.14,1
France,Desktop,High School,Bronze,F,0,1,25,8.4,3.4,4,5,23.6,1604.28,0
Australia,Mobile,High School,Silver,F,1,0,43,7.9,3.8,5,3,14.5,510.69,1
Australia,Tablet,Bachelor,Silver,M,0,0,40,9.3,3.5,6,1,25.1,88.94,1
Japan,Desktop,Master,Silver,F,1,0,36,17.6,3.4,5,3,24.5,1595.78,1
USA,Tablet,Bachelor,Gold,M,1,0,56,23.8,3.9,8,2,9.9,4248.55,0
India,Tablet,PhD,Platinum,F,0,1,51,3.8,4.1,6,6,1.9,201.78,1
Australia,Mobile,High School,Bronze,F,1,0,34,2.6,3.0,5,2,17.8,490.98,0
USA,Desktop,Bachelor,Bronze,F,0,0,48,5.7,3.5,6,4,23.6,2505.82,1
Brazil,Desktop,Master,Bronze,M,0,0,57,8.8,3.6,6,4,27.8,17247.95,0
UK,Desktop,High School,Silver,F,1,1,51,31.7,3.4,4,4,1.1,548.54,0
India,Desktop,Master,Bronze,F,1,1,36,9.7,4.6,6,0,12.1,446.31,0
Spain,Desktop,High School,Gold,F,0,1,19,14.9,4.2,6,4,20.5,2822.84,0
USA,Tablet,High School,Silver,F,1,0,42,17.0,4.4,6,3,13.7,152.84,0
Australia,Desktop,High School,Silver,M,0,1,46,5.4,3.2,3,2,6.7,985.53,1
Japan,Mobile,PhD,Gold,M,0,0,29,39.2,3.4,2,4,17.8,4281.64,0
Canada,Desktop,Bachelor,Silver,F,0,0,38,7.2,3.4,13,1,26.3,744.32,1
Germany,Mobile,Master,Silver,F,0,1,37,42.4,4.3,4,3,28.3,3615.81,0
India,Tablet,Bachelor,Bronze,F,0,0,55,11.0,3.8,7,1,29.8,941.28,0
USA,Desktop,Bachelor,Silver,M,1,0,60,9.3,3.4,5,1,11.5,1749.01,1
UK,Desktop,Bachelor,Silver,M,1,0,52,5.0,3.8,3,1,6.1,401.33,1
USA,Mobile,PhD,Silver,M,1,0,37,14.3,4.9,7,2,24.2,934.85,1
Canada,Mobile,Master,Platinum,F,1,0,52,74.0,3.0,4,0,20.6,1911.97,1
India,Mobile,Master,Platinum,M,1,1,46,17.0,4.2,7,2,22.6,3033.51,1
India,Desktop,High School,Gold,M,0,0,37,15.1,3.2,6,2,10.9,1062.57,0
Australia,Desktop,Bachelor,Bronze,F,0,1,63,7.1,4.4,3,0,6.7,364.64,1
USA,Tablet,Bachelor,Gold,F,0,1,29,19.6,3.8,3,0,23.4,1740.48,0
UK,Tablet,PhD,Bronze,M,1,0,45,13.8,4.2,2,4,13.4,329.69,1
USA,Mobile,High School,Bronze,F,0,0,48,11.6,4.2,5,1,20.7,1073.63,1
USA,Mobile,High School,Bronze,F,1,1,35,18.1,4.4,4,2,26.2,1125.82,1
USA,Mobile,Bachelor,Bronze,M,1,1,45,2.9,4.3,3,3,10.3,1403.48,0
Germany,Desktop,High School,Bronze,F,1,0,49,11.2,4.6,6,1,23.0,821.34,0
UK,Desktop,High School,Silver,F,1,0,41,4.7,2.8,4,5,13.6,2591.79,0
USA,Desktop,Master,Platinum,M,0,1,44,12.5,3.5,8,1,18.5,2856.72,1
USA,Mobile,Bachelor,Bronze,M,0,0,39,6.8,3.7,3,2,24.8,2318.44,1
USA,Desktop,Master,Platinum,M,1,1,48,7.2,4.1,6,1,9.0,5628.6,0
Canada,Desktop,Master,Bronze,F,0,0,35,4.2,3.7,3,4,25.2,1236.82,0
Brazil,Mobile,High School,Bronze,M,0,1,34,29.7,4.4,9,4,6.2,1341.46,1
Canada,Mobile,Bachelor,Silver,M,1,0,38,7.1,4.1,8,1,12.7,10092.71,0
Germany,Mobile,High School,Silver,F,0,1,52,7.4,4.9,9,2,8.3,484.33,1
UK,Tablet,PhD,Bronze,M,1,1,18,41.5,3.1,5,3,0.5,801.02,1
Brazil,Desktop,Bachelor,Bronze,F,0,0,27,19.2,4.5,6,3,0.4,2109.76,0
UK,Mobile,Bachelor,Silver,M,1,1,65,2.4,3.3,9,6,5.9,1922.97,1
UK,Mobile,Bachelor,Bronze,F,1,0,41,36.9,3.3,4,2,19.4,691.95,1
USA,Mobile,Bachelor,Gold,M,0,0,33,45.5,4.5,9,2,15.8,2467.75,0
USA,Desktop,High School,Silver,M,1,1,48,42.2,4.4,5,7,9.6,1128.59,1
UK,Desktop,Bachelor,Bronze,M,1,0,29,20.8,4.1,4,2,13.3,2457.16,1
UK,Tablet,Master,Gold,F,1,0,18,5.0,4.1,4,4,20.3,1545.7,0
Japan,Mobile,Master,Bronze,M,1,0,42,11.7,3.3,5,3,26.7,563.0,1
USA,Tablet,Bachelor,Gold,F,1,0,29,3.8,4.3,4,2,7.8,854.06,0
USA,Mobile,Bachelor,Gold,F,1,1,39,6.1,3.3,9,5,26.4,5507.91,1
India,Mobile,Master,Platinum,F,0,0,42,5.0,4.6,6,2,12.3,643.29,0
USA,Mobile,High School,Silver,M,1,0,40,7.4,4.3,6,5,10.0,917.23,1
UK,Mobile,Master,Silver,F,0,0,18,13.9,4.3,5,2,17.1,1849.7,1
India,Desktop,High School,Bronze,F,0,0,38,8.5,3.7,9,3,10.7,254.15,1
USA,Mobile,Master,Silver,M,0,0,43,8.2,4.2,8,1,8.7,1732.35,1
USA,Mobile,Bachelor,Silver,F,1,1,109,427.7443530726496,3.5,4,3,27.0,48.46,0
Germany,Desktop,Bachelor,Silver,F,1,0,20,40.4,4.8,4,4,12.2,385.93,0
UK,Desktop,Master,Gold,F,1,0,25,68.8,2.6,6,5,4.5,1767.25,1
France,Desktop,High School,Bronze,M,1,1,47,8.5,3.3,3,5,13.0,1290.69,1
India,Tablet,Bachelor,Gold,F,1,0,18,15.9,4.2,7,5,8.7,1701.9,0
USA,Desktop,Bachelor,Gold,M,1,0,48,6.2,4.0,7,2,15.4,964.95,1
France,Mobile,Master,Silver,M,0,1,43,22.5,2.2,8,2,19.3,1614.41,0
Germany,Desktop,High School,Silver,M,0,0,35,8.3,4.7,6,5,0.5,1668.99,1
USA,Desktop,Master,Bronze,M,1,0,20,6.9,2.9,8,2,23.6,1311.88,0
Japan,Mobile,Bachelor,Platinum,F,1,0,28,60.4,3.7,4,4,14.0,782.82,0
UK,Desktop,High School,Bronze,F,1,0,47,4.1,3.8,4,3,16.3,718.74,0
Germany,Mobile,Master,Silver,M,1,0,53,1.7,4.0,8,4,4.1,540.18,1
USA,Mobile,High School,Silver,M,1,1,26,21.9,4.7,7,1,13.1,561.02,0
Germany,Mobile,Bachelor,Platinum,M,0,0,52,9.1,3.1,7,4,14.8,1319.21,0
UK,Desktop,High School,Gold,F,0,1,46,7.3,3.4,4,3,1.2,1351.65,0
India,Tablet,Bachelor,Silver,F,1,1,38,108.3,4.1,4,5,5.3,1895.91,1
USA,Mobile,Bachelor,Bronze,M,0,1,29,21.8,4.3,5,3,11.0,199.93,0
Germany,Tablet,Bachelor,Bronze,F,1,0,31,11.6,3.9,3,4,5.4,4581.52,1
Germany,Mobile,Bachelor,Bronze,M,1,0,60,6.9,3.1,5,3,9.6,825.04,0
Brazil,Mobile,Bachelor,Gold,F,1,0,40,17.4,4.5,7,1,26.4,218.22,1
France,Tablet,High School,Gold,F,1,1,54,3.0,4.4,5,1,18.7,292.01,1
Japan,Tablet,Bachelor,Gold,M,1,0,41,8.1,3.1,5,0,16.5,1724.39,0
Brazil,Desktop,PhD,Silver,F,1,1,33,11.8,4.5,8,2,25.3,2402.49,1
India,Desktop,Master,Silver,M,0,0,45,14.5,3.7,5,4,7.1,460.19,1
UK,Desktop,High School,Bronze,M,1,1,64,10.9,4.5,5,1,29.3,2243.06,1
France,Desktop,High School,Bronze,F,1,0,30,7.0,3.5,4,3,6.6,7357.27,0
India,Desktop,PhD,Bronze,F,1,1,49,25.4,4.7,3,6,14.8,432.18,1
Spain,Desktop,Bachelor,Gold,M,1,0,40,3.3,2.8,8,4,28.9,171.52,1
Australia,Tablet,Bachelor,Bronze,F,0,1,21,9.8,4.7,4,1,10.0,436.79,0
UK,Desktop,Master,Gold,F,1,0,20,8.0,4.4,5,3,5.0,824.66,1
USA,Mobile,Bachelor,Silver,M,0,1,33,27.4,4.5,9,3,12.2,1812.98,0
Germany,Desktop,Bachelor,Silver,M,1,1,42,8.4,4.0,8,6,7.0,1032.84,1
Brazil,Desktop,PhD,Bronze,F,1,0,49,17.3,2.2,8,5,22.5,5666.12,1
Germany,Desktop,Master,Bronze,F,1,0,19,15.9,3.7,5,3,27.6,1492.62,0
Germany,Desktop,High School,Bronze,M,0,0,46,2.8,3.9,7,1,25.7,479.75,1
India,Mobile,High School,Gold,F,0,0,37,11.6,3.6,4,2,4.3,840.5,0
UK,Tablet,High School,Bronze,F,1,1,38,3.0,3.8,6,2,28.5,2744.43,1
India,Desktop,Master,Gold,M,1,0,45,16.1,4.4,9,2,22.1,1538.21,0
Germany,Mobile,High School,Gold,F,1,0,59,6.8,4.4,9,3,22.7,4631.58,1
UK,Mobile,High School,Bronze,M,1,1,42,31.5,3.9,6,5,16.5,516.86,1
Germany,Tablet,PhD,Gold,F,1,0,22,10.5,4.4,7,5,11.2,2813.95,0
Brazil,Mobile,High School,Silver,F,1,1,36,6.6,2.8,5,3,7.6,1313.23,1
USA,Mobile,High School,Gold,F,1,0,48,31.8,4.5,3,1,14.1,641.75,0
USA,Mobile,High School,Bronze,M,0,0,49,6.1,4.8,6,4,24.1,1052.99,1
Canada,Mobile,High School,Bronze,F,1,0,46,24.9,4.7,4,3,9.3,679.47,1
USA,Desktop,Bachelor,Bronze,F,1,0,32,17.7,4.4,3,1,26.7,1204.35,1
France,Desktop,PhD,Bronze,M,0,0,22,9.1,4.2,6,3,4.4,478.44,0
France,Tablet,Master,Gold,M,1,0,45,4.2,4.2,1,4,1.5,1762.18,0
Germany,Mobile,Bachelor,Gold,F,1,0,23,32.9,4.6,8,3,15.1,161.27,0
Japan,Mobile,Bachelor,Platinum,F,0,0,46,18.2,3.9,5,4,27.9,1055.63,0
USA,Mobile,Bachelor,Bronze,M,0,0,46,6.6,3.9,6,4,25.1,610.71,1
France,Desktop,High School,Bronze,M,1,0,32,14.8,4.8,4,0,4.1,1805.73,0
UK,Mobile,High School,Silver,M,1,1,37,27.2,4.7,4,1,4.2,2036.32,1
Japan,Mobile,PhD,Bronze,M,1,1,40,13.3,2.8,5,1,2.9,1579.69,0
USA,Desktop,High School,Bronze,F,1,1,31,14.7,4.3,9,3,23.6,1104.39,1
France,Mobile,High School,Silver,M,0,1,21,27.8,3.0,5,4,9.9,343.41,0
USA,Tablet,Bachelor,Bronze,M,0,1,38,41.7,3.4,6,3,10.0,3133.1,0
UK,Desktop,Bachelor,Silver,F,0,0,39,11.1,4.2,4,5,27.8,365.37,1
USA,Mobile,High School,Bronze,M,1,0,54,4.2,4.0,8,2,19.2,3282.68,1
USA,Desktop,High School,Silver,F,1,0,29,4.3,4.7,7,3,27.9,4535.28,0
India,Mobile,Bachelor,Gold,F,0,1,51,7.0,3.7,6,2,7.2,2709.46,0
UK,Desktop,Master,Bronze,F,1,1,24,5.8,1.9,7,1,22.3,1421.43,0
Australia,Mobile,High School,Platinum,F,1,0,22,3.2,3.7,5,2,2.8,1187.01,1
Canada,Tablet,Bachelor,Silver,M,0,0,34,53.4,3.8,5,1,20.0,1102.11,0
France,Desktop,Bachelor,Platinum,M,1,1,27,18.6,4.7,2,4,12.9,537.03,0
USA,Tablet,Master,Bronze,F,1,0,22,8.0,4.4,6,3,0.9,923.63,0
UK,Tablet,Bachelor,Silver,F,0,0,61,11.9,4.8,4,2,2.5,2339.59,1
Brazil,Desktop,High School,Silver,M,1,0,33,2.9,3.4,6,2,28.2,299.44,0
UK,Desktop,Bachelor,Gold,M,0,1,66,30.7,4.1,5,2,23.5,5481.37,1
USA,Tablet,Master,Silver,F,0,0,26,2.6,3.3,9,2,24.0,12418.43,0
France,Tablet,High School,Silver,M,0,0,18,18.3,3.9,6,4,1.0,1589.61,0
India,Desktop,Bachelor,Platinum,M,1,0,53,2.8,4.2,7,0,22.5,2728.38,1
Brazil,Desktop,High School,Bronze,M,1,0,29,8.7,3.4,4,2,0.8,1266.53,1
USA,Desktop,High School,Bronze,F,1,0,40,32.9,3.0,3,5,8.5,588.72,1
Japan,Tablet,Bachelor,Silver,F,1,0,22,3.3,4.3,8,0,14.9,1270.84,0
USA,Desktop,High School,Silver,F,1,0,38,10.8,3.4,6,3,11.8,1419.44,1
USA,Mobile,Master,Silver,M,1,0,22,20.1,4.3,5,4,4.2,1324.7,0
India,Mobile,Bachelor,Silver,M,1,0,37,17.7,4.4,10,3,29.5,8675.35,1
USA,Desktop,Bachelor,Platinum,M,1,0,32,12.9,3.4,5,1,1.6,7088.92,0
UK,Mobile,Bachelor,Gold,F,0,1,41,18.1,4.5,7,5,20.5,1708.77,0
USA,Desktop,Bachelor,Bronze,F,1,0,46,7.5,4.5,8,1,23.7,208.92,1
India,Tablet,High School,Bronze,F,1,0,41,57.2,4.8,8,2,8.3,928.03,0
Brazil,Desktop,Master,Platinum,M,1,1,43,3.4,4.4,4,3,12.2,1676.87,0
Japan,Mobile,PhD,Gold,F,0,0,37,30.9,3.8,8,3,2.5,2404.12,1
Brazil,Mobile,High School,Platinum,F,1,0,33,14.2,3.5,7,0,10.8,516.15,0
USA,Desktop,High School,Bronze,M,1,0,44,20.0,4.1,4,3,10.4,5023.67,1
Germany,Desktop,High School,Gold,M,1,1,37,23.0,3.8,6,2,0.9,275.87,0
UK,Desktop,Master,Gold,F,0,1,115,590.8553402355045,4.2,9,3,7.9,178431.91089986084,0
USA,Desktop,Master,Bronze,F,0,0,43,6.4,3.1,6,1,27.8,1506.81,0
Germany,Mobile,Master,Silver,M,1,1,26,9.7,2.4,9,3,20.3,177.94,0
Australia,Mobile,Master,Silver,F,1,0,55,3.8,4.3,1,6,0.4,236.76,1
USA,Mobile,Bachelor,Silver,F,1,1,35,9.6,3.8,7,2,15.5,706.48,1
UK,Mobile,Bachelor,Gold,M,1,0,39,15.8,3.1,5,2,10.4,1374.55,1
USA,Mobile,Master,Gold,M,0,1,37,19.8,3.4,12,1,29.5,962.95,1
USA,Mobile,Bachelor,Gold,M,1,0,46,16.7,4.3,6,1,28.5,353.07,1
Australia,Desktop,Bachelor,Gold,M,1,0,42,3.0,3.2,7,1,20.6,668.61,0
Germany,Desktop,Bachelor,Silver,M,1,0,37,7.8,4.6,10,0,0.6,1104.53,1
Germany,Desktop,Bachelor,Bronze,M,1,1,55,7.2,4.1,8,3,4.4,6238.01,1
Brazil,Mobile,Bachelor,Gold,F,1,1,18,4.3,3.0,6,0,22.8,470.8,0
USA,Desktop,Bachelor,Silver,F,1,0,53,6.2,4.5,8,4,18.1,894.43,1
Germany,Desktop,Master,Bronze,F,1,1,49,12.2,4.4,4,2,7.0,396.69,1
Germany,Desktop,Bachelor,Silver,M,1,1,18,37.8,3.6,4,0,3.2,776.04,0
France,Mobile,Bachelor,Bronze,M,1,1,49,5.7,3.5,9,3,11.0,1173.05,0
Spain,Desktop,Master,Silver,M,0,0,51,4.9,3.5,10,4,26.3,293.03,0
Brazil,Desktop,Bachelor,Bronze,F,1,0,45,7.5,4.9,7,2,16.2,3697.63,0
UK,Desktop,High School,Bronze,M,1,0,19,16.0,4.2,9,4,8.8,149.73,0
India,Desktop,High School,Platinum,M,1,0,46,32.4,4.0,7,0,2.7,657.27,0
USA,Mobile,Bachelor,Gold,F,1,1,50,11.4,3.5,5,3,5.4,1349.96,0
USA,Desktop,Bachelor,Gold,F,1,1,31,3.8,4.9,5,6,12.5,565.5,0
USA,Desktop,PhD,Silver,F,1,1,121,4.5,4.3,9,6,22.7,3391.25,1
UK,Mobile,Bachelor,Gold,M,0,0,34,14.2,2.0,11,1,14.6,875.77,0
Germany,Desktop,Bachelor,Gold,M,1,1,49,27.0,3.1,10,4,14.1,1920.64,0
France,Desktop,High School,Silver,F,0,0,34,52.1,4.4,7,4,8.3,4553.7,1
Australia,Tablet,High School,Platinum,F,1,1,31,4.7,3.8,8,6,7.5,1129.9,0
Germany,Desktop,Master,Bronze,M,1,0,38,13.6,4.4,8,5,20.2,251.49,1
Germany,Desktop,High School,Platinum,M,0,1,22,5.3,2.8,4,6,21.4,835.59,1
USA,Desktop,Bachelor,Silver,F,1,1,36,5.9,4.1,6,3,28.9,1343.4,0
USA,Mobile,Master,Silver,F,1,1,42,5.5,4.6,4,2,27.0,885.23,1
France,Mobile,Bachelor,Bronze,F,1,0,48,9.3,4.1,5,2,17.6,686.3,1
Germany,Mobile,Master,Silver,F,0,0,102,6.0,3.5,4,0,18.3,1114.22,0
India,Mobile,Bachelor,Silver,F,1,0,21,421.76503515648506,3.4,10,3,11.7,2977.51,1
USA,Desktop,High School,Platinum,M,1,0,54,8.4,4.1,8,4,29.2,3295.97,0
USA,Desktop,Master,Platinum,M,0,1,55,26.8,3.4,3,2,27.5,1275.16,1
Germany,Mobile,Master,Platinum,F,1,1,39,7.2,4.3,10,0,1.3,2408.45,1
USA,Tablet,High School,Bronze,F,0,0,29,72.7,2.4,8,0,11.2,997.89,1
USA,Desktop,High School,Platinum,F,0,0,32,16.0,3.6,6,3,12.0,1424.41,0
Brazil,Mobile,High School,Silver,F,1,1,36,23.8,4.0,5,2,8.1,4879.05,0
USA,Desktop,High School,Gold,F,0,0,41,7.6,4.7,10,1,13.2,441.49,1
France,Desktop,PhD,Bronze,F,1,0,34,26.6,3.0,8,4,13.5,2190.74,1
UK,Desktop,Bachelor,Silver,M,1,1,28,15.9,1.9,5,2,23.3,712.13,0
USA,Desktop,Bachelor,Platinum,M,1,1,50,9.0,4.7,2,1,27.3,2307.51,1
UK,Mobile,Master,Platinum,M,0,0,41,5.1,4.5,10,1,15.8,3226.61,1
India,Mobile,Bachelor,Silver,F,1,0,25,10.1,4.0,7,5,7.7,3766.41,1
UK,Desktop,Bachelor,Gold,M,0,0,41,9.4,4.1,3,4,16.1,1566.78,0
Brazil,Desktop,PhD,Bronze,F,1,0,40,24.4,3.9,9,1,5.3,1302.66,1
USA,Mobile,Master,Gold,F,1,0,29,10.1,3.7,8,1,10.5,984.24,0
Brazil,Desktop,Master,Silver,F,1,0,52,2.6,2.5,9,3,16.1,116.07,0
USA,Mobile,Bachelor,Bronze,M,1,1,40,20.4,4.7,8,4,28.6,1822.21,0
Japan,Desktop,Master,Bronze,M,1,1,35,34.3,2.8,4,3,14.1,1519.35,1
France,Mobile,High School,Bronze,M,0,1,37,3.2,4.4,4,3,0.3,407.58,0
Australia,Desktop,Bachelor,Gold,M,1,0,43,51.6,3.0,6,6,3.3,2982.32,0
UK,Desktop,PhD,Bronze,M,1,0,37,37.2,4.1,11,3,12.0,1168.01,0
USA,Desktop,High School,Silver,M,1,1,37,7.4,3.7,4,5,5.1,2503.9,0
USA,Desktop,Master,Bronze,F,0,1,51,5.0,4.2,7,1,9.7,661.47,0
India,Desktop,Bachelor,Silver,M,0,1,21,28.3,4.6,6,6,26.1,500.03,0
France,Mobile,High School,Gold,M,0,1,23,4.1,3.8,4,1,20.7,676.73,0
Brazil,Desktop,Master,Silver,F,0,1,47,7.1,3.9,4,2,19.1,4475.72,0
USA,Desktop,High School,Silver,F,1,0,67,4.3,3.6,3,1,11.8,209.51,0
UK,Mobile,Bachelor,Silver,F,1,0,49,12.2,3.6,10,1,23.1,676.87,0
USA,Mobile,High School,Bronze,F,0,0,60,39.3,3.4,1,4,30.0,985.37,0
Canada,Tablet,PhD,Gold,F,1,1,33,16.4,2.7,7,3,10.0,1789.12,1
Japan,Mobile,High School,Bronze,F,1,0,30,27.5,4.0,6,2,20.0,1254.13,0
Australia,Mobile,High School,Bronze,F,1,1,43,9.2,4.5,10,4,6.1,2344.26,1
UK,Mobile,High School,Gold,M,1,0,49,13.2,3.4,4,0,3.0,1317.69,0
France,Tablet,PhD,Bronze,F,0,1,22,4.6,3.4,4,3,29.1,317.98,0
Japan,Mobile,Master,Gold,M,0,0,35,11.3,3.1,6,3,6.1,2978.25,0
UK,Desktop,Master,Bronze,F,1,0,38,6.7,3.9,5,4,3.1,1407.91,1
India,Desktop,Bachelor,Gold,M,0,1,30,10.7,4.2,6,2,14.5,905.77,0
Canada,Desktop,Bachelor,Bronze,F,0,0,31,10.1,3.5,9,5,20.9,6177.01,0
Australia,Mobile,High School,Bronze,F,1,0,48,9.5,4.5,3,4,0.0,388.82,0
Brazil,Mobile,Bachelor,Bronze,M,0,0,44,65.8,4.6,17,3,12.0,1314.49,1
UK,Mobile,High School,Gold,F,1,1,48,50.1,3.9,9,1,14.1,1437.11,0
UK,Desktop,PhD,Platinum,M,1,1,42,37.8,2.7,7,2,14.8,330.18,1
Canada,Mobile,Master,Silver,M,1,1,28,51.2,3.3,5,3,12.0,438.46,1
USA,Mobile,Bachelor,Gold,M,1,1,43,37.9,3.2,3,1,4.6,1371.88,1
Japan,Desktop,High School,Silver,F,0,1,27,12.0,4.6,7,0,21.4,1226.48,1
Japan,Mobile,Master,Platinum,F,1,0,34,11.0,3.6,9,2,19.1,1953.9,1
Japan,Desktop,High School,Gold,F,1,0,26,14.7,4.1,5,2,1.0,1041.22,1
Spain,Tablet,High School,Bronze,F,1,0,31,10.3,4.1,10,1,18.1,685.69,0
UK,Mobile,High School,Gold,F,0,0,39,5.3,4.4,10,5,22.6,2675.33,0
UK,Mobile,Bachelor,Silver,F,1,1,33,15.4,3.4,7,2,3.8,110.11,1
USA,Mobile,Master,Bronze,M,1,0,27,3.5,2.8,10,5,22.9,2912.44,0
Germany,Tablet,Bachelor,Bronze,M,0,0,52,13.6,3.1,4,1,7.8,393.9,1
UK,Mobile,High School,Platinum,M,0,0,37,5.5,4.7,6,1,20.3,682.06,1
UK,Desktop,Bachelor,Platinum,F,0,0,32,11.4,3.8,8,2,20.1,1259.13,0
India,Mobile,Master,Gold,M,1,1,25,14.2,3.1,1,3,17.0,1007.08,0
Australia,Desktop,High School,Platinum,M,0,0,18,9.2,5.0,2,2,6.7,709.8,1
USA,Desktop,High School,Gold,F,1,1,35,3.3,4.8,2,2,8.2,3635.39,0
UK,Tablet,PhD,Bronze,M,1,0,21,4.7,4.9,5,2,14.2,3585.12,0
Australia,Mobile,PhD,Bronze,F,1,1,47,17.6,4.6,3,1,0.8,12093.57,1
USA,Desktop,PhD,Bronze,M,1,0,38,7.8,4.2,6,2,12.5,1662.45,1
USA,Desktop,Master,Bronze,M,1,0,57,19.1,4.6,5,4,20.8,809.58,1
USA,Desktop,High School,Bronze,M,1,1,41,12.3,4.3,9,1,0.1,1192.55,1
France,Desktop,High School,Silver,M,1,0,29,10.4,4.2,10,2,22.2,5914.09,1
USA,Desktop,Bachelor,Gold,F,1,0,18,16.1,3.8,4,2,12.9,1426.1,0
Canada,Mobile,Bachelor,Gold,M,0,0,48,7.1,3.8,5,1,14.6,680.05,0
Germany,Desktop,PhD,Silver,M,0,0,22,16.8,4.3,13,5,6.7,752.14,0
Germany,Mobile,Master,Platinum,F,0,1,33,8.7,4.2,12,2,12.4,1193.36,0
USA,Desktop,Master,Silver,F,1,0,58,92.7,2.7,2,5,15.2,933.53,1
Germany,Tablet,High School,Gold,F,0,1,45,4.9,4.3,10,1,29.4,657.32,1
Japan,Desktop,PhD,Silver,F,1,0,43,9.2,3.5,6,2,18.6,496.92,0
Brazil,Desktop,Master,Bronze,F,1,0,49,9.5,2.6,7,2,18.9,2091.51,1
Brazil,Desktop,High School,Platinum,M,0,0,49,4.1,3.3,2,2,29.9,622.96,0
France,Mobile,Master,Bronze,F,1,1,57,21.8,4.1,10,2,1.1,588.71,1
Australia,Mobile,High School,Silver,F,1,0,31,8.6,4.0,6,2,26.1,1270.48,0
India,Desktop,High School,Bronze,M,1,1,33,1.8,3.8,6,6,23.7,2492.24,1
Brazil,Desktop,Master,Silver,M,1,0,27,21.2,4.7,5,4,1.4,974.63,0
USA,Desktop,Master,Platinum,M,1,1,38,7.3,4.2,6,5,13.3,364.24,0
USA,Mobile,High School,Bronze,M,0,1,36,11.2,3.9,4,2,15.5,430.19,1
USA,Mobile,Bachelor,Gold,M,0,0,18,20.9,4.0,7,3,1.0,2578.53,0
Japan,Desktop,PhD,Bronze,M,1,1,30,9.1,3.7,8,5,13.4,296.56,1
Germany,Desktop,Master,Bronze,F,1,0,55,9.0,3.9,3,3,26.4,548.08,1
Germany,Desktop,Master,Bronze,F,0,0,41,87.5,4.3,8,2,0.9,165.51,1
Australia,Desktop,High School,Gold,F,0,0,47,2.2,3.4,2,4,24.8,229.32,0
Australia,Mobile,High School,Bronze,F,1,1,37,4.4,3.7,6,1,25.2,276.26,0
Australia,Desktop,High School,Silver,M,0,0,18,5.1,4.3,3,3,0.1,1263.19,1
UK,Desktop,High School,Bronze,F,1,0,36,51.0,3.0,5,2,27.3,407.52,1
Japan,Desktop,High School,Bronze,F,1,1,51,7.3,3.4,3,1,21.5,375.36,1
UK,Tablet,High School,Gold,M,0,0,24,14.8,4.0,4,1,28.2,649.47,0
USA,Tablet,Bachelor,Bronze,M,1,0,47,8.3,4.5,8,3,27.9,3799.9,1
USA,Desktop,Bachelor,Bronze,M,0,1,18,19.7,2.6,3,1,7.4,409.63,0
UK,Desktop,Master,Bronze,M,1,0,38,12.1,3.2,6,1,15.5,1962.59,1
Germany,Desktop,High School,Silver,M,1,0,45,14.9,4.0,7,2,14.7,6708.63,0
India,Mobile,Bachelor,Silver,M,1,1,34,34.1,4.4,4,0,21.3,2322.28,1
USA,Desktop,High School,Bronze,M,1,0,68,17.3,3.3,3,3,17.5,636.75,1
Brazil,Mobile,Bachelor,Bronze,M,0,0,32,6.8,4.4,5,3,28.9,649.8,0
France,Mobile,High School,Silver,F,1,0,31,15.6,3.9,2,4,15.1,1641.88,1
UK,Tablet,PhD,Bronze,M,1,1,40,84.3,3.8,2,5,11.2,2716.75,1
Germany,Desktop,Master,Gold,M,0,0,29,19.1,3.7,4,4,29.8,520.22,1
UK,Mobile,Bachelor,Gold,F,0,0,21,13.8,3.5,2,1,17.8,478.61,1
France,Mobile,High School,Silver,F,0,0,25,4.1,4.4,9,4,12.3,2022.0,0
Germany,Desktop,Bachelor,Bronze,M,0,0,47,21.7,4.6,5,1,10.6,617.6,0
USA,Desktop,Master,Gold,F,1,1,34,24.5,3.8,9,1,21.2,1280.63,1
USA,Desktop,High School,Gold,M,0,0,58,15.6,3.9,7,3,26.7,2189.84,0
France,Desktop,Bachelor,Silver,M,1,1,33,13.3,3.4,3,4,5.3,1194.72,0
Australia,Desktop,Master,Gold,M,0,0,47,117.5,3.2,6,2,11.2,2311.38,1
UK,Mobile,Master,Gold,F,0,0,44,24.2,3.9,7,1,2.0,901.82,1
Brazil,Desktop,Master,Silver,M,0,0,33,32.9,3.5,2,3,8.2,4151.88,1
Japan,Tablet,Master,Bronze,F,0,0,27,12.9,4.0,4,2,27.5,831.67,1
Australia,Desktop,PhD,Gold,M,1,0,18,11.0,4.6,2,3,19.4,1883.33,0
India,Tablet,Bachelor,Bronze,F,1,1,45,20.2,4.1,6,2,27.4,821.1,1
France,Desktop,Bachelor,Gold,M,0,1,52,11.0,3.4,9,5,16.7,2504.15,1
Japan,Mobile,Master,Gold,M,1,0,19,11.7,4.9,8,4,29.6,723.58,0
Australia,Desktop,Master,Gold,F,1,1,34,17.6,4.8,6,4,19.1,1601.54,1
UK,Desktop,PhD,Silver,F,1,1,30,8.1,3.1,6,1,21.6,639.84,0
UK,Tablet,High School,Bronze,M,1,0,45,14.5,4.4,4,0,25.9,652.2,1
USA,Desktop,Bachelor,Bronze,F,1,0,34,13.0,3.4,3,1,10.6,2027.07,0
India,Mobile,High School,Gold,F,1,1,54,26.4,3.5,3,1,8.9,930.17,0
India,Mobile,High School,Gold,M,1,0,33,7.5,3.4,12,3,5.2,1105.85,1
USA,Mobile,High School,Silver,F,0,1,23,2.5,4.4,8,2,21.2,561.21,0
France,Mobile,Master,Bronze,F,1,1,32,9.5,4.3,6,2,24.6,615.49,0
Germany,Mobile,High School,Platinum,M,1,0,34,16.7,2.2,6,0,11.7,10513.86,0
USA,Desktop,Master,Platinum,M,1,1,44,26.3,4.1,5,7,0.0,3647.79,1
Spain,Mobile,Master,Silver,F,1,0,34,7.0,3.0,7,5,27.2,1237.18,1
USA,Tablet,High School,Silver,M,1,0,43,18.8,3.8,4,2,21.7,554.52,1
USA,Desktop,High School,Gold,M,1,0,29,30.2,3.9,10,3,26.6,637.73,1
France,Desktop,Bachelor,Gold,M,1,0,34,22.2,4.1,7,4,26.3,327.81,0
Brazil,Mobile,Master,Platinum,F,1,0,29,6.5,4.1,4,3,14.7,11996.87,0
USA,Desktop,Master,Bronze,M,1,0,28,7.1,2.7,7,2,22.6,457.33,0
Japan,Desktop,Master,Silver,F,0,1,53,17.3,4.1,3,6,25.4,425.8,0
France,Desktop,PhD,Silver,M,0,0,29,44.7,4.1,11,2,1.3,1248.32,1
USA,Mobile,Bachelor,Gold,M,1,0,34,12.3,4.1,4,0,24.4,228.17,0
USA,Desktop,PhD,Gold,F,0,0,51,10.7,4.2,11,3,15.0,1133.42,1
France,Mobile,Master,Platinum,F,1,0,47,4.1,3.8,9,5,10.7,3575.7,0
UK,Mobile,Master,Silver,M,1,0,58,9.1,3.8,8,2,5.1,1899.44,1
Australia,Desktop,High School,Gold,M,1,1,44,6.9,3.8,7,3,6.8,1256.76,1
India,Mobile,PhD,Silver,M,1,0,31,12.5,3.2,5,1,23.9,572.75,0
Spain,Tablet,Bachelor,Silver,F,1,1,63,3.6,4.5,8,2,25.9,565.3,1
UK,Mobile,Master,Bronze,M,1,0,45,9.4,4.6,6,1,28.9,630.56,1
Canada,Mobile,High School,Gold,F,1,1,36,5.4,3.5,6,5,4.4,584.64,1
Germany,Desktop,Bachelor,Platinum,F,1,0,39,25.8,4.3,5,2,15.5,437.22,1
UK,Mobile,High School,Bronze,M,1,0,40,6.1,4.4,4,0,27.5,612.21,0
USA,Desktop,High School,Bronze,M,1,1,35,7.7,4.8,7,2,6.6,2123.78,0
USA,Desktop,High School,Gold,M,1,0,21,15.3,4.1,4,0,7.3,848.26,0
Japan,Desktop,Master,Silver,M,1,1,58,8.5,4.0,6,2,16.3,1514.64,1
Germany,Desktop,High School,Platinum,F,0,1,38,80.4,2.9,6,2,17.1,2315.79,0
USA,Mobile,Bachelor,Bronze,F,0,0,40,25.6,4.3,9,2,5.8,2979.38,1
France,Desktop,High School,Bronze,F,1,1,63,12.4,3.4,5,3,15.6,287.69,1
UK,Mobile,Bachelor,Silver,M,1,1,30,16.4,4.5,6,5,27.3,1565.83,1
France,Mobile,High School,Bronze,F,1,0,46,1.9,4.7,11,2,17.5,925.65,0
UK,Mobile,High School,Bronze,M,0,0,28,32.6,3.9,7,2,23.6,5225.18,0
India,Desktop,Bachelor,Bronze,M,1,0,42,18.3,4.7,8,0,23.2,1398.76,0
India,Mobile,Master,Bronze,F,0,0,40,11.5,3.3,2,4,11.6,1733.75,1
Germany,Desktop,High School,Bronze,F,1,0,47,19.2,3.0,6,0,23.6,1042.7,1
UK,Desktop,High School,Platinum,M,1,1,52,21.1,3.6,4,3,24.9,553.63,1
UK,Tablet,High School,Bronze,F,1,1,31,8.7,3.5,3,1,12.7,614.75,0
India,Desktop,PhD,Silver,F,0,1,55,16.5,3.9,1,1,23.6,1426.16,0
UK,Desktop,Bachelor,Gold,F,1,1,56,28.2,4.0,3,6,29.8,3815.28,1
USA,Tablet,Bachelor,Silver,M,1,0,35,17.5,4.4,5,2,18.9,582.16,1
USA,Desktop,High School,Silver,F,1,0,38,10.0,3.3,3,3,7.5,293.03,0
Germany,Mobile,Bachelor,Gold,F,1,1,32,15.4,3.6,6,3,25.1,893.37,0
Germany,Desktop,High School,Gold,F,1,0,34,36.8,2.5,2,1,3.6,1575.49,0
India,Desktop,High School,Gold,F,0,1,24,22.8,3.2,3,3,15.0,836.33,0
USA,Desktop,Bachelor,Silver,F,0,0,47,4.8,4.7,6,2,26.9,1539.03,0
UK,Desktop,Bachelor,Gold,M,1,0,18,19.5,3.3,8,0,19.4,2713.41,0
India,Desktop,High School,Silver,M,1,0,30,17.5,3.3,7,2,29.2,606.36,0
India,Mobile,Master,Bronze,M,0,0,37,30.9,4.8,12,4,11.8,668.61,1
UK,Mobile,PhD,Gold,M,1,0,54,12.5,4.2,4,2,15.8,2332.23,1
Germany,Tablet,Bachelor,Silver,M,1,0,31,9.1,4.0,4,7,10.9,551.55,1
UK,Desktop,Bachelor,Platinum,F,0,0,43,4.1,4.3,10,1,19.6,4490.3,0
Australia,Mobile,PhD,Bronze,M,0,0,37,7.0,2.6,5,5,9.1,2113.43,1
USA,Mobile,Master,Bronze,F,1,0,49,32.0,3.4,11,2,8.1,1032.74,1
Australia,Tablet,Bachelor,Platinum,F,1,0,43,14.3,3.2,6,3,22.2,1786.59,0
Japan,Desktop,Master,Bronze,M,0,1,48,11.2,4.6,8,4,29.3,1631.79,1
France,Mobile,High School,Platinum,F,0,0,31,34.3,4.4,2,1,5.1,3833.92,1
USA,Tablet,Bachelor,Platinum,M,1,0,26,29.1,2.5,3,3,26.2,2299.77,1
Germany,Desktop,High School,Gold,F,0,1,42,6.8,3.3,4,5,28.1,1357.17,1
Germany,Tablet,High School,Silver,F,1,1,32,31.8,4.4,6,0,23.1,1236.87,0
USA,Desktop,Bachelor,Silver,M,1,0,38,3.2,4.4,3,1,11.8,375.35,1
Japan,Mobile,High School,Gold,M,1,0,42,17.6,4.2,5,3,1.9,1892.15,0
Canada,Tablet,Master,Gold,M,1,0,53,16.0,3.9,7,3,0.9,1519.4,1
France,Mobile,Bachelor,Silver,F,1,0,47,30.6,2.9,6,3,17.9,1111.21,1
Japan,Desktop,Bachelor,Platinum,F,0,1,30,16.5,4.5,5,2,23.6,921.56,0
USA,Desktop,High School,Silver,M,1,1,24,10.0,3.5,6,2,9.1,3556.24,0
Germany,Tablet,High School,Platinum,F,1,1,58,10.7,4.4,4,2,13.3,1989.8,1
USA,Mobile,Bachelor,Bronze,M,0,1,19,105.1,3.8,7,2,7.5,1392.93,1
France,Desktop,PhD,Bronze,M,0,0,33,13.0,4.1,5,5,24.4,4080.67,1
Australia,Mobile,High School,Silver,F,1,1,46,19.6,3.7,6,7,24.0,795.4,0
Japan,Mobile,High School,Bronze,M,0,0,58,2.4,4.6,6,3,22.0,1469.7,1
USA,Desktop,Master,Gold,F,1,0,36,6.3,4.3,6,2,25.4,5968.44,0
UK,Desktop,High School,Bronze,F,1,1,38,18.4,4.2,6,1,4.7,420.71,0
France,Desktop,Master,Platinum,F,1,0,27,3.3,4.0,8,3,13.4,784.63,0
Germany,Mobile,Bachelor,Bronze,M,1,0,40,18.9,4.0,6,6,24.5,2564.26,1
India,Mobile,Bachelor,Silver,M,1,1,24,6.8,4.6,4,2,28.7,684.65,1
India,Mobile,Bachelor,Bronze,M,0,0,29,5.3,4.3,4,4,24.2,138.52,1
France,Mobile,High School,Silver,F,0,0,47,6.8,3.8,4,0,26.8,420.43,0
UK,Tablet,Bachelor,Bronze,F,0,0,33,41.3,4.7,5,4,0.6,316.02,1
UK,Mobile,Master,Bronze,M,0,1,49,15.9,3.8,8,6,22.7,327.2,1
USA,Desktop,Master,Gold,F,1,0,36,5.9,4.0,6,3,4.2,2065.51,1
UK,Mobile,Master,Bronze,M,1,0,22,22.7,3.4,9,0,22.3,1756.64,0
Germany,Desktop,Master,Bronze,M,1,0,52,23.7,4.1,7,5,2.2,1095.13,1
Japan,Mobile,High School,Gold,M,1,1,22,9.0,2.1,5,1,8.9,950.78,0
Japan,Mobile,Bachelor,Bronze,M,1,1,31,26.2,4.2,9,3,20.5,1953.5,1
USA,Desktop,Bachelor,Silver,M,1,0,36,27.3,3.2,5,5,5.8,1855.58,0
UK,Tablet,Master,Bronze,M,1,0,50,24.1,2.4,6,4,23.5,669.9,0
USA,Desktop,Bachelor,Bronze,F,1,0,111,7.1,-0.8454045866703648,5,2,2.7,172.69,0
USA,Mobile,Bachelor,Silver,F,1,0,27,4.7,3.7,13,4,24.9,233.45,0
India,Desktop,Master,Bronze,M,0,0,40,3.1,3.7,5,0,17.1,411.32,1
USA,Tablet,Bachelor,Gold,F,1,0,35,7.2,3.5,2,1,0.6,4990.02,0
Germany,Desktop,High School,Platinum,F,1,1,32,9.1,3.7,6,2,7.6,616.43,1
USA,Desktop,Bachelor,Bronze,M,1,1,41,9.7,4.7,5,0,14.5,377.56,1
India,Desktop,Bachelor,Platinum,F,1,0,24,11.7,3.0,5,2,19.3,1106.33,1
France,Desktop,Master,Bronze,F,1,0,18,48.7,3.7,7,3,20.2,944.63,0
USA,Desktop,PhD,Bronze,F,1,0,64,9.3,3.6,10,3,26.8,949.37,1
Germany,Mobile,Bachelor,Bronze,F,1,0,39,11.7,4.0,7,6,13.1,289.47,1
Brazil,Desktop,Bachelor,Silver,F,1,0,40,2.8,4.3,4,2,0.4,1130.16,1
Canada,Desktop,Master,Silver,M,1,0,29,72.4,4.1,5,1,8.0,418.75,1
USA,Desktop,High School,Bronze,F,1,0,49,4.3,4.2,6,1,2.8,278.61,1
Australia,Mobile,High School,Gold,M,1,0,108,6.9,4.5,5,3,25.1,3911.97,0
Australia,Mobile,PhD,Gold,F,0,1,18,21.3,3.5,2,4,4.5,891.81,0
Australia,Mobile,Master,Bronze,M,1,0,31,14.8,4.7,1,3,10.7,1400.63,1
Japan,Mobile,High School,Gold,M,0,0,35,45.4,4.5,4,1,4.4,177.9,1
Japan,Desktop,High School,Platinum,F,1,0,36,21.7,-0.12593026791347883,11,54,15.5,1702.57,0
Germany,Desktop,Master,Bronze,M,0,1,36,11.4,4.7,7,0,5.9,994.84,0
Brazil,Desktop,Master,Bronze,F,1,0,30,28.1,4.5,10,1,22.9,842.69,1
France,Mobile,Master,Silver,M,1,0,29,30.8,4.6,6,6,14.7,398.54,1
Japan,Tablet,High School,Silver,F,1,1,34,462.43906347090007,0.2793345881741933,2,1,14.9,746.15,1
Germany,Mobile,PhD,Silver,M,1,1,18,26.3,4.4,7,3,28.5,448.76,0
Brazil,Desktop,Bachelor,Bronze,M,1,1,18,10.2,4.2,7,2,9.6,671.88,0
India,Desktop,Master,Silver,M,1,0,39,11.2,3.0,4,1,11.4,183.7,0
USA,Desktop,Bachelor,Silver,F,0,1,39,13.7,4.0,9,2,17.8,249.95,0
India,Mobile,High School,Silver,F,1,1,49,9.0,3.5,8,2,10.2,277.88,1
France,Desktop,PhD,Bronze,F,0,1,35,8.6,4.3,10,3,24.9,2066.69,0
India,Tablet,High School,Silver,F,1,0,24,26.8,4.5,6,4,16.4,1919.41,0
Germany,Desktop,High School,Bronze,F,0,0,18,3.6,3.4,5,0,0.1,405.7,0
UK,Tablet,Master,Silver,F,1,1,27,5.2,4.6,8,2,9.7,152.95,0
Australia,Mobile,Bachelor,Platinum,M,1,1,43,20.9,3.8,11,2,15.0,11961.25,1
UK,Mobile,Master,Silver,M,0,1,55,11.5,2.0,1,3,23.4,776.38,1
India,Mobile,Bachelor,Bronze,M,1,1,39,26.9,3.7,6,3,22.2,949.57,0
Germany,Mobile,Bachelor,Silver,M,1,0,23,16.2,4.0,2,3,20.1,7220.72,0
Germany,Mobile,PhD,Gold,F,1,0,27,4.2,4.2,3,4,25.0,2285.39,1
UK,Mobile,High School,Gold,F,1,1,28,12.8,3.4,2,4,6.4,1853.32,1
France,Mobile,Master,Silver,F,1,1,33,18.7,3.7,5,2,13.8,2019.51,1
UK,Tablet,High School,Bronze,F,1,1,51,14.7,2.8,2,2,16.2,1061.7,0
USA,Mobile,Master,Silver,F,1,1,52,8.4,3.4,6,2,29.2,547.41,0
UK,Mobile,High School,Silver,F,0,0,36,9.8,2.8,8,3,29.3,1896.91,1
USA,Tablet,Bachelor,Platinum,M,1,0,40,7.8,2.8,4,6,14.9,468.83,0
Canada,Desktop,Master,Silver,M,1,1,28,4.2,3.7,6,3,4.3,1761.63,0
Canada,Desktop,Bachelor,Silver,M,1,0,18,3.8,4.5,4,1,26.6,1619.87,0
UK,Mobile,Master,Silver,M,1,1,59,16.6,4.3,6,0,0.8,668.1,1
Brazil,Mobile,Master,Bronze,F,0,1,18,468.5755670426493,4.3,6,4,13.6,248.36,0
UK,Mobile,Master,Gold,F,0,0,18,19.3,3.6,5,4,14.9,626.65,0
Japan,Desktop,PhD,Silver,M,0,1,60,7.6,4.2,5,3,4.4,912.79,0
India,Mobile,Bachelor,Platinum,F,1,0,38,4.3,4.4,5,3,11.1,729.48,0
Canada,Mobile,High School,Silver,F,1,1,24,8.8,3.1,2,1,20.2,2881.83,0
Germany,Desktop,High School,Bronze,M,1,0,46,65.1,4.0,5,2,21.0,5192.79,1
Brazil,Mobile,High School,Silver,M,1,1,47,11.3,3.8,4,4,23.4,519.67,1
UK,Mobile,High School,Bronze,F,1,1,22,20.4,3.9,7,4,17.2,2578.97,0
Spain,Desktop,Bachelor,Bronze,F,1,0,32,13.9,3.2,9,4,8.8,1397.1,0
USA,Mobile,High School,Bronze,M,1,1,49,4.0,3.5,9,4,0.4,2276.26,0
France,Mobile,High School,Gold,M,1,1,28,38.8,4.6,5,3,18.2,1045.78,1
Japan,Desktop,High School,Silver,M,1,1,41,10.0,3.0,5,3,16.9,780.41,0
Japan,Desktop,Master,Bronze,M,1,1,55,4.3,4.3,4,4,19.0,770.05,1
USA,Tablet,Bachelor,Silver,F,0,0,18,8.1,4.3,4,2,27.9,294.89,0
Australia,Desktop,Bachelor,Silver,M,0,0,34,10.3,3.8,6,1,7.1,203.36,0
USA,Desktop,Master,Platinum,M,1,0,41,22.2,2.5,6,2,21.2,1423.88,1
Japan,Desktop,High School,Silver,M,1,1,18,7.1,3.0,5,8,6.0,1492.43,1
USA,Mobile,PhD,Gold,F,0,0,32,99.1,4.2,5,3,23.6,1286.53,0
UK,Mobile,Bachelor,Bronze,M,1,0,51,5.8,4.8,6,2,0.9,761.21,0
France,Mobile,High School,Gold,M,1,0,30,19.9,3.2,8,2,8.1,1289.94,0
Germany,Desktop,Master,Gold,F,1,0,20,2.5,3.9,8,5,7.7,3368.02,0
USA,Tablet,Master,Platinum,M,1,1,52,11.0,4.7,5,3,25.5,4915.23,0
USA,Desktop,Bachelor,Bronze,M,1,0,43,16.3,2.6,7,7,16.4,3756.74,1
Germany,Desktop,Master,Silver,M,0,1,37,5.0,4.1,6,3,12.4,1121.81,1
Brazil,Mobile,High School,Silver,F,0,0,37,40.4,3.7,3,0,7.3,1596.12,0
Australia,Desktop,High School,Bronze,F,0,1,50,17.2,4.4,9,0,9.7,551.07,1
USA,Tablet,High School,Silver,M,1,0,42,9.4,3.2,8,0,21.6,1365.41,1
UK,Tablet,High School,Platinum,M,1,0,116,17.1,3.8,5,4,25.5,194807.47581932417,1
USA,Desktop,High School,Silver,M,1,0,30,7.6,4.0,14,2,2.8,931.37,0
USA,Tablet,PhD,Platinum,F,1,0,18,33.2,4.7,7,3,0.4,1148.46,1
Japan,Mobile,High School,Bronze,F,1,0,45,27.4,3.6,5,4,16.5,4966.7,1
France,Tablet,Bachelor,Gold,F,0,0,51,16.4,3.2,4,0,25.1,651.32,0
USA,Desktop,Bachelor,Silver,F,0,0,35,19.9,4.6,3,3,0.7,1432.96,0
USA,Mobile,Master,Silver,F,1,0,49,3.7,4.7,6,3,17.4,1846.06,1
USA,Desktop,PhD,Platinum,F,1,1,34,39.4,3.6,6,1,24.4,2315.97,1
India,Mobile,Master,Bronze,F,1,0,37,11.3,4.6,5,6,3.4,1326.78,1
Canada,Desktop,PhD,Gold,M,1,1,59,27.7,3.5,8,5,10.9,4967.04,0
USA,Mobile,Master,Silver,M,1,1,35,22.2,4.3,6,4,3.0,1491.79,0
USA,Desktop,PhD,Bronze,F,1,0,34,27.3,4.5,4,3,1.1,541.03,1
India,Desktop,Master,Platinum,F,0,0,18,5.3,2.8,4,2,14.8,1517.42,0
Australia,Mobile,High School,Silver,F,1,0,46,5.8,3.1,3,1,19.9,676.17,1
Germany,Tablet,Bachelor,Gold,M,0,0,29,73.6,4.1,6,1,27.7,2870.03,1
USA,Mobile,Bachelor,Bronze,F,0,1,40,3.6,4.9,13,2,9.3,1203.35,0
USA,Tablet,Bachelor,Gold,M,0,0,34,5.1,3.7,8,2,7.8,1490.07,1
France,Desktop,High School,Silver,F,1,0,33,12.6,3.0,5,3,18.7,2505.07,1
UK,Mobile,Bachelor,Bronze,M,1,0,37,12.6,4.2,7,2,28.4,2518.13,0
USA,Mobile,PhD,Silver,M,1,1,38,7.9,4.7,5,5,5.6,435.01,1
France,Desktop,High School,Bronze,M,1,1,52,19.9,3.2,4,3,3.6,532.52,0
USA,Mobile,Master,Silver,F,0,1,56,25.1,3.2,4,3,25.3,5401.26,1
Brazil,Mobile,Master,Bronze,F,1,1,46,12.0,3.8,8,0,4.0,865.78,1
UK,Mobile,PhD,Bronze,M,1,0,53,9.8,4.4,4,2,13.1,1237.17,1
USA,Mobile,PhD,Bronze,M,1,0,48,12.0,4.0,8,3,23.4,1109.26,1
France,Mobile,Master,Silver,F,0,0,129,8.2,4.6,6,2,11.3,1377.91,1
UK,Desktop,Bachelor,Silver,M,1,0,55,3.1,3.8,8,3,19.5,997.2,1
Canada,Desktop,High School,Silver,F,0,0,22,15.5,4.5,6,4,23.8,2462.54,0
France,Mobile,Bachelor,Bronze,F,1,0,30,22.5,4.0,4,4,16.2,482.93,0
UK,Desktop,Master,Silver,M,1,0,28,10.8,4.6,8,3,6.0,413.8,0
Japan,Desktop,Master,Gold,F,1,0,34,2.0,3.8,9,1,6.8,1604.74,0
UK,Desktop,Master,Bronze,M,0,1,46,7.7,3.8,7,4,29.5,1732.26,1
Australia,Mobile,High School,Gold,F,0,1,25,25.1,4.8,8,4,24.3,695.46,1
UK,Desktop,Bachelor,Silver,M,0,0,44,3.9,2.3,5,0,9.6,368.18,1
France,Mobile,Bachelor,Gold,F,1,0,31,21.3,4.2,10,2,5.3,1261.61,1
USA,Mobile,High School,Bronze,F,1,0,125,8.5,-0.6521236838072437,5,1,8.4,735.46,0
Germany,Desktop,High School,Bronze,F,1,1,40,12.0,4.0,4,3,24.6,598.96,0
India,Mobile,High School,Gold,M,1,1,58,7.0,3.4,4,3,17.9,992.14,1
India,Mobile,Master,Gold,M,0,0,29,4.9,3.3,9,1,20.7,931.47,0
USA,Mobile,High School,Bronze,F,0,0,37,38.4,4.2,6,1,19.7,2998.33,0
USA,Mobile,High School,Bronze,F,0,0,25,23.4,4.4,7,1,25.6,1612.41,0
India,Desktop,PhD,Silver,M,1,0,29,20.4,3.3,6,1,29.6,4520.79,0
Australia,Mobile,Bachelor,Silver,M,1,1,25,25.2,3.4,7,2,18.9,455.38,0
USA,Desktop,High School,Gold,M,1,0,41,18.2,4.6,4,1,18.1,1085.04,0
Germany,Tablet,High School,Bronze,F,1,1,43,25.9,3.6,4,2,3.4,2232.65,0
UK,Mobile,High School,Silver,M,0,0,46,7.2,3.0,6,4,27.6,6402.55,0
India,Mobile,High School,Bronze,M,0,1,29,36.7,4.4,10,3,1.9,995.23,0
USA,Desktop,High School,Bronze,M,1,0,44,34.1,3.6,5,2,20.3,1198.4,0
USA,Desktop,Bachelor,Bronze,M,1,0,39,16.5,4.1,9,1,22.3,1819.12,1
Brazil,Desktop,High School,Gold,M,0,1,37,9.7,4.1,8,5,10.0,1165.46,1
USA,Mobile,Bachelor,Silver,F,0,1,23,4.6,4.8,6,4,3.1,279.55,0
Germany,Desktop,Master,Gold,M,1,1,40,14.6,4.5,2,4,12.7,1138.54,1
Germany,Mobile,Bachelor,Bronze,F,1,1,40,46.9,4.1,6,4,7.2,255.78,0
UK,Desktop,PhD,Bronze,M,0,1,39,4.8,2.9,4,2,17.8,512.0,0
UK,Tablet,Bachelor,Bronze,M,1,0,43,27.5,2.9,7,2,1.0,2519.8,0
France,Desktop,Bachelor,Bronze,M,0,1,46,8.4,3.2,5,3,1.4,931.76,0
USA,Tablet,Master,Gold,F,1,1,25,8.9,3.6,7,0,17.2,1247.01,0
France,Tablet,High School,Bronze,F,0,0,35,4.8,2.9,2,2,4.1,731.18,0
India,Mobile,High School,Bronze,M,0,0,44,6.7,4.0,4,4,10.8,200.82,0
Brazil,Mobile,Master,Bronze,M,0,1,35,20.4,2.9,4,3,26.2,1667.57,0
USA,Desktop,Bachelor,Bronze,F,0,1,50,22.6,3.8,5,3,0.7,2228.83,1
USA,Mobile,Master,Gold,F,1,0,39,14.7,3.9,7,2,4.5,1353.06,0
UK,Desktop,PhD,Silver,M,1,1,18,8.2,4.4,5,4,27.2,901.7,0
UK,Desktop,Bachelor,Gold,F,1,1,48,5.0,3.3,4,4,11.4,1577.34,0
Germany,Mobile,Bachelor,Silver,M,1,0,37,12.8,3.6,4,3,11.0,5074.32,1
Japan,Mobile,Bachelor,Bronze,M,1,1,18,9.1,3.9,2,4,16.6,1117.35,0
USA,Mobile,PhD,Bronze,M,0,0,35,14.4,4.2,6,0,13.2,360.08,1
USA,Desktop,Master,Gold,M,1,0,23,9.4,3.6,8,4,23.2,2434.3,0
UK,Desktop,PhD,Gold,F,1,0,47,9.6,3.4,3,2,8.4,133.75,1
Japan,Desktop,High School,Bronze,M,0,1,38,13.8,4.0,7,3,4.5,1077.38,0
USA,Desktop,Master,Bronze,F,1,0,27,16.1,3.0,3,3,16.6,280.52,0
Japan,Desktop,High School,Bronze,F,1,1,48,32.4,4.2,4,1,14.1,598.04,0
UK,Desktop,High School,Bronze,M,0,0,44,9.3,3.9,6,6,10.8,2701.21,0
Australia,Desktop,PhD,Bronze,M,1,1,35,18.8,3.9,3,0,11.3,534.51,0
Australia,Mobile,High School,Bronze,F,1,1,23,51.6,3.3,4,2,27.3,582.74,0
UK,Desktop,PhD,Silver,M,0,1,28,19.3,3.7,4,4,23.8,1013.98,0
USA,Mobile,High School,Bronze,M,0,1,28,30.9,4.4,3,2,6.0,3180.55,0
Germany,Desktop,Master,Bronze,M,1,1,47,7.4,3.8,11,5,13.3,1445.47,1
USA,Tablet,High School,Gold,M,0,0,18,6.8,4.0,6,0,22.6,1306.91,0
Japan,Mobile,Bachelor,Silver,F,0,0,37,10.7,4.3,6,5,15.6,567.28,0
India,Desktop,High School,Platinum,F,1,0,35,11.7,4.2,7,0,28.0,230.88,1
Japan,Mobile,Bachelor,Bronze,M,1,1,50,28.7,3.8,7,6,21.3,3142.89,1
India,Desktop,Bachelor,Silver,F,0,0,41,6.8,4.2,6,1,4.2,898.98,0
UK,Mobile,Master,Bronze,F,1,0,44,11.3,3.7,2,1,12.0,522.82,1
USA,Desktop,High School,Silver,M,1,1,32,28.8,4.4,9,4,25.7,515.13,0
Brazil,Tablet,High School,Bronze,M,0,1,23,14.5,4.5,9,2,12.0,754.41,0
UK,Desktop,High School,Bronze,F,1,1,34,12.1,3.8,6,1,15.3,2405.14,1
Japan,Desktop,Bachelor,Platinum,F,1,0,47,14.7,2.9,3,1,24.5,832.86,0
UK,Mobile,Master,Silver,M,0,0,47,4.9,4.1,3,2,0.6,851.02,0
USA,Desktop,Master,Platinum,M,1,0,33,4.9,4.6,5,5,2.3,1940.52,0
Spain,Mobile,High School,Bronze,M,1,0,28,3.4,4.0,4,4,8.0,388.02,0
USA,Mobile,Bachelor,Bronze,M,1,0,25,14.4,2.8,7,2,23.0,395.14,0
Spain,Mobile,Master,Silver,F,1,0,36,25.4,2.8,5,2,8.3,322.43,1
Canada,Desktop,High School,Gold,M,1,0,40,22.5,3.9,11,4,12.4,4257.28,1
Brazil,Mobile,Bachelor,Silver,M,0,0,56,30.4,3.8,5,1,10.3,274.91,1
Japan,Mobile,Bachelor,Platinum,F,1,0,39,39.0,2.5,8,2,24.0,4979.69,1
France,Desktop,High School,Bronze,F,1,0,45,13.7,4.3,3,1,18.2,1843.97,0
India,Desktop,High School,Gold,M,1,1,29,11.6,3.5,10,4,6.5,1395.38,0
UK,Desktop,High School,Bronze,M,1,1,39,39.7,3.0,4,5,26.5,1071.84,1
Germany,Tablet,Bachelor,Bronze,F,1,1,40,7.0,4.3,9,2,0.3,1548.86,1
France,Desktop,High School,Silver,F,1,0,36,4.7,4.3,8,2,12.5,139.86,0
Germany,Mobile,High School,Silver,M,0,1,38,9.3,4.6,7,1,23.9,758.27,0
Germany,Desktop,Bachelor,Bronze,M,0,1,40,8.5,4.0,7,3,13.8,2623.93,1
UK,Desktop,High School,Bronze,M,0,0,44,12.7,3.6,7,1,8.4,828.31,0
France,Mobile,High School,Silver,F,0,0,52,6.2,3.3,2,2,27.6,769.43,1
India,Tablet,PhD,Silver,M,1,0,18,16.4,4.3,8,6,20.0,6428.1,1
USA,Mobile,High School,Bronze,M,0,1,51,7.7,4.6,5,2,16.3,822.7,1
Australia,Mobile,Master,Bronze,M,0,0,18,32.5,3.6,9,2,27.8,3315.6,0
Japan,Mobile,Bachelor,Bronze,M,0,1,42,4.7,3.4,8,1,27.3,1437.31,1
India,Desktop,Master,Platinum,F,1,0,66,10.9,4.0,4,3,10.4,1572.57,0
France,Desktop,Bachelor,Platinum,M,1,1,37,9.3,4.1,5,3,10.5,308.66,1
Brazil,Mobile,High School,Silver,M,1,1,40,14.7,4.7,4,1,8.8,1262.67,1
USA,Tablet,Master,Platinum,F,0,1,34,25.6,3.9,5,4,8.5,5446.74,0
India,Tablet,Bachelor,Silver,F,1,0,46,15.1,2.6,8,0,4.3,7689.93,1
USA,Desktop,Master,Bronze,M,0,0,42,11.0,4.5,12,4,19.2,2224.33,0
Australia,Desktop,Bachelor,Bronze,F,0,1,30,21.2,4.4,7,2,9.0,342.54,0
Spain,Desktop,PhD,Platinum,M,1,1,37,23.9,4.2,5,0,13.4,1334.21,0
UK,Tablet,Master,Silver,F,1,0,25,15.1,3.9,5,0,14.3,385.23,0
USA,Tablet,PhD,Gold,F,0,1,37,16.6,4.7,8,3,20.1,1039.89,0
Brazil,Mobile,Bachelor,Gold,F,1,0,33,20.4,3.8,6,1,24.8,1989.28,0
UK,Desktop,Bachelor,Silver,F,0,0,40,3.3,3.8,6,2,29.1,1442.94,1
India,Mobile,Master,Bronze,M,1,0,29,9.2,4.4,7,2,13.2,419.88,0
USA,Mobile,Master,Bronze,F,1,1,35,16.5,4.3,5,1,25.6,1164.32,1
USA,Desktop,PhD,Bronze,M,0,0,38,9.6,4.0,7,1,16.0,783.12,1
Canada,Mobile,Bachelor,Bronze,M,1,1,39,9.7,4.4,11,5,28.0,1106.83,0
Japan,Desktop,Master,Silver,F,1,0,41,16.4,4.0,6,0,22.8,1307.37,0
India,Desktop,High School,Bronze,F,1,1,36,16.7,3.5,9,1,20.6,244.5,1
UK,Tablet,Bachelor,Bronze,F,1,1,29,17.7,3.5,6,0,12.5,2708.6,0
Japan,Mobile,High School,Silver,M,1,0,39,6.5,4.2,7,1,9.1,5475.34,1
France,Desktop,Bachelor,Bronze,M,1,0,36,3.9,3.5,4,3,24.2,1921.67,0
France,Mobile,PhD,Silver,M,0,1,50,23.2,4.0,7,0,17.4,346.49,0
Japan,Desktop,High School,Silver,F,1,1,52,6.7,3.3,2,2,2.3,1815.15,1
France,Mobile,Bachelor,Silver,M,1,0,22,6.4,3.8,7,1,13.1,302.94,0
Germany,Mobile,Bachelor,Platinum,M,0,0,45,5.9,4.0,11,3,4.4,5885.55,1
UK,Mobile,High School,Bronze,M,1,0,48,30.6,3.2,9,4,0.8,5327.53,1
Brazil,Mobile,Bachelor,Bronze,F,1,0,22,14.4,4.3,5,4,29.8,645.7,0
USA,Desktop,Bachelor,Gold,M,1,0,45,16.0,4.2,5,1,16.3,425.83,1
Japan,Desktop,High School,Silver,F,1,1,49,21.2,4.5,7,2,24.4,1805.97,0
USA,Mobile,Master,Gold,M,1,0,27,11.8,4.4,4,3,13.5,2193.8,1
Japan,Desktop,PhD,Bronze,M,1,0,35,27.4,4.2,5,0,19.1,1511.81,1
Brazil,Mobile,High School,Gold,M,0,1,40,4.7,3.0,6,0,29.7,2266.18,1
USA,Desktop,High School,Platinum,F,0,0,45,5.1,3.9,8,2,19.6,1047.9,0
USA,Desktop,Bachelor,Silver,M,0,1,26,4.9,4.3,8,2,4.9,298.27,0
USA,Desktop,Master,Bronze,M,1,1,52,17.1,3.9,7,1,23.6,2298.83,1
France,Tablet,High School,Gold,F,0,0,18,18.3,4.3,10,3,27.9,3167.36,1
India,Desktop,High School,Gold,M,0,0,54,8.3,4.2,10,3,9.7,300.25,1
USA,Mobile,Bachelor,Gold,F,1,0,45,10.1,4.2,11,1,6.7,1857.44,1
Brazil,Desktop,PhD,Bronze,M,1,0,31,33.6,3.7,5,2,7.9,6370.12,1
UK,Desktop,Bachelor,Gold,M,1,0,48,7.0,3.5,7,3,5.0,1303.46,0
Germany,Mobile,Bachelor,Bronze,M,1,1,25,15.4,3.8,5,6,6.3,1444.84,1
Australia,Mobile,PhD,Bronze,M,1,0,39,7.0,3.6,4,2,20.7,671.99,0
UK,Mobile,Master,Silver,F,0,1,41,29.3,3.5,4,2,11.0,2435.93,0
Germany,Tablet,Master,Bronze,F,0,0,41,20.1,4.4,4,3,26.6,1184.28,0
USA,Desktop,Bachelor,Silver,F,1,1,28,4.0,4.4,6,1,10.8,976.7,0
USA,Desktop,PhD,Silver,F,1,1,32,9.9,4.7,4,1,27.5,1188.23,0
UK,Tablet,Master,Bronze,M,0,1,40,2.3,3.6,8,3,4.0,520.87,0
USA,Desktop,Master,Silver,M,1,0,29,25.0,4.1,7,0,1.0,800.86,1
Japan,Mobile,Master,Platinum,F,1,0,41,62.7,4.3,9,2,23.5,2630.51,1
Germany,Mobile,Master,Bronze,F,1,0,31,2.1,3.3,14,1,23.0,711.94,1
France,Desktop,High School,Silver,M,1,1,50,3.9,3.8,4,3,20.9,1285.7,0
USA,Mobile,Bachelor,Bronze,F,1,1,57,13.9,4.5,5,3,12.6,498.74,0
UK,Desktop,Master,Silver,M,1,0,130,12.0,0.45423743667599625,6,5,6.0,478.08,1
Japan,Desktop,High School,Bronze,F,1,1,49,8.8,3.8,5,4,6.9,720.83,1
Canada,Desktop,Bachelor,Bronze,F,1,1,35,3.0,3.6,8,1,24.0,1640.12,1
USA,Mobile,High School,Bronze,F,1,0,27,15.8,3.7,6,1,28.2,177.64,0
Australia,Desktop,Master,Platinum,M,1,0,33,24.8,4.7,4,5,28.5,1546.06,1
France,Mobile,High School,Silver,F,0,1,39,118.8,3.9,7,5,11.2,1432.94,1
France,Tablet,Master,Silver,F,1,0,18,34.7,4.6,5,2,19.6,951.37,0
Germany,Mobile,Bachelor,Bronze,M,1,1,46,4.3,3.9,4,4,9.2,3273.67,1
USA,Mobile,High School,Silver,M,0,1,39,12.1,4.3,7,4,25.6,8103.2,0
USA,Mobile,Bachelor,Bronze,F,0,0,50,19.6,2.9,6,3,17.8,2630.2,1
France,Desktop,High School,Bronze,M,0,1,45,7.0,4.2,8,1,25.8,1341.92,1
UK,Mobile,Bachelor,Silver,M,0,0,39,22.7,3.6,8,1,22.4,1062.83,0
Australia,Mobile,Bachelor,Bronze,M,1,1,34,21.4,4.9,4,2,7.4,5307.28,0
Germany,Tablet,High School,Bronze,F,0,0,56,32.8,3.0,8,5,0.9,892.59,0
USA,Tablet,PhD,Silver,F,0,0,64,23.1,2.7,3,3,29.5,826.13,0
Japan,Tablet,High School,Gold,F,1,1,34,15.3,3.5,6,2,13.6,1348.07,1
UK,Tablet,Master,Bronze,M,1,0,51,7.3,4.9,5,2,8.2,2348.51,1
France,Mobile,Bachelor,Bronze,F,0,1,30,4.3,3.2,6,2,24.4,513.72,0
Japan,Mobile,Bachelor,Bronze,F,0,0,31,14.5,5.0,6,3,5.1,793.87,0
Australia,Tablet,Bachelor,Platinum,F,1,0,33,8.8,4.8,4,2,15.2,2932.96,0
Brazil,Desktop,Master,Gold,M,1,1,46,9.5,4.4,3,3,12.6,5769.35,1
Japan,Tablet,Master,Silver,F,1,0,25,29.9,3.1,6,2,3.8,779.58,1
Japan,Desktop,Master,Platinum,M,0,1,57,36.4,2.4,5,2,20.3,824.22,1
Canada,Mobile,High School,Silver,M,0,0,49,4.5,4.1,5,3,26.5,1003.32,1
UK,Mobile,Master,Platinum,F,0,0,46,10.3,2.9,4,2,27.9,161.24,1
USA,Tablet,High School,Bronze,F,0,0,34,8.6,4.5,7,1,16.7,348.08,1
UK,Desktop,High School,Bronze,M,1,1,48,15.7,2.7,11,5,0.4,1024.0,1
USA,Mobile,Bachelor,Silver,F,1,0,18,2.0,4.3,2,1,11.6,2562.55,1
Japan,Mobile,Bachelor,Bronze,M,1,0,43,3.8,3.8,3,2,16.5,823.95,1
Japan,Desktop,Bachelor,Silver,F,1,1,40,11.1,3.8,7,4,29.0,408.15,0
France,Mobile,Master,Bronze,M,1,0,18,22.8,3.7,2,1,13.3,2763.26,0
USA,Mobile,Bachelor,Silver,M,1,0,43,579.8201727234051,3.6,9,1,10.6,399.14,0
Brazil,Mobile,Bachelor,Bronze,F,1,0,45,20.8,2.9,2,6,27.7,147.57,1
UK,Desktop,High School,Bronze,F,0,0,18,14.3,3.8,4,4,13.2,472.09,0
Japan,Mobile,Master,Platinum,F,1,0,24,33.8,3.2,6,2,28.7,1324.87,0
France,Mobile,Bachelor,Gold,F,1,0,63,40.0,4.1,5,3,9.5,1325.86,1
UK,Desktop,Bachelor,Platinum,F,1,0,36,6.6,3.9,7,3,22.4,838.65,1
USA,Desktop,Master,Gold,F,1,0,50,24.7,4.0,11,1,25.3,1897.26,1
USA,Tablet,Bachelor,Silver,M,1,0,52,18.3,4.3,8,3,26.6,439.4,0
India,Mobile,Bachelor,Silver,M,1,1,43,90.4,2.4,3,0,8.9,1388.22,1
Australia,Mobile,Bachelor,Bronze,M,1,1,50,6.4,4.7,1,0,29.5,334.47,1
Japan,Desktop,Bachelor,Bronze,M,1,0,18,11.1,3.9,4,2,22.3,445.89,0
USA,Desktop,Master,Bronze,F,0,1,35,5.3,4.7,3,2,4.5,557.4,1
Germany,Desktop,High School,Gold,M,1,1,18,5.6,4.1,6,2,22.8,812.21,0
Brazil,Desktop,High School,Bronze,M,1,1,18,16.6,4.5,7,3,25.0,267.66,0
Brazil,Mobile,High School,Platinum,M,1,0,31,14.4,3.9,7,2,5.5,3969.41,0
USA,Mobile,Bachelor,Silver,F,1,1,30,18.8,3.6,6,1,5.1,1235.32,1
USA,Mobile,Master,Gold,M,1,0,38,18.5,4.0,8,3,3.9,568.7,0
Japan,Desktop,Bachelor,Bronze,M,1,1,38,10.1,3.1,2,2,14.9,1790.89,0
UK,Mobile,High School,Bronze,F,1,0,40,10.0,3.8,4,4,21.5,631.74,1
UK,Desktop,Master,Platinum,F,0,0,40,5.6,4.7,7,2,11.4,1197.8,1
USA,Desktop,Master,Bronze,M,1,0,42,7.0,4.6,7,1,1.7,4991.55,0
France,Tablet,Master,Bronze,F,0,0,26,11.6,4.1,3,3,10.8,1729.09,1
India,Mobile,Bachelor,Bronze,M,1,0,29,14.3,2.4,6,1,21.1,585.84,0
Canada,Mobile,Master,Bronze,F,0,0,38,21.5,3.5,5,2,2.9,1425.38,0
France,Desktop,High School,Bronze,M,1,0,38,19.8,3.9,5,2,16.7,2486.92,1
Germany,Tablet,High School,Silver,F,1,1,25,42.3,4.3,7,4,18.1,1111.35,0
USA,Mobile,High School,Silver,F,1,1,51,5.6,4.6,9,2,19.5,682.77,1
France,Mobile,Master,Silver,F,1,0,47,10.1,3.9,4,1,10.4,882.92,0
UK,Desktop,High School,Bronze,M,1,0,28,6.0,3.3,3,2,27.8,3222.16,0
France,Tablet,Bachelor,Gold,F,0,0,35,33.8,4.4,6,2,29.8,590.22,1
UK,Mobile,Bachelor,Gold,M,1,0,62,8.2,4.5,6,2,25.1,1032.67,1
USA,Tablet,Bachelor,Bronze,F,0,0,40,30.7,4.2,7,2,3.3,1826.44,1
USA,Desktop,Master,Bronze,F,1,0,43,38.9,3.5,5,3,8.0,3443.72,0
UK,Desktop,High School,Bronze,F,0,1,31,17.0,4.4,11,2,6.0,294.81,0
USA,Desktop,Bachelor,Gold,F,1,0,34,15.4,4.2,7,2,1.6,1310.15,1
USA,Desktop,Master,Gold,F,1,0,56,12.6,2.1,11,2,26.9,1343.23,0
Spain,Tablet,High School,Platinum,F,1,0,39,9.5,4.5,6,2,5.6,1556.74,1
Germany,Desktop,Master,Bronze,M,1,0,37,8.6,4.4,6,2,11.3,1706.57,0
France,Desktop,Master,Silver,M,1,1,38,10.8,3.2,6,3,11.3,1053.72,1
India,Desktop,PhD,Bronze,F,0,0,69,52.4,3.2,5,3,23.3,926.74,0
Spain,Desktop,Master,Bronze,F,1,0,38,5.3,3.8,5,4,13.4,401.81,1
France,Desktop,Bachelor,Silver,F,0,1,28,14.3,4.2,9,2,11.1,352.18,0
India,Mobile,Bachelor,Bronze,F,0,0,30,21.5,4.6,2,2,8.0,1410.68,1
UK,Mobile,High School,Gold,F,1,0,47,9.7,3.6,2,1,15.8,309.77,0
UK,Desktop,High School,Silver,F,0,0,21,17.0,3.7,6,5,3.4,1213.93,1
Germany,Desktop,High School,Gold,M,0,0,43,3.7,3.3,5,3,18.5,2063.29,1
Japan,Desktop,Bachelor,Bronze,F,1,0,29,35.2,4.9,4,0,24.7,1715.2,0
Japan,Desktop,Master,Platinum,M,1,1,18,30.1,3.8,3,2,27.8,10726.68,0
UK,Mobile,Bachelor,Platinum,M,0,0,26,11.3,3.4,8,0,18.9,443.29,0
USA,Mobile,Bachelor,Platinum,M,0,0,38,6.0,4.3,6,3,24.7,1110.4,1
Japan,Mobile,Bachelor,Gold,F,0,1,55,23.0,2.4,7,2,6.8,1100.25,1
USA,Mobile,Bachelor,Gold,M,1,0,49,4.9,4.0,4,3,15.4,4146.01,1
France,Desktop,PhD,Silver,F,1,1,34,5.5,4.4,6,5,8.5,1800.45,0
Japan,Tablet,High School,Bronze,F,1,0,50,11.7,3.7,5,1,30.0,777.14,1
Japan,Mobile,Bachelor,Silver,F,0,1,34,41.0,4.5,5,1,11.3,1990.43,0
Brazil,Tablet,Bachelor,Gold,F,1,1,20,20.3,4.5,9,1,6.7,1096.89,1
India,Desktop,High School,Platinum,F,1,1,117,570.337595807259,-0.3833020039429966,10,171,23.2,667.52,1
Germany,Tablet,Bachelor,Silver,M,1,0,20,3.2,3.8,7,2,13.8,606.72,0
Brazil,Mobile,Master,Bronze,M,1,0,47,12.6,4.6,9,3,3.8,967.2,0
France,Mobile,High School,Silver,F,0,0,48,14.9,3.4,4,3,23.7,1596.98,0
USA,Desktop,High School,Platinum,M,0,1,27,11.5,4.4,5,1,14.5,304.43,0
USA,Mobile,High School,Bronze,F,1,0,40,51.7,3.0,4,6,23.7,1896.26,0
UK,Tablet,Master,Bronze,F,0,1,40,11.0,4.2,6,4,22.5,638.58,1
Germany,Mobile,Master,Silver,M,0,0,48,2.0,4.4,12,4,17.1,270.34,0
France,Mobile,Bachelor,Bronze,F,1,0,23,8.8,3.7,6,6,21.6,2626.83,0
India,Tablet,Bachelor,Bronze,F,1,0,45,17.5,4.2,4,3,25.7,471.15,1
USA,Desktop,Master,Bronze,M,1,0,22,16.6,4.3,6,0,13.5,61791.57174955962,0
USA,Mobile,Master,Gold,F,0,1,47,10.6,2.4,5,2,28.7,2777.66,0
Canada,Mobile,Master,Bronze,F,1,0,51,9.3,4.7,6,2,5.5,2396.34,1
USA,Tablet,Master,Silver,M,0,1,30,2.5,3.7,5,2,29.1,1176.7,0
Germany,Desktop,Bachelor,Gold,F,1,0,53,13.0,4.2,7,3,7.0,2037.01,1
France,Mobile,Bachelor,Platinum,M,0,1,19,9.3,4.7,5,3,15.2,354.11,1
France,Mobile,Master,Platinum,F,1,1,51,14.9,3.8,3,1,14.1,1096.79,1
USA,Mobile,PhD,Silver,M,0,0,55,18.0,4.0,8,4,1.8,1792.63,0
USA,Mobile,High School,Platinum,F,0,0,42,32.9,2.9,4,1,5.7,3671.05,0
USA,Tablet,High School,Bronze,F,1,0,36,5.7,3.4,6,3,24.9,371.25,0
France,Tablet,PhD,Gold,F,1,0,42,4.3,4.2,7,4,8.3,978.13,1
France,Desktop,High School,Silver,F,1,1,31,7.7,4.0,4,0,0.2,1372.14,0
USA,Desktop,Master,Bronze,M,1,1,69,6.8,3.0,7,0,24.7,1655.78,1
Japan,Desktop,Bachelor,Silver,F,1,1,31,6.3,4.3,8,2,28.6,1382.7,0
India,Desktop,High School,Bronze,F,0,1,54,38.7,4.5,13,3,16.0,184.22,1
USA,Mobile,High School,Gold,F,0,0,29,13.7,3.0,9,1,17.9,822.85,0
Germany,Tablet,High School,Bronze,M,1,0,57,59.0,4.5,1,3,3.4,1064.14,1
Japan,Mobile,High School,Silver,F,0,1,62,12.2,3.5,7,2,28.4,930.2,1
UK,Desktop,Bachelor,Bronze,F,0,0,43,4.8,4.2,7,5,6.4,502.31,0
UK,Desktop,Master,Bronze,F,0,1,41,6.4,4.0,10,6,16.5,896.18,1
France,Mobile,PhD,Platinum,F,1,1,27,27.6,4.8,5,1,29.0,4002.36,1
Australia,Mobile,Bachelor,Gold,M,0,0,25,4.9,4.5,8,0,13.4,10987.17,1
India,Desktop,Bachelor,Platinum,F,0,0,42,19.0,4.4,6,3,2.8,460.61,1
France,Tablet,Bachelor,Bronze,F,1,1,55,9.2,3.6,2,1,6.5,1129.78,0
Brazil,Tablet,Bachelor,Bronze,M,1,0,31,5.8,4.0,3,1,2.1,1282.84,0
UK,Desktop,Bachelor,Silver,F,1,1,64,36.9,4.7,4,3,12.1,2305.5,1
Japan,Tablet,High School,Silver,F,1,0,31,7.6,4.1,6,3,17.7,1666.56,1
Germany,Desktop,High School,Bronze,M,0,0,41,6.3,4.0,6,1,13.5,1327.96,0
USA,Mobile,High School,Gold,M,1,0,41,11.4,4.6,10,2,10.3,1512.34,1
Japan,Mobile,High School,Bronze,M,0,1,37,8.1,2.8,4,1,5.0,1496.29,1
France,Desktop,Master,Bronze,M,1,0,18,71.7,3.0,8,5,21.0,612.43,0
UK,Tablet,High School,Bronze,M,1,0,31,28.5,3.7,8,3,28.9,1508.72,0
Australia,Mobile,Master,Silver,M,1,0,40,7.6,4.9,5,2,9.9,1818.4,0
USA,Mobile,PhD,Gold,M,1,0,37,8.3,3.8,8,1,15.6,692.68,1
UK,Desktop,PhD,Silver,F,0,0,46,2.4,4.0,4,2,5.0,1450.81,0
USA,Desktop,PhD,Silver,F,1,0,47,13.6,4.2,6,0,2.2,317.34,1
Brazil,Desktop,High School,Bronze,M,1,0,35,6.7,2.8,3,0,5.0,415.98,0
Japan,Mobile,Bachelor,Platinum,F,1,0,26,13.1,4.9,6,3,2.8,568.72,0
UK,Mobile,High School,Platinum,F,0,0,57,2.5,3.6,13,5,18.5,386.07,1
Japan,Desktop,Master,Silver,M,1,0,22,11.9,3.4,9,3,19.7,973.73,0
UK,Mobile,Master,Bronze,M,0,0,31,47.4,3.3,4,3,30.0,929.54,0
Brazil,Mobile,Master,Silver,M,1,0,28,12.7,4.2,4,1,29.8,1325.09,0
Germany,Mobile,Bachelor,Silver,M,1,0,47,6.6,4.3,1,3,13.3,899.93,0
Germany,Mobile,Master,Platinum,M,0,1,54,12.0,3.1,12,3,6.9,5000.36,1
Australia,Tablet,High School,Platinum,F,1,0,36,11.6,4.3,8,3,14.7,718.39,1
UK,Mobile,High School,Gold,F,1,1,41,70.3,3.4,1,4,26.9,455.44,1
USA,Mobile,Master,Bronze,F,0,0,43,514.1768474175991,4.1,5,1,20.5,226.51,1
France,Desktop,Bachelor,Platinum,M,0,1,60,4.7,4.5,6,4,18.6,718.22,0
Canada,Desktop,PhD,Silver,F,1,1,18,12.4,3.0,10,2,20.9,742.76,1
UK,Desktop,High School,Gold,F,1,0,47,14.2,4.0,6,4,4.6,3127.28,1
USA,Mobile,Master,Silver,F,1,1,43,19.1,3.6,4,5,11.4,749.15,1
UK,Desktop,Bachelor,Bronze,M,0,0,34,22.3,4.6,5,3,5.8,932.23,0
Germany,Desktop,Master,Silver,F,0,0,42,58.2,3.6,3,2,28.5,1082.57,0
USA,Mobile,Master,Bronze,F,1,0,47,7.6,3.7,7,2,5.8,205.4,0
Japan,Desktop,PhD,Bronze,F,1,0,45,7.0,4.7,9,3,5.4,2937.67,0
Spain,Desktop,High School,Gold,F,0,0,64,2.8,1.4,6,3,27.2,580.09,0
Germany,Desktop,PhD,Bronze,M,1,0,40,20.7,3.4,5,4,28.5,2043.84,0
UK,Mobile,High School,Bronze,F,0,0,38,6.0,2.7,5,2,21.4,542.64,0
Germany,Desktop,High School,Bronze,M,1,1,36,24.9,3.8,2,0,30.0,594.72,1
USA,Mobile,Bachelor,Silver,F,1,0,45,8.2,3.5,9,3,1.5,480.03,0
Australia,Mobile,Master,Platinum,M,0,0,38,48.5,4.4,6,3,21.6,998.0,0
Germany,Mobile,Bachelor,Bronze,M,0,0,38,3.9,3.9,8,4,5.6,1564.74,0
UK,Mobile,Master,Bronze,F,0,0,38,27.6,3.4,5,1,11.3,295.07,0
Japan,Mobile,Master,Platinum,F,0,0,36,25.1,3.4,6,2,8.8,2762.54,1
Germany,Desktop,High School,Gold,M,0,0,31,18.6,4.0,3,0,26.1,2569.46,0
Japan,Desktop,PhD,Bronze,F,1,0,43,5.0,4.3,7,4,3.5,695.1,0
USA,Desktop,High School,Gold,F,0,0,35,18.6,2.8,7,4,9.3,308.58,0
India,Desktop,Master,Silver,M,1,1,45,13.5,2.5,6,4,22.7,1602.25,0
Canada,Desktop,Bachelor,Gold,M,1,0,39,2.8,3.9,4,1,22.4,1007.73,0
Japan,Desktop,Bachelor,Silver,F,1,0,33,42.4,3.8,6,3,16.2,1902.61,1
Canada,Mobile,Bachelor,Platinum,M,1,0,57,9.2,4.4,6,5,24.4,256.78,0
USA,Mobile,High School,Bronze,F,0,1,37,39.8,4.0,3,8,2.5,220.81,1
Germany,Desktop,Bachelor,Bronze,M,1,1,45,11.5,4.1,6,1,0.1,6201.97,0
France,Mobile,High School,Bronze,M,0,0,30,26.7,3.9,4,3,3.1,1942.5,0
France,Desktop,High School,Silver,F,1,0,18,6.1,4.7,7,4,24.5,711.97,1
Germany,Desktop,High School,Platinum,M,0,0,31,14.5,3.6,3,5,14.9,292.06,0
UK,Mobile,Bachelor,Silver,M,1,0,18,13.7,4.0,7,0,11.5,392.95,0
USA,Desktop,Master,Bronze,M,1,1,35,9.4,4.1,5,4,7.0,1744.79,1
UK,Desktop,Bachelor,Silver,M,1,0,56,6.1,4.8,7,2,3.9,515.63,1
USA,Desktop,Master,Silver,M,0,0,27,1.0,4.6,7,2,17.4,243.39,0
Brazil,Tablet,Bachelor,Platinum,F,0,0,18,6.2,2.4,3,2,19.2,589.88,1
USA,Mobile,Master,Silver,F,1,1,56,21.3,4.7,3,1,1.5,306.22,0
USA,Desktop,Master,Silver,M,0,0,32,4.0,3.1,6,4,2.2,615.13,0
France,Mobile,Bachelor,Gold,M,0,1,38,4.7,2.9,5,3,21.9,509.97,0
France,Mobile,Master,Gold,M,1,0,47,3.9,3.7,4,2,13.1,2242.12,1
India,Mobile,High School,Silver,M,1,1,44,14.4,3.1,5,1,9.5,2134.53,0
France,Mobile,Master,Bronze,F,1,0,47,6.0,3.5,8,3,14.5,469.27,0
UK,Desktop,Master,Gold,M,1,0,49,32.3,4.3,2,0,5.8,1059.84,1
India,Desktop,High School,Gold,M,1,1,18,21.9,4.4,6,2,0.8,1563.09,0
France,Mobile,Master,Gold,F,0,1,21,14.3,3.6,9,4,10.4,3686.88,1
USA,Mobile,High School,Platinum,M,1,0,52,15.5,4.3,8,4,9.8,866.87,1
France,Mobile,High School,Gold,F,1,1,29,6.6,4.0,1,2,12.1,260.99,0
Australia,Mobile,High School,Gold,F,1,1,30,6.6,3.0,10,3,15.1,1055.97,0
UK,Tablet,Master,Platinum,M,0,0,23,21.5,4.4,9,3,24.0,1832.27,1
UK,Tablet,Master,Bronze,F,1,1,33,25.3,3.4,6,2,27.2,1229.6,0
USA,Tablet,Master,Silver,F,1,0,34,21.4,2.9,5,3,5.3,1436.25,1
USA,Mobile,High School,Silver,M,0,1,27,8.4,4.3,6,4,11.9,1419.12,0
Germany,Tablet,Bachelor,Bronze,F,1,0,25,8.9,3.7,7,2,0.7,1569.6,0
France,Desktop,Master,Gold,F,0,0,42,5.8,3.2,8,2,19.4,319.94,0
USA,Desktop,High School,Gold,F,1,1,28,22.5,4.9,6,1,10.4,590.86,1
Australia,Mobile,Bachelor,Gold,F,0,0,31,2.5,4.1,10,1,12.9,679.85,1
Brazil,Mobile,High School,Platinum,F,1,0,18,2.1,4.5,8,5,2.0,1534.6,1
France,Mobile,High School,Bronze,M,1,1,61,2.5,4.3,7,1,25.3,393.72,1
India,Mobile,Bachelor,Gold,F,1,1,49,2.2,2.9,7,4,22.0,409.22,0
USA,Desktop,Master,Silver,M,1,0,32,36.1,3.7,7,3,4.9,1509.33,1
Germany,Desktop,High School,Bronze,M,0,0,27,22.9,3.8,8,1,0.2,1345.83,0
Japan,Mobile,High School,Bronze,F,1,1,38,4.7,4.8,6,2,3.5,2368.52,0
India,Desktop,High School,Gold,F,1,0,38,11.2,4.8,7,5,14.7,2024.66,0
Brazil,Desktop,High School,Silver,M,0,0,23,39.4,3.3,2,1,24.4,318.37,1
UK,Desktop,High School,Gold,F,1,0,18,18.2,4.4,8,3,21.6,2328.19,0
Canada,Desktop,Bachelor,Silver,F,1,0,32,66.1,4.3,6,2,19.2,908.26,1
USA,Mobile,Master,Bronze,M,1,0,19,11.1,3.6,4,0,24.0,735.33,0
India,Desktop,Bachelor,Bronze,M,1,1,40,7.2,4.2,5,2,15.4,814.44,1
Canada,Mobile,Master,Bronze,M,1,1,40,5.1,4.4,13,0,20.0,2881.53,0
USA,Desktop,Master,Platinum,M,0,0,109,12.4,0.3556057857652144,5,4,25.0,319.38,0
Brazil,Mobile,High School,Bronze,F,1,0,32,25.8,2.5,4,3,16.6,509.25,0
USA,Desktop,High School,Platinum,M,1,0,59,13.2,4.2,4,1,18.2,820.02,0
Germany,Mobile,Master,Platinum,M,0,0,47,9.1,3.6,6,4,18.7,513.52,1
Germany,Mobile,High School,Platinum,F,1,0,33,33.3,3.1,2,0,27.9,418.45,1
France,Desktop,High School,Silver,F,1,1,66,18.6,4.2,4,2,13.6,608.81,1
Australia,Tablet,High School,Platinum,M,1,0,24,11.1,1.8,6,2,2.7,171.33,0
Japan,Mobile,Bachelor,Bronze,M,0,1,28,6.6,3.7,6,6,26.1,1206.3,0
Germany,Desktop,Bachelor,Bronze,M,1,1,37,9.9,2.9,2,2,1.7,1563.93,1
India,Desktop,PhD,Bronze,F,1,0,20,17.8,3.6,4,2,1.4,1465.98,1
Canada,Tablet,Master,Platinum,F,1,0,59,6.5,3.6,7,3,5.9,983.91,1
USA,Mobile,Bachelor,Bronze,F,0,1,40,4.5,3.3,4,6,2.2,1671.38,1
Spain,Desktop,Bachelor,Silver,M,1,1,29,8.3,4.1,7,3,15.7,526.32,0
USA,Desktop,High School,Bronze,F,1,1,43,11.7,3.5,4,3,26.3,1454.02,1
India,Mobile,High School,Bronze,M,1,0,40,36.3,3.2,11,1,7.3,1141.35,0
UK,Mobile,High School,Bronze,M,1,1,34,4.8,4.3,4,8,1.5,184.33,0
USA,Mobile,High School,Gold,M,1,0,23,14.6,3.4,3,4,7.6,1344.02,1
Germany,Desktop,High School,Silver,F,1,0,21,9.8,3.7,2,1,8.7,1168.03,0
Japan,Mobile,High School,Platinum,F,0,0,64,10.2,3.7,6,2,26.0,6528.96,0
UK,Desktop,Bachelor,Silver,F,1,0,22,41.7,4.1,4,4,19.7,632.06,0
USA,Desktop,PhD,Platinum,F,1,1,58,13.0,4.5,8,3,4.5,1413.05,1
France,Mobile,Bachelor,Silver,M,0,0,28,5.9,3.2,6,2,8.7,4425.97,0
Australia,Tablet,PhD,Silver,M,1,1,47,24.8,3.9,7,5,18.9,1665.94,1
UK,Desktop,Bachelor,Silver,F,1,0,44,23.4,4.1,6,2,1.6,1718.77,1
USA,Mobile,Bachelor,Silver,F,1,1,46,5.5,4.5,3,4,20.4,341.9,1
Germany,Mobile,Bachelor,Gold,F,0,0,47,4.7,4.2,9,4,26.2,811.06,1
USA,Mobile,High School,Silver,M,1,1,103,16.9,2.7,6,3,26.0,1530.25,0
India,Mobile,High School,Gold,F,0,0,30,11.9,4.6,5,4,1.8,581.16,0
India,Mobile,PhD,Gold,M,0,0,22,8.4,3.5,7,4,24.3,2201.3,0
France,Desktop,PhD,Bronze,F,0,1,40,28.4,3.9,5,2,15.0,3152.08,1
UK,Tablet,High School,Silver,M,0,0,22,7.6,2.8,11,0,15.0,5450.4,0
Brazil,Mobile,High School,Bronze,F,0,0,18,17.1,3.2,8,4,17.3,3676.29,0
France,Tablet,Bachelor,Silver,M,1,1,35,31.2,3.8,9,2,12.3,952.74,0
India,Mobile,High School,Silver,F,1,0,18,9.3,3.8,6,2,21.4,802.06,1
Japan,Tablet,Bachelor,Platinum,F,1,0,41,2.8,4.1,6,1,9.7,1042.77,1
Brazil,Desktop,High School,Bronze,M,1,0,23,8.8,4.4,7,3,22.4,307.95,0
France,Desktop,Bachelor,Bronze,M,1,0,28,14.2,4.6,8,5,27.8,790.76,1
Germany,Tablet,High School,Bronze,F,0,1,18,27.2,4.4,6,5,3.8,568.74,0
Canada,Desktop,Bachelor,Bronze,M,1,0,58,8.0,3.2,5,1,13.4,223.08,1
France,Desktop,High School,Gold,M,1,0,20,48.4,3.7,6,2,0.6,1810.07,0
France,Mobile,Bachelor,Gold,F,1,1,34,4.3,4.1,9,2,13.2,308.0,1
USA,Mobile,PhD,Gold,F,0,1,18,13.9,4.6,6,1,13.1,535.8,0
Japan,Desktop,Bachelor,Gold,M,0,1,28,10.1,3.3,9,2,21.8,3230.25,0
France,Tablet,Master,Bronze,F,1,0,59,35.8,4.6,6,2,10.6,1000.97,1
USA,Mobile,Master,Bronze,F,1,0,42,3.7,3.3,8,2,26.6,1222.11,0
USA,Mobile,PhD,Bronze,F,0,0,29,17.1,4.7,5,5,12.0,3173.35,0
France,Mobile,Master,Gold,F,1,0,38,10.0,4.8,6,0,16.6,2643.14,1
Brazil,Desktop,Master,Gold,F,0,0,31,41.4,4.3,6,4,7.8,4820.23,1
France,Desktop,Master,Silver,M,1,1,37,6.3,4.2,6,1,4.7,1084.97,1
USA,Desktop,High School,Bronze,F,0,1,47,17.0,3.4,7,2,19.7,2855.8,1
Japan,Mobile,Bachelor,Bronze,M,0,0,34,6.2,3.6,4,0,12.6,342.15,0
USA,Mobile,PhD,Platinum,M,0,0,41,14.2,4.5,10,4,18.5,1672.98,0
Germany,Mobile,Master,Bronze,F,1,0,41,9.1,4.4,2,1,18.3,177.68,1
USA,Mobile,PhD,Gold,M,0,1,34,9.0,3.6,4,4,14.7,1507.46,0
USA,Mobile,Master,Bronze,F,1,1,29,2.5,3.3,3,1,9.1,3140.54,1
USA,Mobile,Master,Bronze,F,1,0,32,17.0,4.2,6,5,5.9,908.46,1
UK,Desktop,Master,Gold,M,0,1,46,5.1,4.0,9,2,5.5,785.9,0
USA,Desktop,Master,Bronze,M,1,0,47,5.0,3.1,9,3,16.1,1223.86,0
UK,Tablet,Bachelor,Gold,F,0,0,24,3.5,4.8,8,4,8.9,212.75,0
Germany,Desktop,PhD,Gold,F,1,0,35,5.2,4.6,7,3,16.8,143.81,1
Germany,Desktop,Master,Silver,F,0,0,29,18.2,3.9,4,4,23.9,2698.21,0
UK,Mobile,Master,Gold,F,0,0,48,17.5,3.1,4,4,15.0,1758.72,0
India,Desktop,Master,Silver,M,1,0,32,20.7,3.9,6,2,14.1,479.84,1
USA,Tablet,Bachelor,Bronze,M,0,0,64,5.4,4.3,4,2,28.5,355.73,0
Germany,Desktop,High School,Gold,F,1,0,41,14.5,3.2,5,1,11.3,2193.47,0
USA,Desktop,PhD,Silver,M,1,1,52,7.4,3.4,6,3,0.9,595.0,1
USA,Desktop,Bachelor,Bronze,F,1,0,26,26.1,3.0,12,4,26.5,334.84,1
France,Mobile,High School,Platinum,M,1,1,38,17.1,4.0,6,4,6.7,2074.94,1
France,Desktop,High School,Silver,F,1,0,45,7.2,3.5,5,3,17.9,150.63,1
India,Mobile,Master,Gold,F,1,0,26,28.0,4.6,8,2,28.1,422.79,0
France,Tablet,Master,Gold,F,1,0,38,18.3,4.8,9,0,22.3,4064.26,1
Canada,Tablet,Master,Silver,F,0,0,51,4.0,4.8,7,4,25.0,1247.47,1
USA,Desktop,Bachelor,Silver,F,1,0,34,3.2,4.7,7,3,12.7,859.42,0
USA,Mobile,Bachelor,Silver,F,1,0,28,4.1,3.9,12,4,13.8,1360.59,0
USA,Mobile,Bachelor,Silver,F,1,1,60,45.6,3.6,7,3,1.8,3494.08,1
USA,Tablet,High School,Gold,F,0,1,24,5.4,3.7,9,5,20.1,1607.23,0
France,Tablet,Master,Gold,F,0,1,40,54.6,4.3,2,2,22.3,895.39,0
Japan,Desktop,High School,Bronze,F,0,0,30,5.2,3.4,8,3,15.9,410.05,0
USA,Mobile,Bachelor,Silver,M,1,0,27,4.8,3.8,8,2,25.6,734.21,0
Canada,Desktop,Bachelor,Platinum,M,0,0,47,24.6,4.2,4,1,3.3,461.27,0
India,Desktop,Bachelor,Silver,M,1,1,36,25.5,2.2,3,4,2.6,1073.64,0
UK,Desktop,PhD,Gold,M,1,1,43,19.0,4.0,5,1,3.9,760.79,0
USA,Mobile,High School,Gold,M,0,1,18,20.9,4.3,4,0,25.9,11890.48,0
USA,Mobile,Master,Bronze,M,1,0,44,6.4,3.6,7,1,5.6,1329.64,0
USA,Desktop,High School,Bronze,F,1,0,29,23.7,3.5,9,3,2.2,505.67,1
USA,Mobile,High School,Gold,F,0,0,18,14.8,4.3,4,5,23.8,2162.7,0
Germany,Desktop,Bachelor,Silver,M,1,0,61,9.1,3.9,4,5,20.9,442.0,0
USA,Mobile,High School,Silver,M,1,0,45,13.1,4.6,4,2,4.8,13701.69,1
UK,Desktop,Master,Gold,F,1,0,41,28.5,4.2,5,2,22.9,591.88,0
Spain,Desktop,Bachelor,Gold,F,1,0,53,16.7,3.8,5,2,8.8,158.46,1
Japan,Desktop,High School,Bronze,F,1,0,41,2.2,4.6,6,1,0.9,558.35,1
Canada,Desktop,High School,Bronze,F,0,0,28,24.9,3.9,8,1,1.0,3124.0,1
USA,Mobile,Bachelor,Bronze,F,1,1,36,23.4,2.7,3,1,3.6,309.74,0
UK,Desktop,Master,Silver,M,0,0,30,9.0,3.6,4,4,24.6,1674.24,0
France,Mobile,Bachelor,Bronze,M,1,0,32,13.4,4.1,10,3,11.9,993.75,1
USA,Desktop,Bachelor,Silver,F,0,1,23,13.3,4.0,4,3,11.3,478.66,0
USA,Mobile,Master,Bronze,M,0,0,26,2.5,4.6,6,2,23.8,849.57,0
Japan,Mobile,Bachelor,Silver,F,0,0,49,8.8,4.1,7,2,19.4,1403.13,1
Japan,Desktop,High School,Bronze,F,1,1,42,9.1,3.7,6,0,26.5,4178.72,0
Germany,Mobile,Bachelor,Silver,F,1,0,32,10.7,3.0,1,4,0.7,465.63,1
Germany,Desktop,Bachelor,Silver,M,1,0,26,8.0,4.0,3,2,5.0,286.04,0
Germany,Mobile,Master,Bronze,F,0,0,33,20.7,4.3,6,4,25.6,1640.01,1
USA,Desktop,Bachelor,Platinum,F,1,0,18,6.4,3.6,4,3,28.8,634.95,0
UK,Mobile,PhD,Bronze,F,0,0,40,25.2,1.8,3,0,8.8,2350.84,1
USA,Mobile,High School,Silver,M,0,0,49,19.9,4.7,3,5,1.1,2390.78,0
USA,Tablet,PhD,Platinum,F,1,0,66,36.2,3.8,7,3,0.3,3478.15,1
Canada,Mobile,Bachelor,Silver,F,1,1,25,48.8,2.8,7,1,0.9,1117.81,1
France,Mobile,Master,Gold,F,0,0,49,49.0,4.0,6,3,19.8,1877.77,1
Brazil,Desktop,High School,Bronze,F,1,1,30,4.7,4.6,5,4,7.6,1401.14,1
UK,Tablet,Bachelor,Silver,F,1,0,24,16.0,3.5,3,3,11.1,680.63,0
UK,Mobile,Master,Silver,M,1,0,24,6.9,4.4,6,3,11.1,2020.83,0
USA,Desktop,Master,Bronze,M,0,0,40,120.0,2.9,4,1,7.4,1808.3,1
USA,Mobile,High School,Silver,F,1,1,27,19.9,4.8,8,2,5.4,6206.27,1
USA,Desktop,Bachelor,Bronze,F,0,1,31,37.8,3.5,4,3,15.7,1849.71,0
Brazil,Mobile,High School,Silver,M,0,0,33,17.3,4.6,3,0,2.1,666.84,0
Japan,Mobile,PhD,Platinum,F,0,0,29,1.5,4.5,5,1,13.7,7969.84,1
France,Desktop,Master,Bronze,M,1,1,28,6.5,2.7,7,5,12.6,235.5,0
Germany,Mobile,High School,Bronze,M,0,1,18,7.0,4.0,6,1,8.7,472.43,0
Australia,Desktop,Master,Silver,F,1,0,39,8.9,4.9,7,2,2.5,676.23,0
USA,Desktop,PhD,Silver,M,0,0,39,16.2,3.8,2,2,19.7,1569.53,1
UK,Desktop,Bachelor,Gold,M,1,1,28,18.2,3.8,8,2,18.1,603.17,1
UK,Mobile,Master,Silver,M,1,0,42,1.5,3.3,2,5,22.3,419.96,0
Brazil,Desktop,Bachelor,Bronze,F,0,1,55,10.1,4.4,4,1,16.0,624.59,0
Spain,Desktop,Master,Gold,M,1,0,38,8.3,3.6,1,2,15.3,889.99,1
USA,Mobile,Bachelor,Gold,M,0,1,54,36.8,2.7,4,1,7.3,450.96,0
India,Desktop,Bachelor,Silver,M,1,0,65,19.6,2.7,6,5,11.9,1033.21,1
India,Desktop,Bachelor,Silver,M,1,0,68,10.5,2.6,6,2,16.1,1778.69,1
USA,Desktop,High School,Bronze,M,1,0,24,14.6,3.8,4,5,2.2,758.05,0
UK,Desktop,Master,Bronze,M,1,1,24,3.2,3.8,6,7,21.1,2985.65,0
Germany,Mobile,Bachelor,Bronze,M,1,1,33,20.7,3.9,9,2,27.9,12179.36,0
Canada,Desktop,Bachelor,Silver,F,0,1,40,8.9,4.0,7,3,29.1,1707.97,0
USA,Tablet,Master,Platinum,M,1,1,57,6.4,3.2,5,2,24.4,3115.24,1
Brazil,Mobile,Bachelor,Silver,M,1,0,46,34.9,3.4,7,1,24.3,474.14,0
UK,Desktop,Bachelor,Bronze,M,0,0,24,15.2,4.5,7,6,5.0,678.02,1
Brazil,Desktop,PhD,Bronze,M,0,1,31,7.2,4.2,5,3,9.8,693.18,1
Germany,Desktop,Master,Bronze,F,1,1,37,7.5,3.5,7,0,22.8,1371.35,0
France,Mobile,High School,Silver,M,1,0,20,16.3,4.1,8,3,1.1,2670.03,0
India,Desktop,Bachelor,Silver,M,0,0,38,15.3,4.4,5,2,2.5,534.39,0
India,Desktop,PhD,Bronze,M,0,0,24,12.5,4.7,8,1,19.2,2186.04,0
India,Tablet,Bachelor,Silver,F,1,0,18,4.7,2.3,5,6,13.0,1605.38,0
USA,Desktop,Bachelor,Bronze,M,1,1,27,5.2,4.2,5,0,20.5,4109.7,0
Japan,Desktop,High School,Bronze,F,0,1,43,6.7,4.0,6,5,7.7,3091.08,0
USA,Tablet,High School,Bronze,M,1,1,43,10.4,4.5,5,3,2.4,168.19,1
Germany,Mobile,Master,Bronze,M,1,1,39,11.8,2.7,6,0,24.9,1024.6,1
France,Desktop,Master,Bronze,F,1,0,50,10.7,3.7,9,1,23.5,413.17,0
Germany,Mobile,PhD,Bronze,F,1,0,49,11.1,4.9,9,0,13.9,1065.95,1
Germany,Desktop,Master,Gold,F,0,1,40,54.9,4.8,2,2,26.4,1357.85,1
Spain,Mobile,High School,Gold,M,1,0,39,24.0,3.2,3,2,6.7,838.95,1
USA,Mobile,High School,Silver,F,0,0,40,31.5,4.1,8,3,11.0,874.48,0
Japan,Mobile,PhD,Gold,M,0,1,36,17.7,3.7,12,3,7.3,3453.11,1
UK,Tablet,Bachelor,Bronze,F,0,1,18,12.9,2.8,5,4,2.6,800.38,0
USA,Tablet,Bachelor,Gold,F,0,1,52,16.9,3.2,9,2,19.6,649.51,1
USA,Tablet,PhD,Bronze,M,1,1,43,14.6,3.6,2,1,17.7,1858.46,0
Canada,Mobile,Bachelor,Silver,F,1,0,23,23.3,3.5,5,4,13.3,797.43,0
India,Desktop,High School,Silver,F,0,0,55,5.6,3.2,7,2,25.8,337.6,1
Australia,Mobile,Master,Bronze,M,0,1,31,21.8,4.4,4,2,14.8,2185.46,1
Spain,Mobile,PhD,Platinum,F,1,1,37,13.9,4.0,7,1,13.5,1425.84,1
USA,Tablet,High School,Bronze,F,0,0,50,2.9,3.3,4,4,20.4,3202.56,0
UK,Desktop,Master,Bronze,M,0,0,41,13.0,4.1,5,1,1.1,1262.68,0
Japan,Tablet,Bachelor,Bronze,F,1,1,54,4.3,4.8,8,4,8.4,1253.13,1
Germany,Mobile,Bachelor,Bronze,M,1,0,34,7.9,3.5,4,3,25.0,477.93,0
Germany,Tablet,PhD,Bronze,F,1,1,58,10.7,3.2,8,2,3.9,1483.16,1
UK,Tablet,PhD,Bronze,F,1,0,29,3.6,3.5,7,1,24.6,4684.04,0
France,Desktop,High School,Bronze,F,0,0,54,11.7,3.7,3,1,19.0,3338.58,1
France,Desktop,High School,Gold,M,1,1,18,12.9,4.3,7,2,24.0,749.25,0
USA,Desktop,High School,Bronze,F,0,0,25,22.3,2.7,4,4,2.3,1440.77,0
Germany,Desktop,Bachelor,Bronze,M,0,0,42,8.5,4.0,5,0,21.2,2581.22,0
France,Mobile,High School,Silver,M,1,1,33,15.2,4.6,6,1,23.4,1504.14,0
France,Mobile,Bachelor,Platinum,M,1,1,37,11.3,3.9,8,3,0.8,1286.86,0
USA,Tablet,High School,Bronze,F,0,0,38,8.7,4.1,7,6,21.8,769.6,1
Brazil,Mobile,Bachelor,Bronze,F,0,0,24,3.2,3.8,3,4,14.6,751.6,0
USA,Desktop,High School,Platinum,M,1,0,25,11.1,4.7,6,1,0.4,4075.87,1
UK,Desktop,Master,Bronze,F,1,0,41,22.1,3.6,8,1,19.4,1790.42,1
Brazil,Desktop,High School,Silver,M,1,0,30,5.8,3.8,8,5,7.2,600.34,0
France,Desktop,Bachelor,Bronze,F,1,0,54,10.2,3.0,3,3,29.0,1027.81,1
UK,Mobile,Master,Platinum,F,1,0,36,11.5,4.1,9,0,29.3,600.77,0
Japan,Desktop,Master,Platinum,M,1,0,47,29.4,3.7,3,1,0.1,1343.51,1
France,Desktop,High School,Gold,M,1,0,43,12.5,3.4,7,3,4.0,950.23,0
Brazil,Desktop,High School,Bronze,M,0,0,31,15.3,4.1,8,2,15.4,1316.34,1
Brazil,Mobile,Master,Silver,M,0,1,18,12.1,3.1,5,4,18.9,412.92,0
France,Mobile,Bachelor,Bronze,F,1,1,52,8.2,4.1,4,3,19.0,1101.6,1
Germany,Mobile,Master,Gold,M,0,0,26,4.9,4.0,6,7,21.6,840.2,0
USA,Desktop,Bachelor,Platinum,F,0,1,33,9.7,4.6,5,1,5.2,953.78,0
UK,Tablet,Bachelor,Silver,F,1,1,36,16.7,4.8,5,3,9.0,4299.57,1
Germany,Desktop,Bachelor,Silver,F,0,0,37,13.4,3.4,6,2,16.1,3731.33,1
France,Mobile,Master,Bronze,M,1,0,50,39.8,4.7,4,0,4.2,154.43,1
Germany,Mobile,PhD,Silver,F,0,0,38,26.0,4.4,4,2,24.3,1005.66,0
UK,Mobile,High School,Silver,F,1,0,36,32.9,4.7,4,1,23.5,203.87,1
USA,Tablet,Bachelor,Bronze,F,1,0,50,2.4,3.3,7,2,20.5,171.79,1
Germany,Desktop,High School,Bronze,F,1,1,45,43.1,3.4,4,3,10.0,1632.78,1
UK,Mobile,Bachelor,Bronze,M,1,1,29,15.1,3.8,4,2,17.4,500.03,1
Brazil,Desktop,Master,Gold,M,1,1,24,16.9,3.1,6,4,0.2,3604.59,0
USA,Mobile,Bachelor,Gold,F,1,1,28,24.9,3.8,7,2,18.0,779.99,1
France,Desktop,PhD,Platinum,F,1,1,37,12.4,4.5,7,3,1.5,4388.19,0
Canada,Desktop,Bachelor,Gold,F,1,0,23,5.2,3.8,3,2,6.6,4392.16,0
USA,Mobile,PhD,Silver,M,1,0,39,38.8,3.6,6,0,10.4,2767.63,1
Germany,Mobile,Master,Bronze,F,0,0,36,6.6,3.3,7,2,19.4,490.18,1
USA,Desktop,High School,Platinum,M,1,1,18,5.5,3.9,7,2,7.3,250.68,0
Japan,Mobile,High School,Silver,M,1,0,21,10.1,4.6,6,2,3.9,878.89,0
France,Mobile,Bachelor,Silver,F,1,1,18,8.9,3.8,2,2,14.9,3059.99,0
Germany,Desktop,High School,Silver,M,1,1,34,12.2,2.6,6,3,22.5,9605.29,1
France,Mobile,Bachelor,Gold,F,1,0,51,11.3,2.5,3,1,11.7,500.81,1
Australia,Mobile,Bachelor,Bronze,F,0,0,18,35.8,4.7,5,6,25.8,2420.86,0
USA,Mobile,PhD,Bronze,F,1,1,22,17.6,4.1,3,1,28.2,1425.04,0
USA,Desktop,Bachelor,Silver,F,1,0,36,6.1,3.1,9,1,21.4,3258.02,1
India,Desktop,Master,Gold,F,1,0,25,6.8,2.6,4,4,24.2,449.12,1
France,Mobile,PhD,Silver,M,1,1,25,8.9,4.2,4,4,16.6,764.95,1
Australia,Tablet,Master,Silver,F,1,1,44,9.0,4.4,7,3,17.3,870.06,0
France,Mobile,High School,Bronze,F,1,0,32,8.1,3.2,5,4,1.1,1562.99,0
India,Desktop,Bachelor,Gold,F,0,1,20,5.0,4.2,3,3,15.9,529.84,0
Germany,Mobile,Bachelor,Gold,F,1,0,18,15.4,4.8,14,3,15.8,361.34,0
Brazil,Tablet,Bachelor,Silver,M,1,1,65,8.5,4.8,6,2,16.8,1481.59,1
Australia,Desktop,Bachelor,Bronze,M,1,1,52,5.7,3.4,9,3,6.7,641.95,0
France,Tablet,Master,Platinum,M,1,0,33,18.0,3.7,7,2,11.6,6928.27,0
USA,Tablet,Bachelor,Silver,F,1,0,39,24.0,4.5,2,1,28.5,1957.39,0
UK,Desktop,Bachelor,Gold,M,1,1,32,10.0,4.0,6,1,25.6,963.41,1
USA,Tablet,PhD,Bronze,F,0,0,44,50.7,4.4,10,1,13.6,1571.17,0
USA,Desktop,High School,Bronze,M,0,0,28,71.7,3.4,9,2,12.5,809.61,0
UK,Mobile,Bachelor,Gold,F,1,0,31,18.1,3.6,9,1,23.5,2122.64,0
France,Desktop,Master,Bronze,M,1,0,43,8.4,2.8,3,5,11.9,1114.77,0
France,Desktop,High School,Silver,M,1,1,55,15.1,3.9,9,4,18.0,5583.44,0
Germany,Mobile,Bachelor,Silver,M,1,0,47,4.6,4.8,7,3,26.1,1890.97,1
France,Mobile,High School,Gold,F,0,1,53,6.1,2.6,12,1,5.8,4191.71,1
USA,Desktop,Master,Bronze,M,1,0,34,3.2,4.0,6,3,22.2,457.0,0
USA,Mobile,Bachelor,Bronze,F,1,1,31,7.4,2.1,5,4,29.9,2498.91,0
USA,Desktop,Bachelor,Platinum,M,0,0,18,4.5,4.6,2,1,1.1,465.31,0
Germany,Desktop,Bachelor,Silver,F,1,0,39,20.1,3.2,8,1,0.9,664.09,0
USA,Desktop,High School,Bronze,M,1,1,43,6.7,3.5,4,1,20.9,1308.55,1
UK,Mobile,High School,Bronze,F,1,0,34,15.2,3.8,5,3,13.3,6693.14,0
Germany,Desktop,Bachelor,Platinum,M,0,0,29,22.2,4.7,4,1,5.5,998.47,1
India,Desktop,Bachelor,Bronze,F,1,1,53,31.1,4.3,5,3,15.5,2283.84,1
USA,Desktop,Bachelor,Silver,M,0,1,46,9.2,4.5,7,3,26.7,290.14,0
Japan,Desktop,Bachelor,Silver,F,1,1,54,15.6,2.8,7,1,15.7,1183.55,1
Japan,Mobile,Bachelor,Gold,F,0,0,27,16.0,4.2,3,2,28.2,652.73,0
Brazil,Tablet,Master,Gold,M,1,0,30,33.7,4.5,3,3,17.1,1672.73,0
Australia,Desktop,Bachelor,Silver,M,0,0,52,22.8,3.5,5,2,5.6,570.22,0
USA,Tablet,High School,Bronze,F,1,1,37,34.6,4.3,11,0,25.2,2930.79,0
USA,Mobile,Master,Gold,F,0,1,31,3.2,3.9,5,1,11.4,4568.46,0
Australia,Mobile,Master,Silver,M,1,0,32,7.2,2.7,8,0,18.1,2396.56,1
Germany,Mobile,High School,Platinum,F,1,0,38,27.8,3.5,4,2,11.8,433.48,0
France,Mobile,Bachelor,Silver,M,1,0,50,19.4,3.6,7,0,12.7,2660.22,1
Japan,Desktop,Bachelor,Silver,M,1,0,36,11.0,4.5,5,0,5.2,122.75,0
Japan,Mobile,Bachelor,Bronze,M,1,0,47,8.3,4.8,8,3,18.8,380.29,1
Australia,Mobile,Master,Gold,F,1,1,44,22.9,2.5,2,3,9.5,4673.13,1
Spain,Mobile,High School,Bronze,M,0,1,27,2.5,4.8,4,3,10.5,400.57,0
Brazil,Mobile,Master,Bronze,F,1,1,27,23.0,4.1,3,2,5.8,2215.57,1
UK,Desktop,High School,Bronze,F,0,1,33,13.1,2.9,7,4,10.3,943.7,0
India,Mobile,Bachelor,Bronze,M,1,1,22,8.2,4.4,6,1,24.6,1343.35,0
USA,Mobile,Master,Bronze,F,1,1,32,18.2,3.9,2,4,28.6,602.22,1
USA,Desktop,Bachelor,Bronze,F,1,0,56,8.9,4.6,7,2,13.2,1665.0,0
Australia,Desktop,High School,Gold,M,0,0,38,12.5,3.2,7,2,22.5,3166.16,1
UK,Mobile,PhD,Bronze,M,1,0,29,11.7,4.2,2,3,27.3,1237.98,0
USA,Tablet,Master,Gold,F,1,1,61,22.1,4.3,5,2,7.6,440.35,1
USA,Mobile,Master,Bronze,F,0,1,27,13.8,4.9,4,1,4.0,2032.77,0
India,Mobile,Bachelor,Silver,M,0,0,26,2.6,4.4,7,4,7.3,768.92,1
Germany,Desktop,High School,Silver,M,1,1,53,4.0,3.6,5,2,26.7,2173.84,1
Japan,Desktop,PhD,Platinum,M,1,0,46,5.1,4.4,5,3,9.2,272.26,0
USA,Desktop,Bachelor,Gold,M,1,1,36,17.6,2.5,5,1,15.8,813.29,0
Brazil,Desktop,Master,Silver,M,1,1,48,19.0,3.3,7,2,28.9,387.83,1
Brazil,Desktop,Bachelor,Gold,F,1,1,42,46.4,3.7,7,0,14.3,569.71,1
UK,Desktop,Bachelor,Bronze,F,1,1,24,5.4,3.7,8,2,11.0,479.19,0
Germany,Mobile,PhD,Silver,M,1,0,18,34.7,3.5,3,3,27.7,4496.33,0
USA,Mobile,Bachelor,Bronze,F,1,0,31,2.6,4.2,8,3,3.2,2112.3,1
Canada,Desktop,High School,Bronze,M,0,0,51,12.4,3.7,9,1,21.2,2666.33,1
Japan,Desktop,High School,Bronze,M,1,0,33,14.8,4.0,7,2,12.9,5483.74,1
Australia,Desktop,Bachelor,Gold,F,1,1,44,14.8,4.3,4,3,23.6,2008.03,1
UK,Mobile,High School,Silver,M,1,0,40,9.5,4.3,8,2,14.1,4999.38,0
Brazil,Desktop,Bachelor,Gold,M,1,1,18,13.4,4.1,6,0,24.9,1681.7,1
Brazil,Desktop,Bachelor,Silver,F,0,1,33,4.5,4.7,5,2,12.9,2675.02,1
Japan,Tablet,Master,Bronze,M,0,0,42,24.3,4.0,11,1,4.7,562.95,0
Canada,Mobile,Bachelor,Gold,F,1,0,29,14.9,4.8,4,3,12.0,1972.25,1
UK,Desktop,PhD,Gold,M,0,0,34,16.3,4.2,6,3,3.9,1194.9,0
USA,Desktop,High School,Platinum,M,0,0,43,9.7,2.8,6,1,1.7,581.5,1
Japan,Desktop,Bachelor,Silver,F,1,0,39,9.4,3.1,6,0,7.3,1337.51,1
Brazil,Mobile,High School,Gold,F,1,0,51,18.5,3.5,7,2,12.5,1035.06,1
France,Mobile,Master,Gold,M,0,0,43,43.5,3.7,6,4,3.9,525.61,1
USA,Desktop,PhD,Bronze,F,1,1,27,4.0,4.0,7,1,20.8,1735.5,0
Germany,Mobile,Master,Bronze,F,0,1,32,3.8,3.9,3,2,19.0,292.36,0
UK,Desktop,Bachelor,Bronze,F,1,1,38,15.1,4.6,3,1,24.1,794.65,1
Germany,Desktop,Bachelor,Bronze,M,1,0,54,9.3,2.8,4,3,7.3,1459.77,1
Japan,Desktop,Master,Silver,F,0,1,32,13.5,4.1,5,4,11.3,2364.8,1
Brazil,Mobile,PhD,Platinum,F,0,1,18,12.0,3.6,8,0,19.8,1696.31,1
USA,Desktop,PhD,Silver,F,0,1,43,20.0,4.9,10,3,12.2,549.28,1
Germany,Desktop,Bachelor,Gold,F,1,0,29,9.7,4.9,8,3,11.5,849.48,1
UK,Desktop,PhD,Silver,M,0,1,23,4.6,4.1,8,3,10.4,650.46,0
USA,Desktop,High School,Bronze,F,0,1,38,6.5,3.8,9,5,14.9,557.64,0
Brazil,Mobile,High School,Bronze,F,0,0,50,10.7,5.0,5,5,12.2,857.58,1
Australia,Desktop,High School,Silver,F,1,0,31,4.5,4.0,3,3,16.4,2376.26,0
UK,Desktop,High School,Gold,F,0,1,44,593.7646313604049,3.4,9,3,29.6,341.89,0
Brazil,Mobile,Master,Platinum,F,1,0,46,12.8,4.4,6,3,14.6,1405.35,0
Australia,Mobile,Master,Bronze,M,1,0,48,9.2,3.6,7,6,23.3,1852.16,1
India,Mobile,Master,Gold,M,1,0,29,14.4,4.2,2,2,20.1,723.52,0
USA,Mobile,Bachelor,Bronze,F,1,1,25,3.3,3.4,10,1,16.7,342.26,0
Canada,Desktop,Bachelor,Silver,F,1,1,26,5.7,3.6,7,4,22.2,3124.53,1
UK,Mobile,Master,Silver,F,1,0,47,4.9,4.3,4,4,19.1,2251.19,0
UK,Mobile,Bachelor,Bronze,F,1,1,46,24.6,4.2,9,2,2.0,4240.82,0
USA,Desktop,Master,Bronze,M,1,0,27,77.1,3.9,3,0,22.4,3425.84,0
Germany,Tablet,Master,Bronze,F,1,1,64,6.0,3.7,3,2,27.2,278.79,1
USA,Desktop,Master,Bronze,F,1,0,25,10.1,3.5,8,2,24.1,766.95,0
USA,Tablet,Bachelor,Gold,F,0,1,118,7.0,4.8,7,3,11.4,1697.86,1
UK,Tablet,Master,Bronze,F,0,0,56,14.5,4.1,6,6,27.1,1250.24,1
India,Mobile,High School,Silver,M,0,0,39,7.5,2.9,7,1,3.0,2129.52,1
India,Tablet,Bachelor,Bronze,M,1,0,29,15.3,4.1,11,4,11.4,397.14,1
UK,Mobile,Master,Gold,M,1,1,29,20.7,4.7,5,4,0.1,4380.54,0
India,Desktop,Bachelor,Gold,M,1,1,35,4.6,3.3,3,4,10.8,635.14,1
India,Desktop,Master,Gold,M,1,0,51,15.1,4.6,3,1,1.2,1359.11,1
Brazil,Desktop,Bachelor,Silver,F,1,0,24,2.9,4.0,10,1,22.5,373.9,1
USA,Desktop,Bachelor,Bronze,M,0,1,18,9.9,2.5,6,6,8.2,1055.63,0
Japan,Mobile,Master,Gold,F,1,1,42,9.4,3.2,7,1,16.5,1203.16,1
Canada,Desktop,Bachelor,Bronze,M,1,0,45,10.1,3.2,4,4,17.8,401.5,0
Japan,Desktop,Bachelor,Bronze,M,1,0,62,9.5,3.8,6,0,9.3,2239.85,1
UK,Mobile,Bachelor,Bronze,F,1,0,21,8.2,4.4,10,1,7.4,986.95,0
Germany,Tablet,High School,Silver,M,1,0,36,9.8,3.6,5,7,16.5,2908.41,0
Japan,Desktop,Master,Silver,F,0,0,52,14.7,4.4,5,5,7.2,500.32,1
Germany,Desktop,High School,Silver,M,1,0,39,15.1,4.2,9,0,4.7,607.0,1
USA,Desktop,Master,Silver,M,1,0,36,13.4,4.0,3,5,22.3,1418.5,1
UK,Mobile,Master,Bronze,F,1,1,47,7.7,4.7,5,4,9.6,938.32,0
India,Desktop,High School,Platinum,M,1,1,31,28.9,2.4,7,4,13.4,711.37,0
India,Mobile,Master,Silver,M,1,1,48,41.3,4.4,6,1,27.4,14614.93,1
USA,Desktop,Bachelor,Silver,M,1,1,23,4.3,2.7,5,2,3.8,933.17,1
Canada,Desktop,High School,Silver,F,1,1,20,13.9,4.1,7,3,1.9,814.78,0
UK,Tablet,High School,Bronze,M,0,0,35,8.4,3.4,9,2,12.9,6866.58,0
Japan,Desktop,Bachelor,Bronze,M,0,1,18,25.5,4.1,3,3,18.4,542.4,1
Brazil,Desktop,Master,Silver,F,0,0,39,12.1,4.3,2,2,14.0,1512.77,1
India,Desktop,Bachelor,Bronze,F,1,1,18,12.7,3.0,3,6,0.3,1809.44,0
Canada,Mobile,Bachelor,Bronze,M,0,1,41,18.1,3.8,2,1,12.2,3316.58,1
UK,Mobile,Master,Gold,M,1,1,40,9.6,4.7,7,2,14.4,1215.89,1
India,Desktop,Master,Silver,M,1,0,37,46.6,3.5,4,2,28.4,956.26,1
USA,Desktop,Bachelor,Silver,F,1,1,43,18.3,2.8,3,2,2.3,339.5,0
Japan,Desktop,Master,Silver,M,0,1,40,25.7,3.9,5,4,20.6,564.86,1
Brazil,Mobile,Bachelor,Platinum,F,0,0,34,10.2,3.6,3,0,11.8,880.04,1
Japan,Mobile,Master,Bronze,F,0,1,60,11.0,4.4,8,3,26.2,207.21,1
UK,Mobile,Bachelor,Gold,M,0,0,43,23.3,4.6,5,1,19.8,1190.22,1
India,Mobile,Master,Silver,F,1,1,47,21.5,4.4,3,2,11.8,852.24,1
USA,Desktop,Bachelor,Bronze,M,1,0,51,4.5,4.0,4,2,19.2,428.3,1
USA,Desktop,High School,Bronze,M,1,0,46,13.5,3.8,9,2,13.4,305.18,0
Japan,Desktop,Bachelor,Silver,M,1,1,63,17.8,4.5,8,4,21.5,114.34,1
Germany,Desktop,Bachelor,Silver,M,1,0,40,11.0,4.4,9,3,23.7,6317.11,1
India,Desktop,Master,Bronze,F,0,0,38,16.5,3.6,7,4,20.8,5017.41,1
UK,Mobile,Bachelor,Silver,F,1,0,30,11.4,3.3,4,3,11.2,343.24,0
USA,Mobile,Master,Silver,M,0,1,35,2.0,4.1,10,1,1.0,184.69,0
India,Tablet,Master,Silver,F,1,0,29,4.3,3.3,3,4,4.1,1881.04,0
France,Desktop,Master,Gold,M,1,1,46,26.6,3.6,2,2,13.9,877.1,1
USA,Mobile,High School,Gold,M,1,1,27,10.0,4.6,4,0,17.6,821.71,0
Brazil,Mobile,PhD,Silver,M,1,0,39,14.2,4.6,12,5,2.8,1130.9,0
Germany,Mobile,Master,Platinum,F,0,1,45,12.1,3.5,5,5,13.9,801.01,1
France,Desktop,Master,Bronze,F,1,0,40,6.3,3.2,4,5,8.6,5682.18,0
Germany,Desktop,Bachelor,Bronze,F,1,0,27,8.4,3.5,9,2,2.0,340.67,0
India,Desktop,Bachelor,Bronze,F,1,0,46,15.8,3.1,8,4,10.6,359.95,1
India,Desktop,High School,Silver,M,0,0,37,17.2,3.1,9,3,19.0,468.94,1
Japan,Mobile,Bachelor,Silver,M,0,0,18,70.2,4.8,3,3,23.3,731.21,0
USA,Desktop,High School,Silver,F,1,0,26,8.3,2.6,3,2,22.8,2925.45,0
India,Desktop,Bachelor,Bronze,F,1,1,55,46.4,2.7,9,5,15.3,798.01,1
Japan,Mobile,Bachelor,Bronze,M,1,0,56,6.1,4.1,4,2,2.8,534.2,0
Japan,Mobile,Bachelor,Gold,F,1,1,44,18.0,3.5,1,2,17.9,1058.81,1
UK,Mobile,Bachelor,Gold,M,1,0,113,14.0,-0.41566214607837293,2,188,1.5,455.63,1
India,Mobile,Master,Silver,M,1,0,29,11.0,2.6,6,1,12.8,2511.76,1
Brazil,Desktop,High School,Silver,F,0,0,35,12.1,3.9,9,3,19.8,608.55,1
USA,Desktop,Master,Silver,F,1,0,53,7.4,4.7,5,4,3.7,1973.98,0
Germany,Desktop,High School,Bronze,M,0,1,43,25.1,4.1,4,3,18.6,2511.42,1
Australia,Mobile,High School,Silver,M,0,0,39,6.2,4.1,6,0,20.2,770.95,1
USA,Tablet,High School,Silver,F,0,0,36,15.7,4.5,7,2,26.7,4163.72,0
Canada,Desktop,Master,Silver,F,1,0,52,22.3,3.2,6,5,6.5,748.35,0
Japan,Mobile,Bachelor,Bronze,F,1,0,51,36.9,3.6,9,0,24.6,2490.72,1
Japan,Desktop,Master,Platinum,F,1,0,46,26.5,4.1,5,2,10.3,6327.8,1
UK,Mobile,Bachelor,Gold,M,0,0,39,19.3,4.1,8,3,11.6,490.1,1
USA,Desktop,High School,Bronze,F,0,0,34,7.3,2.7,5,3,29.0,1681.69,1
Canada,Desktop,Master,Silver,F,1,0,46,6.5,4.7,4,2,15.2,365.7,0
UK,Mobile,High School,Platinum,M,1,0,25,4.9,4.3,6,1,26.1,1994.76,1
Brazil,Mobile,Master,Bronze,M,1,1,27,4.5,3.8,4,4,21.0,610.32,1
UK,Mobile,High School,Silver,M,0,0,21,12.2,4.1,9,1,12.6,560.41,0
USA,Desktop,Bachelor,Silver,M,1,0,53,6.8,4.0,7,1,1.3,1138.08,1
USA,Desktop,Master,Silver,F,1,0,29,31.8,2.3,5,3,14.8,2463.95,0
France,Desktop,PhD,Gold,F,1,0,43,7.7,3.4,4,2,11.2,1353.16,0
Canada,Mobile,Bachelor,Bronze,F,1,0,36,13.1,4.4,9,2,15.7,849.86,0
UK,Tablet,Master,Bronze,M,1,0,73,9.9,3.2,7,5,21.9,1712.84,1
UK,Desktop,High School,Bronze,F,1,0,43,4.0,3.8,8,3,16.1,1521.04,1
UK,Desktop,Master,Bronze,M,1,0,18,29.1,4.6,10,2,20.1,3668.98,0
France,Mobile,Master,Silver,M,1,1,52,21.3,3.3,11,3,21.0,724.15,1
Germany,Desktop,High School,Gold,F,0,1,33,23.3,3.6,5,2,23.4,682.58,0
India,Mobile,Bachelor,Bronze,M,1,0,36,19.6,4.9,6,3,19.5,1915.42,1
Germany,Desktop,High School,Silver,F,1,0,30,6.6,3.8,8,3,26.4,3505.27,0
Germany,Mobile,Bachelor,Silver,F,0,1,40,6.7,3.8,12,3,9.0,999.17,0
USA,Mobile,High School,Bronze,F,1,1,40,17.5,4.4,5,4,25.1,714.26,0
Spain,Mobile,Bachelor,Silver,M,1,1,30,41.9,3.2,6,0,19.0,1177.09,0
USA,Mobile,PhD,Silver,F,1,0,32,16.6,4.6,4,3,18.4,2538.03,1
USA,Desktop,High School,Silver,F,1,0,39,26.6,4.0,7,1,5.6,1072.58,0
Japan,Mobile,Bachelor,Bronze,F,1,1,18,8.0,3.9,5,2,25.3,623.73,0
France,Mobile,Bachelor,Silver,F,1,1,21,29.3,4.8,6,3,18.0,1029.13,0
Germany,Desktop,PhD,Platinum,F,1,0,58,8.7,3.9,7,3,5.4,799.5,0
Germany,Desktop,Bachelor,Silver,M,1,1,42,14.8,4.4,6,3,1.5,614.01,0
Brazil,Desktop,Bachelor,Bronze,F,1,0,32,9.1,4.2,6,5,14.6,1367.46,0
USA,Mobile,Bachelor,Silver,F,1,0,18,24.8,4.9,5,2,8.5,402.51,0
India,Desktop,High School,Bronze,F,1,0,37,25.1,4.4,3,1,8.9,588.03,1
Japan,Mobile,High School,Silver,F,0,0,50,3.7,3.9,7,2,2.3,381.33,1
Germany,Desktop,Bachelor,Bronze,M,1,1,70,35.2,3.6,6,2,6.7,753.22,1
Germany,Tablet,High School,Bronze,M,0,1,61,81.5,3.7,3,2,29.0,580.76,1
UK,Desktop,Bachelor,Silver,F,1,1,27,9.2,4.0,5,2,16.8,728.08,1
Brazil,Desktop,Bachelor,Bronze,M,1,0,32,11.0,3.6,3,6,16.1,468.26,0
Germany,Mobile,Bachelor,Silver,M,1,0,20,32.8,3.3,8,1,15.2,118.02,1
UK,Mobile,High School,Bronze,M,1,0,28,12.9,4.0,8,1,23.1,3677.08,0
France,Desktop,PhD,Bronze,M,0,0,35,12.1,4.3,10,0,20.3,1662.19,0
Spain,Desktop,Master,Gold,F,0,1,34,55.6,3.9,5,2,5.8,715.83,1
Germany,Desktop,High School,Platinum,F,1,0,63,4.1,4.4,7,2,15.0,1637.44,0
Australia,Mobile,Bachelor,Bronze,M,1,0,22,6.5,3.5,6,1,21.3,254.41,1
UK,Mobile,Bachelor,Silver,M,0,0,37,17.0,3.8,7,4,13.5,275.62,0
USA,Mobile,High School,Bronze,M,0,0,18,3.3,2.8,6,2,16.3,444.41,0
USA,Mobile,Bachelor,Silver,M,1,1,42,9.0,4.3,8,1,2.4,1592.7,1
Germany,Mobile,High School,Silver,M,0,0,22,9.0,3.0,7,2,0.4,1333.6,0
USA,Desktop,PhD,Bronze,F,1,1,51,26.3,3.5,5,2,23.1,2692.84,0
USA,Tablet,Master,Gold,M,1,1,35,21.2,3.9,5,3,23.3,1632.36,1
Australia,Mobile,Bachelor,Bronze,F,1,0,21,3.2,4.7,4,1,15.3,627.32,1
India,Desktop,Bachelor,Bronze,F,0,0,18,7.0,4.8,9,3,24.5,1305.67,1
Brazil,Desktop,PhD,Gold,F,0,1,26,7.0,4.6,7,5,23.5,2866.13,0
USA,Desktop,PhD,Silver,M,1,0,41,10.2,2.2,2,5,10.7,1318.75,0
USA,Desktop,PhD,Silver,F,1,1,43,5.1,4.0,11,2,14.7,604.8,0
USA,Mobile,High School,Silver,M,0,0,32,17.5,3.5,10,4,14.2,4220.46,0
Brazil,Mobile,High School,Silver,F,0,0,49,7.0,3.3,11,4,0.6,774.75,1
Australia,Mobile,Master,Silver,M,0,1,24,19.5,4.8,2,3,0.0,2539.85,1
Germany,Mobile,Bachelor,Bronze,F,1,0,18,12.2,4.3,2,1,25.2,365.29,0
USA,Mobile,High School,Silver,M,1,0,41,5.6,3.1,5,6,29.3,1875.05,0
Germany,Mobile,High School,Silver,F,0,0,53,37.0,3.7,6,4,22.7,459.67,1
UK,Desktop,Master,Silver,F,1,0,54,37.9,4.2,3,2,2.1,1209.06,1
UK,Desktop,Master,Gold,F,1,0,22,15.4,4.6,5,3,18.3,2555.2,1
Japan,Mobile,Bachelor,Bronze,F,1,0,31,10.1,3.3,7,1,18.8,2181.96,0
Japan,Desktop,Master,Silver,M,1,0,47,5.2,3.5,9,1,8.1,1915.2,0
USA,Desktop,Bachelor,Bronze,M,1,1,30,28.7,3.5,10,1,14.6,2403.09,0
USA,Tablet,Master,Silver,M,1,0,39,23.5,4.7,7,5,0.4,1950.01,0
Spain,Mobile,Bachelor,Silver,F,1,0,29,6.4,2.9,9,4,14.0,545.62,1
USA,Desktop,High School,Gold,F,1,0,25,7.0,4.6,3,1,8.1,818.45,1
USA,Mobile,Bachelor,Silver,F,1,0,27,17.6,4.7,5,1,6.5,1438.52,0
USA,Mobile,Bachelor,Gold,M,1,0,49,4.8,4.7,5,3,29.2,519.72,0
USA,Desktop,Bachelor,Gold,F,0,0,38,7.4,3.9,2,2,20.2,3617.82,1
UK,Desktop,High School,Platinum,F,1,1,53,5.3,2.9,2,3,26.8,1093.19,1
India,Tablet,PhD,Silver,F,0,0,44,5.4,3.3,6,2,4.4,1209.58,1
UK,Desktop,High School,Platinum,F,1,0,57,6.8,4.8,9,0,6.9,661.21,0
Germany,Desktop,High School,Bronze,M,0,1,48,25.1,3.3,5,2,27.8,1471.59,1
Japan,Mobile,Bachelor,Bronze,M,1,0,47,3.0,3.7,9,2,8.4,454.41,0
Germany,Mobile,Bachelor,Silver,M,1,1,37,17.2,3.7,4,2,26.4,177965.87860205624,0
India,Desktop,Bachelor,Platinum,F,1,0,74,15.0,3.5,5,2,22.2,628.86,1
India,Desktop,Master,Silver,F,1,1,39,26.4,3.4,5,2,1.1,1179.13,1
USA,Desktop,Bachelor,Bronze,M,1,1,18,15.0,4.3,4,5,4.6,774.13,0
Brazil,Tablet,Bachelor,Silver,M,0,1,41,9.0,4.6,9,6,16.7,4220.55,1
Germany,Desktop,Master,Silver,M,0,0,26,6.3,4.1,5,2,27.5,2299.2,0
Spain,Mobile,High School,Bronze,F,0,1,50,26.9,3.0,3,2,17.3,979.04,0
Germany,Tablet,Bachelor,Gold,M,1,0,47,18.1,4.5,6,4,21.0,1464.22,1
Spain,Desktop,Master,Platinum,M,1,1,36,8.2,2.0,7,5,20.2,3402.44,0
Brazil,Tablet,High School,Gold,M,1,0,27,25.2,4.1,7,4,3.4,5600.64,0
USA,Tablet,Bachelor,Bronze,M,1,0,40,8.5,3.5,7,0,24.9,1525.33,0
France,Tablet,PhD,Bronze,F,1,0,30,12.2,3.9,4,2,22.0,1355.0,0
Spain,Desktop,Bachelor,Bronze,F,1,0,47,7.5,3.4,9,0,9.6,1031.21,1
India,Mobile,Bachelor,Bronze,M,1,0,45,18.7,3.8,4,2,13.8,1487.26,0
USA,Mobile,PhD,Bronze,F,1,1,73,5.5,3.1,5,3,14.4,3190.48,1
Japan,Tablet,High School,Gold,M,1,0,33,9.6,4.5,11,2,23.8,1523.98,1
UK,Desktop,High School,Bronze,F,0,1,34,7.2,4.6,7,4,28.6,2932.65,0
USA,Mobile,Master,Gold,M,0,0,36,15.0,4.7,2,1,25.7,625.57,1
Germany,Desktop,Master,Platinum,M,0,0,37,16.6,4.3,6,4,14.4,324.15,0
USA,Desktop,Bachelor,Bronze,F,1,0,50,5.0,4.8,3,6,10.1,1682.76,1
India,Desktop,Bachelor,Platinum,M,1,0,35,16.9,4.1,10,3,6.9,930.42,1
UK,Mobile,Master,Gold,M,1,0,62,3.7,3.8,5,2,20.6,2247.05,1
India,Mobile,Master,Silver,F,1,1,45,70.4,3.6,2,5,12.5,732.64,0
USA,Mobile,High School,Bronze,F,0,0,32,8.1,3.3,7,1,4.3,940.06,1
UK,Tablet,High School,Silver,M,1,1,29,28.2,4.4,4,3,1.5,896.69,1
USA,Desktop,Bachelor,Bronze,F,1,0,50,14.3,4.3,4,2,17.5,2204.17,1
USA,Mobile,Master,Silver,F,0,1,38,14.8,2.9,7,1,26.2,717.25,0
USA,Desktop,Master,Bronze,F,1,0,38,4.8,2.7,8,2,9.9,490.98,0
USA,Desktop,PhD,Silver,F,1,1,31,23.9,4.3,4,0,6.3,833.13,0
France,Mobile,Master,Bronze,F,0,0,37,12.7,4.9,5,2,15.1,1463.32,0
UK,Tablet,Bachelor,Bronze,M,1,0,30,17.7,3.4,6,0,22.6,669.31,0
Germany,Mobile,Bachelor,Silver,M,0,0,54,11.3,4.5,11,5,1.1,921.38,1
UK,Mobile,Master,Silver,M,0,0,47,13.5,3.7,12,2,26.3,673.34,1
India,Desktop,Master,Silver,M,1,0,36,6.0,3.9,7,3,29.7,725.59,1
Australia,Desktop,Bachelor,Bronze,F,1,0,36,10.8,4.4,9,3,13.4,3866.8,0
Germany,Mobile,High School,Gold,M,1,1,39,8.7,4.3,5,2,25.3,5535.74,0
UK,Desktop,PhD,Silver,M,1,0,38,6.9,3.4,9,1,12.6,3710.97,0
USA,Desktop,Bachelor,Bronze,M,1,0,27,13.6,3.5,2,0,3.2,1810.02,0
Canada,Mobile,Bachelor,Silver,M,0,0,18,16.3,4.0,8,2,15.1,1324.84,0
USA,Desktop,Bachelor,Silver,F,1,1,28,14.9,4.4,4,2,5.3,489.17,0
UK,Desktop,Master,Bronze,M,1,0,36,11.2,3.2,9,2,5.7,615.07,1
UK,Mobile,High School,Silver,F,1,0,29,16.9,3.6,7,1,23.9,793.53,0
UK,Mobile,Master,Gold,M,1,0,48,14.8,3.7,4,3,3.1,8826.31,0
USA,Tablet,High School,Gold,F,1,0,35,13.2,3.5,6,2,8.8,568.65,1
Brazil,Mobile,High School,Bronze,F,0,0,60,13.9,4.7,5,5,10.9,1206.19,1
USA,Desktop,Bachelor,Gold,F,1,1,31,31.4,3.5,4,2,27.3,200.34,0
Japan,Tablet,Master,Bronze,F,1,0,40,4.6,2.9,8,1,18.3,1735.47,1
USA,Mobile,PhD,Platinum,F,1,0,35,9.4,4.1,2,2,1.7,1175.23,0
USA,Desktop,Master,Bronze,F,1,1,43,16.0,4.1,4,3,8.4,234.48,1
Australia,Desktop,PhD,Silver,F,0,0,51,3.4,4.7,6,4,1.9,2589.07,0
USA,Mobile,High School,Silver,F,0,1,45,36.8,3.3,6,3,22.1,1495.26,1
India,Mobile,High School,Bronze,F,0,1,18,14.9,4.1,7,2,5.8,260.86,0
France,Mobile,Bachelor,Gold,F,1,1,44,26.2,4.2,4,3,6.7,1154.43,0
USA,Mobile,High School,Silver,F,1,0,26,29.8,4.5,5,2,3.6,1552.95,1
Canada,Mobile,Master,Bronze,M,0,0,34,16.9,4.3,12,1,20.7,1081.18,0
USA,Tablet,Master,Silver,M,1,1,46,2.0,3.9,4,3,15.5,2476.89,1
India,Mobile,PhD,Silver,F,0,0,25,13.7,3.4,5,2,7.9,1621.84,0
USA,Desktop,High School,Bronze,M,1,0,52,14.4,4.7,6,1,23.8,3114.42,1
India,Mobile,Bachelor,Platinum,F,0,0,34,5.1,3.9,8,3,17.5,267.99,1
USA,Desktop,Bachelor,Gold,M,1,0,64,2.9,3.2,8,1,5.4,5581.89,1
Germany,Mobile,High School,Bronze,M,1,1,39,17.6,3.9,4,1,0.6,922.08,0
Brazil,Tablet,Bachelor,Silver,F,1,1,58,4.5,3.6,7,2,2.7,6213.45,1
Australia,Mobile,Bachelor,Bronze,F,1,0,52,63.4,-0.2446281283249081,7,4,10.0,223.94,1
Australia,Mobile,Bachelor,Gold,F,0,1,31,15.0,3.6,6,5,2.4,1046.0,0
India,Mobile,Bachelor,Platinum,M,1,0,22,35.9,3.7,2,4,7.3,6509.51,1
Australia,Desktop,High School,Bronze,M,1,1,39,12.5,3.7,10,5,2.3,648.31,0
USA,Desktop,Bachelor,Gold,M,0,0,31,22.2,3.7,5,3,2.2,117.28,1
UK,Mobile,Bachelor,Silver,M,1,0,57,12.7,4.5,4,2,9.2,1121.7,0
UK,Mobile,High School,Bronze,M,1,0,35,27.2,3.7,2,1,15.4,1518.92,0
UK,Mobile,Bachelor,Platinum,F,0,0,34,2.4,4.8,5,2,10.3,2029.25,1
UK,Desktop,High School,Silver,M,0,0,21,24.8,3.6,10,4,3.1,1452.57,0
France,Mobile,Bachelor,Silver,F,0,0,43,20.8,3.8,7,1,1.7,960.69,0
USA,Mobile,High School,Silver,M,0,1,24,10.8,4.5,5,4,5.9,1766.25,0
Japan,Mobile,Bachelor,Bronze,M,1,1,43,8.8,4.9,7,1,21.0,124.11,1
USA,Mobile,Master,Bronze,M,0,1,45,9.6,4.0,8,2,20.0,2635.65,1
UK,Mobile,Bachelor,Platinum,F,1,1,29,15.3,4.0,5,1,26.8,1960.89,0
Germany,Mobile,Master,Silver,F,1,1,49,32.2,4.5,7,1,27.4,698.94,1
Brazil,Desktop,Bachelor,Gold,M,0,1,35,7.9,4.0,5,7,23.2,431.11,0
Brazil,Tablet,Bachelor,Bronze,F,1,0,20,3.1,3.5,6,1,0.5,2419.44,0
Japan,Desktop,Master,Silver,F,0,1,57,88.9,4.5,11,6,3.3,833.11,1
USA,Tablet,Bachelor,Platinum,F,1,0,27,20.8,4.0,9,1,22.2,12870.42,0
France,Desktop,Master,Bronze,F,1,0,44,8.9,4.1,5,2,24.8,544.57,0
USA,Desktop,Bachelor,Bronze,M,0,0,43,31.5,3.9,5,1,18.4,1638.75,1
UK,Tablet,Bachelor,Silver,F,0,0,43,25.7,2.9,9,5,10.9,3128.24,0
Germany,Desktop,Master,Bronze,F,0,1,42,18.1,4.2,6,1,5.5,123.89,0
USA,Mobile,High School,Bronze,F,1,1,26,8.3,3.6,7,0,20.3,561.91,1
UK,Mobile,Bachelor,Gold,F,1,1,58,20.8,4.3,5,1,12.4,1086.42,1
Canada,Tablet,High School,Platinum,M,1,1,49,29.1,3.6,5,3,11.1,4275.45,0
Canada,Tablet,Bachelor,Silver,M,1,0,44,3.1,3.5,10,2,14.1,862.0,0
UK,Desktop,High School,Gold,F,1,1,22,14.6,4.4,4,2,25.1,1653.29,0
USA,Mobile,Bachelor,Gold,F,0,0,26,15.5,4.7,4,1,19.3,1753.32,1
USA,Desktop,Master,Gold,M,0,0,46,15.1,4.5,5,0,16.7,311.76,1
UK,Desktop,Master,Bronze,M,0,1,18,12.6,4.4,4,4,9.6,1151.29,0
Canada,Mobile,Bachelor,Bronze,F,1,1,42,31.5,3.7,6,3,9.8,698.63,0
USA,Desktop,PhD,Bronze,M,0,1,22,10.3,4.6,5,4,29.6,526.14,0
Brazil,Mobile,Bachelor,Bronze,M,0,0,28,12.2,4.7,7,4,14.2,2011.53,0
USA,Mobile,Bachelor,Bronze,M,0,1,21,15.7,3.9,1,2,6.9,3195.09,0
Spain,Mobile,Master,Bronze,F,1,0,41,10.6,3.6,2,1,21.6,360.55,1
UK,Tablet,Master,Bronze,F,1,0,51,4.0,4.4,5,1,22.5,6646.09,0
Brazil,Desktop,Master,Bronze,F,0,0,42,14.5,4.1,5,0,11.4,2335.16,1
UK,Mobile,High School,Silver,F,0,0,43,14.6,3.3,7,2,23.6,919.71,0
Japan,Tablet,Bachelor,Bronze,M,0,0,40,9.1,3.7,7,3,26.1,12544.86,0
USA,Mobile,Master,Gold,M,0,0,46,11.0,4.0,5,1,24.9,1101.83,0
USA,Desktop,Bachelor,Bronze,F,0,1,44,1.0,4.3,6,2,2.2,679.5,0
Australia,Mobile,Master,Gold,M,0,0,18,32.0,4.4,7,1,23.8,3872.44,0
Australia,Desktop,Bachelor,Platinum,F,1,0,49,25.0,1.9,5,4,12.0,1876.74,0
Australia,Desktop,Master,Gold,F,1,0,48,4.2,4.4,5,2,3.2,885.44,0
Japan,Mobile,High School,Gold,M,0,1,34,7.1,3.6,7,4,26.8,2548.75,1
India,Mobile,Bachelor,Platinum,F,0,1,18,38.8,4.5,5,3,14.7,789.09,0
USA,Tablet,High School,Bronze,F,0,0,41,4.8,3.7,4,2,26.3,1127.86,0
UK,Mobile,Master,Platinum,F,0,0,42,17.9,1.9,8,3,18.0,512.27,1
UK,Mobile,Master,Gold,M,1,0,33,8.2,2.2,7,3,9.8,845.98,1
Japan,Desktop,High School,Gold,M,1,0,40,16.9,2.7,6,0,17.3,8258.65,0
UK,Desktop,Master,Bronze,F,0,0,51,12.7,3.7,4,2,28.7,665.61,1
USA,Desktop,Bachelor,Silver,F,1,0,67,9.7,4.2,5,3,18.7,1638.7,1
France,Tablet,High School,Silver,M,0,0,40,16.6,3.2,6,2,24.4,579.78,0
India,Desktop,Bachelor,Silver,F,0,1,42,8.2,2.8,4,1,25.9,3119.19,0
UK,Desktop,High School,Gold,F,1,0,28,2.9,3.6,6,4,11.7,1490.1,0
USA,Mobile,Bachelor,Bronze,F,0,0,32,5.8,4.7,7,2,4.7,251.7,0
USA,Desktop,Bachelor,Bronze,M,1,1,36,5.3,3.7,4,2,29.3,864.02,0
USA,Desktop,Master,Silver,M,1,1,52,3.4,3.7,7,1,26.7,961.27,1
UK,Mobile,Master,Bronze,M,1,1,48,16.4,4.2,10,1,17.8,793.1,1
Japan,Desktop,Bachelor,Bronze,M,1,0,61,10.6,2.4,9,3,28.4,1438.5,0
France,Desktop,High School,Bronze,F,1,0,20,16.2,2.4,13,1,18.4,320.67,0
Japan,Desktop,PhD,Bronze,M,1,0,22,18.5,3.5,7,2,18.7,539.52,1
UK,Mobile,Master,Silver,F,1,0,51,22.3,2.4,7,5,18.9,7072.82,1
India,Mobile,High School,Bronze,M,0,0,55,16.9,4.8,10,0,24.8,2492.43,1
USA,Desktop,Master,Platinum,F,1,1,38,5.6,3.7,9,0,9.4,1165.32,1
Germany,Mobile,High School,Gold,M,1,1,18,19.4,2.6,9,1,9.3,1114.79,0
India,Desktop,Bachelor,Gold,M,1,1,29,14.5,2.0,2,2,1.0,568.56,0
USA,Tablet,Bachelor,Bronze,M,1,1,42,70.3,4.0,6,4,24.3,1960.23,1
USA,Desktop,Bachelor,Silver,F,0,0,27,12.3,3.6,7,1,7.9,2751.34,1
Australia,Mobile,Master,Silver,M,0,1,40,16.5,3.0,9,1,6.6,1118.91,1
UK,Tablet,Bachelor,Platinum,M,0,1,61,11.3,3.1,5,3,14.3,538.83,1
Japan,Mobile,High School,Gold,M,1,1,55,12.7,3.5,5,1,25.7,843.85,0
USA,Desktop,PhD,Silver,F,1,0,48,12.0,4.4,9,4,18.0,340.97,0
Japan,Desktop,PhD,Gold,F,0,0,37,8.6,4.7,7,1,25.3,4487.18,0
UK,Mobile,Master,Bronze,F,1,0,32,14.0,4.4,5,3,0.0,407.7,0
USA,Desktop,Bachelor,Bronze,F,1,0,47,20.0,3.4,6,3,5.7,1294.31,0
France,Mobile,High School,Silver,M,1,1,38,8.7,4.7,7,2,21.5,1254.79,1
USA,Mobile,Master,Bronze,F,1,1,39,23.8,4.4,6,2,8.5,288.82,0
UK,Mobile,High School,Bronze,M,0,1,19,21.6,3.7,3,2,28.2,1689.9,0
USA,Desktop,High School,Gold,M,1,0,29,6.0,4.3,8,1,22.7,8623.21,0
USA,Mobile,Bachelor,Bronze,F,0,0,47,5.6,4.6,4,1,21.0,1060.44,0
UK,Mobile,High School,Silver,F,0,0,25,17.4,2.6,9,1,0.5,757.69,1
USA,Mobile,High School,Platinum,M,1,1,41,7.6,4.0,8,1,20.7,395.36,1
Australia,Desktop,Bachelor,Bronze,M,1,0,43,5.3,4.6,11,1,15.7,2568.34,0
USA,Desktop,High School,Bronze,F,1,1,44,48.1,2.4,6,2,5.2,302.42,0
Germany,Desktop,High School,Bronze,F,1,1,45,5.6,-0.6658876175166788,14,67,17.6,1340.9,0
USA,Desktop,High School,Bronze,M,1,1,46,3.6,3.9,6,3,3.2,609.04,0
UK,Mobile,High School,Bronze,M,0,1,31,6.5,4.0,9,2,14.6,1116.39,0
Australia,Tablet,Master,Bronze,F,1,1,20,14.7,3.5,5,2,5.7,2738.51,0
USA,Desktop,Master,Silver,F,1,0,28,12.9,4.3,5,3,0.3,892.57,0
Canada,Mobile,Bachelor,Bronze,F,0,1,47,55.1,3.9,4,3,11.1,1634.75,1
USA,Desktop,Bachelor,Gold,M,1,0,24,6.6,4.6,5,3,11.1,410.14,0
Brazil,Desktop,High School,Gold,F,0,0,26,14.7,3.8,2,2,15.5,286.25,1
France,Desktop,High School,Gold,M,0,0,25,30.0,4.0,9,6,28.9,288.09,0
Australia,Desktop,High School,Silver,F,0,1,18,7.2,4.6,6,1,2.4,951.77,0
France,Tablet,Bachelor,Bronze,M,0,0,24,21.4,2.3,5,3,6.7,14387.94,1
France,Desktop,Master,Gold,M,1,1,50,2.8,4.2,9,1,13.5,408.81,1
USA,Mobile,Bachelor,Bronze,M,1,1,29,49.7,3.9,5,4,10.5,78.93,1
USA,Mobile,Bachelor,Bronze,F,1,1,18,27.0,2.7,5,4,16.9,460.46,0
Australia,Tablet,High School,Gold,F,0,0,32,7.1,2.1,4,3,24.1,256.82,1
UK,Desktop,Master,Bronze,F,1,1,44,23.7,3.8,5,4,12.5,449.6,0
UK,Desktop,Bachelor,Bronze,F,0,0,18,34.8,4.8,5,4,9.3,369.53,0
Brazil,Desktop,Master,Gold,F,1,0,49,4.3,3.8,4,4,6.8,680.67,1
UK,Desktop,Bachelor,Platinum,M,0,1,21,7.5,3.3,7,2,23.6,3024.31,0
Canada,Desktop,Master,Bronze,F,1,0,33,35.8,3.0,4,4,2.8,151.96,1
Brazil,Tablet,PhD,Bronze,M,0,0,33,12.9,3.9,9,5,14.6,1159.84,0
France,Mobile,PhD,Silver,M,1,1,31,17.3,3.7,9,4,11.2,1436.37,1
Australia,Mobile,Bachelor,Gold,F,1,0,37,12.9,4.4,7,1,19.0,1075.9,1
USA,Mobile,Bachelor,Bronze,M,1,0,47,24.9,2.2,8,5,16.3,1088.88,0
UK,Desktop,High School,Silver,F,0,1,38,18.4,2.3,6,2,10.4,487.28,0
Germany,Desktop,PhD,Platinum,M,0,0,31,13.3,4.2,7,2,3.2,513.57,1
USA,Tablet,Bachelor,Bronze,F,1,0,43,2.3,4.7,7,1,4.1,975.73,1
Brazil,Mobile,High School,Platinum,F,1,1,40,20.3,4.2,6,3,20.4,1986.19,1
Australia,Tablet,Bachelor,Platinum,M,1,1,30,21.8,2.4,2,3,14.8,1887.74,0
Germany,Mobile,High School,Bronze,F,1,1,39,4.5,3.8,10,3,23.7,1450.72,0
UK,Desktop,Bachelor,Gold,F,1,1,29,4.8,3.9,4,2,27.8,936.75,1
Canada,Desktop,Bachelor,Bronze,M,1,0,28,18.4,4.4,7,2,20.2,1256.42,0
Germany,Desktop,Bachelor,Gold,M,1,1,48,14.2,2.9,7,0,27.4,11298.13,1
Germany,Desktop,High School,Gold,M,0,1,43,2.5,2.0,6,0,0.8,1678.6,1
UK,Desktop,PhD,Bronze,F,1,0,47,6.3,3.4,3,1,16.1,3137.54,0
Australia,Mobile,Master,Gold,F,1,1,46,15.7,4.5,2,3,8.0,1294.58,1
France,Mobile,Master,Gold,F,1,1,27,20.9,4.0,2,6,5.9,2399.63,0
Brazil,Tablet,Bachelor,Bronze,M,0,0,50,7.6,4.9,5,1,8.4,926.81,0
India,Mobile,Master,Bronze,M,1,1,34,10.8,3.6,8,4,24.6,423.78,0
UK,Tablet,Bachelor,Bronze,M,1,1,49,6.0,3.9,7,2,18.9,2643.72,0
Germany,Desktop,High School,Silver,M,1,0,36,35.1,3.6,5,1,23.3,2566.76,1
India,Desktop,High School,Platinum,F,1,1,42,14.0,3.6,10,3,15.0,1325.79,1
UK,Mobile,Bachelor,Gold,F,1,1,42,7.1,4.8,6,4,8.0,1028.8,1
Brazil,Desktop,High School,Silver,M,1,1,48,4.8,3.7,6,0,14.0,3046.09,0
Canada,Desktop,PhD,Silver,F,0,0,18,4.4,4.0,8,2,6.4,855.37,0
Japan,Desktop,High School,Bronze,M,0,0,19,51.9,4.1,7,4,29.7,814.53,0
Brazil,Desktop,Bachelor,Bronze,F,0,0,46,10.6,4.1,8,3,23.2,753.42,1
India,Mobile,Bachelor,Silver,M,1,1,42,8.8,3.6,5,0,1.9,339.98,1
India,Desktop,Bachelor,Silver,F,1,1,29,10.3,2.8,6,5,29.9,504.63,1
UK,Mobile,Bachelor,Silver,M,0,0,42,7.4,3.2,2,0,4.5,1631.15,0
USA,Mobile,High School,Platinum,F,0,0,21,11.2,3.4,7,1,19.7,420.77,0
Germany,Desktop,Master,Silver,M,1,0,75,12.5,4.5,5,3,11.4,3034.91,1
Japan,Desktop,Bachelor,Silver,M,1,1,54,12.3,2.9,5,2,16.3,840.42,1
Germany,Desktop,Bachelor,Bronze,F,1,1,45,4.4,3.9,3,4,21.4,7759.82,1
Brazil,Desktop,Master,Platinum,M,1,0,39,24.9,4.0,6,1,9.1,337.07,1
UK,Mobile,Master,Gold,F,0,0,31,7.8,3.1,4,2,3.1,348.67,1
Japan,Mobile,Master,Gold,F,1,0,22,7.2,4.6,5,2,19.7,311.94,0
USA,Mobile,Bachelor,Silver,F,0,0,37,6.9,3.4,3,2,0.8,2119.26,0
Brazil,Desktop,Bachelor,Silver,F,1,1,28,5.2,2.7,6,1,6.7,226.52,0
France,Mobile,Bachelor,Silver,M,0,0,28,15.1,4.5,3,4,0.3,4490.21,1
USA,Mobile,Master,Bronze,F,0,0,21,24.9,4.5,5,2,22.1,3857.77,0
UK,Mobile,Master,Silver,M,0,1,41,6.8,3.9,7,5,26.5,982.5,0
Brazil,Mobile,High School,Platinum,F,1,1,33,2.8,4.5,5,4,9.7,1567.93,0
Germany,Mobile,Bachelor,Bronze,M,1,1,44,5.4,4.0,6,3,9.4,432.25,1
USA,Mobile,Master,Bronze,F,0,1,43,8.5,3.3,8,4,2.9,7071.8,0
Canada,Mobile,Bachelor,Gold,M,0,1,41,4.5,3.7,10,3,1.3,1475.18,1
Japan,Desktop,Bachelor,Bronze,M,1,1,70,7.5,4.8,4,5,7.1,674.72,0
Canada,Mobile,Bachelor,Silver,M,0,1,48,7.8,3.1,6,4,25.8,5576.06,1
Germany,Desktop,Bachelor,Silver,M,0,1,23,12.0,3.8,1,1,18.1,318.02,0
Germany,Desktop,PhD,Bronze,M,1,1,44,3.8,3.9,13,3,0.3,3630.13,1
Australia,Tablet,Bachelor,Gold,M,1,0,37,19.4,4.6,4,2,18.3,1091.59,1
France,Tablet,High School,Silver,F,0,0,22,46.0,2.6,3,1,1.5,8791.26,0
Japan,Desktop,High School,Gold,M,1,0,21,38.2,2.8,4,5,12.6,1507.61,0
UK,Desktop,High School,Gold,F,1,1,43,7.6,4.0,6,2,28.0,905.57,1
Germany,Desktop,Bachelor,Gold,M,1,1,46,20.8,3.9,4,1,18.8,742.23,0
USA,Mobile,Bachelor,Bronze,M,0,1,25,18.9,3.6,8,2,18.4,716.32,1
USA,Mobile,High School,Bronze,F,1,0,50,11.8,3.1,2,1,20.2,1139.57,0
USA,Tablet,Master,Bronze,F,0,0,41,14.0,3.7,21,3,4.2,1179.05,1
USA,Mobile,Master,Silver,F,1,1,52,21.0,3.6,7,2,2.8,4117.5,1
Canada,Desktop,High School,Gold,F,0,0,51,24.7,2.8,4,196,11.2,1536.76,0
USA,Mobile,Bachelor,Silver,M,1,0,135,6.4,4.8,10,7,5.7,812.71,0
Japan,Desktop,PhD,Gold,F,1,1,58,22.2,4.7,7,0,0.7,3841.33,1
India,Tablet,Bachelor,Bronze,F,1,0,25,46.2,4.4,4,3,10.2,1138.27,1
France,Tablet,Master,Bronze,M,0,0,67,24.7,3.2,8,2,14.9,2512.77,1
USA,Mobile,Bachelor,Gold,F,1,0,27,41.6,4.5,6,1,1.5,5563.32,0
Brazil,Desktop,Master,Silver,F,1,0,37,1.5,3.5,3,1,29.2,1233.27,1
France,Desktop,Master,Gold,M,0,0,31,19.6,4.7,6,2,23.0,618.53,0
Brazil,Desktop,Master,Bronze,F,1,0,33,15.1,3.2,7,1,22.1,1181.13,0
Brazil,Mobile,Master,Platinum,F,0,0,73,27.7,4.4,4,1,26.4,807.11,1
Canada,Mobile,PhD,Silver,F,1,0,32,5.0,4.5,5,1,17.7,536.52,1
France,Desktop,Bachelor,Gold,M,1,1,48,8.1,3.8,6,3,13.1,141.91,0
UK,Mobile,High School,Bronze,F,0,0,35,25.0,3.4,14,0,14.5,322.15,1
Japan,Mobile,Bachelor,Silver,M,0,0,49,5.2,4.1,6,2,5.9,1862.84,1
USA,Desktop,Master,Platinum,M,0,0,31,14.8,4.2,5,1,11.4,2096.96,1
Australia,Tablet,Master,Gold,M,1,0,41,12.0,3.5,6,3,23.9,344.17,1
USA,Tablet,High School,Bronze,F,1,0,46,10.4,3.8,1,2,15.1,655.34,1
UK,Tablet,High School,Bronze,F,0,0,29,19.3,4.4,6,3,5.5,1362.82,0
India,Desktop,Master,Silver,F,1,1,71,5.0,4.9,12,2,25.9,535.12,1
France,Desktop,High School,Bronze,F,0,1,46,6.5,4.4,8,0,19.5,601.79,1
