country,device_type,education,membership,gender,is_returning,has_newsletter,age,session_duration,satisfaction_score,pages_visited,cart_items,discount_used,total_spent,purchase_made,total_spent_log,satisfaction_score_log,education_encoded,education_freq
UK,Desktop,Bachelor,Silver,True,False,True,33,10.2,3.5,5,4,16.2,5875.9,0,8.678614518769104,1.691512653766797,0,0.3466
Canada,Mobile,Bachelor,Gold,True,False,False,39,7.0,3.0,8,2,7.9,1566.68,1,7.356714009632123,1.5948692441471295,0,0.3466
Brazil,Tablet,High School,Silver,True,True,True,29,13.1,3.6,8,2,28.3,1141.96,0,7.040501363332819,1.7097690490891824,1,0.3006
France,Desktop,Bachelor,Bronze,True,True,False,41,4.6,2.9,4,0,20.9,1392.4,0,7.238784155937284,1.574366995878342,0,0.3466
USA,Tablet,Bachelor,Bronze,True,True,False,28,50.7,3.9,8,1,29.3,1301.1,1,7.17096533950943,1.7626197870713454,0,0.3466
USA,Desktop,Master,Bronze,True,False,True,56,17.2,2.7,10,4,24.2,523.34,1,6.260231348446609,1.5320566796070851,2,0.251
USA,Mobile,High School,Bronze,True,False,True,25,11.4,2.6,9,2,9.4,589.58,0,6.3794104189972085,1.5102107064924273,1,0.3006
India,Mobile,Bachelor,Silver,True,False,False,18,28.1,3.6,7,4,22.3,235.63,1,5.462262778136282,1.7097690490891824,0,0.3466
France,Desktop,Master,Silver,True,False,True,22,6.8,4.0,8,2,13.9,816.73,0,6.705308562884146,1.7796336993958102,2,0.251
Japan,Desktop,Master,Bronze,True,False,False,43,4.8,4.1,4,1,15.4,645.29,0,6.469699828153503,1.7963629745483078,2,0.251
USA,Desktop,Master,Bronze,True,True,False,37,11.0,4.2,9,3,15.9,354.85,1,5.871695164970992,1.8128169798052736,2,0.251
Canada,Mobile,Master,Bronze,True,True,True,47,13.5,3.9,8,4,20.5,604.64,1,6.4046332396011785,1.7626197870713454,2,0.251
India,Mobile,PhD,Platinum,True,True,True,44,18.6,3.9,4,4,10.8,496.29,1,6.207160433287035,1.7626197870713454,3,0.1018
USA,Mobile,Bachelor,Silver,True,False,True,30,3.7,3.1,6,1,23.5,494.2,0,6.2029402935545095,1.6149595811994066,0,0.3466
USA,Desktop,Bachelor,Gold,True,False,False,32,8.5,4.1,6,3,5.2,1088.96,0,6.9929783913125405,1.7963629745483078,0,0.3466
USA,Desktop,High School,Gold,True,True,True,33,1.0,4.3,4,2,10.7,905.44,0,6.808421013394214,1.829004627509825,1,0.3006
UK,Desktop,High School,Silver,True,True,False,61,4.7,4.0,3,5,20.3,1164.98,1,7.060459198470466,1.7796336993958102,1,0.3006
France,Desktop,High School,Gold,True,True,False,46,21.6,3.4,1,3,25.4,1096.6,1,6.999969762969948,1.672916754755899,1,0.3006
Germany,Mobile,High School,Bronze,True,True,True,61,26.3,3.0,5,2,25.7,1217.37,1,7.104448073075065,1.5948692441471295,1,0.3006
UK,Tablet,High School,Silver,True,True,False,48,4.9,3.7,4,4,10.1,400.26,0,5.992114335949479,1.727698115361634,1,0.3006
France,Mobile,High School,Bronze,True,False,True,37,9.4,4.0,4,4,12.6,342.36,1,5.835862815013409,1.7796336993958102,1,0.3006
USA,Desktop,High School,Gold,True,False,False,26,12.4,4.3,6,3,7.9,597.36,0,6.392519946727447,1.829004627509825,1,0.3006
UK,Tablet,PhD,Bronze,True,True,False,40,28.9,3.6,9,1,18.6,693.32,0,6.54149165307311,1.7097690490891824,3,0.1018
UK,Mobile,High School,Gold,True,True,True,37,41.4,4.4,6,3,11.2,1048.74,1,6.95534472257505,1.844934404062263,1,0.3006
Germany,Tablet,Master,Bronze,True,False,True,37,13.8,3.3,6,7,27.8,3190.17,0,8.067829485894997,1.6539684852930463,2,0.251
Brazil,Mobile,High School,Gold,True,True,False,102,9.9,4.7,7,3,10.5,198342.20219583125,0,12.197749111813655,1.891255528483568,1,0.3006
USA,Desktop,PhD,Bronze,True,True,False,18,3.8,3.6,5,1,20.3,622.18,0,6.433229439941764,1.7097690490891824,3,0.1018
Germany,Desktop,Master,Silver,True,True,True,53,13.3,4.4,4,1,20.0,3105.67,1,8.040984752088598,1.844934404062263,2,0.251
France,Mobile,Master,Silver,True,False,False,37,64.1,3.2,12,1,14.8,1619.15,1,7.389656599169726,1.6346542330120937,2,0.251
USA,Desktop,Master,Bronze,True,False,False,21,34.2,3.8,7,5,0.6,523.5,0,6.260537030310592,1.74531138386547,2,0.251
France,Desktop,High School,Silver,True,True,True,44,14.0,4.1,5,6,8.8,7724.85,1,8.952197684101696,1.7963629745483078,1,0.3006
USA,Mobile,PhD,Platinum,True,True,False,28,15.5,4.9,8,2,21.2,1131.54,0,7.031334815752329,1.920985627295474,3,0.1018
USA,Mobile,Master,Bronze,True,True,True,45,7.0,2.9,4,2,12.3,4317.41,1,8.370410964406924,1.574366995878342,2,0.251
Canada,Mobile,Master,Platinum,True,True,True,49,9.2,3.6,6,1,2.1,2352.87,1,7.763391138582317,1.7097690490891824,2,0.251
Canada,Desktop,Master,Silver,True,True,True,50,13.7,4.1,4,2,26.9,262.58,1,5.570555797505964,1.7963629745483078,2,0.251
India,Desktop,Bachelor,Gold,True,True,False,36,13.7,3.8,5,4,17.6,100.34,1,4.608564419056107,1.74531138386547,0,0.3466
UK,Mobile,Master,Bronze,True,False,True,33,27.3,4.4,9,2,2.5,9930.97,0,9.203413436054973,1.844934404062263,2,0.251
USA,Tablet,High School,Silver,True,True,False,30,26.3,3.9,4,3,1.4,1570.57,0,7.359193889777831,1.7626197870713454,1,0.3006
Japan,Mobile,Bachelor,Gold,True,True,False,29,18.5,3.6,3,4,2.9,831.11,1,6.7227621567330145,1.7097690490891824,0,0.3466
Germany,Tablet,High School,Silver,True,True,False,38,5.5,3.5,6,2,30.0,1299.8,0,7.169965685460248,1.691512653766797,1,0.3006
USA,Mobile,PhD,Silver,True,True,False,35,5.6,3.7,8,1,8.5,1573.37,1,7.360975094724678,1.727698115361634,3,0.1018
Germany,Mobile,High School,Bronze,True,True,False,28,6.0,3.3,5,5,21.1,392.18,0,5.97172091807137,1.6539684852930463,1,0.3006
USA,Desktop,High School,Bronze,True,True,False,24,14.7,4.2,5,3,5.0,428.67,0,6.0606873921489886,1.8128169798052736,1,0.3006
Australia,Mobile,Bachelor,Silver,True,False,False,37,2.4,4.1,10,0,7.8,1651.24,0,7.409281799800029,1.7963629745483078,0,0.3466
UK,Mobile,Master,Gold,True,False,False,33,12.1,4.6,8,4,0.2,125.64,0,4.833420674670446,1.876052317839795,2,0.251
Japan,Mobile,Bachelor,Silver,True,False,True,24,37.6,4.2,3,2,25.7,1920.86,0,7.560528281403768,1.8128169798052736,0,0.3466
UK,Mobile,High School,Bronze,True,False,False,48,20.8,4.3,10,2,29.8,731.01,0,6.59442713954677,1.829004627509825,1,0.3006
France,Mobile,High School,Silver,True,True,True,59,9.2,4.4,11,4,11.3,1868.28,1,7.532773500489584,1.844934404062263,1,0.3006
France,Desktop,Master,Bronze,True,False,False,50,7.0,4.8,6,3,6.4,1096.86,1,7.0002068313470485,1.9062310586677143,2,0.251
USA,Mobile,PhD,Silver,True,True,True,29,23.2,4.5,9,3,4.9,576.44,0,6.356871257970161,1.860614396637471,3,0.1018
Canada,Desktop,Master,Gold,True,True,False,37,15.6,3.1,2,4,7.8,1887.46,0,7.542987288845645,1.6149595811994066,2,0.251
Brazil,Mobile,Bachelor,Gold,True,True,True,56,10.0,4.2,6,4,11.5,2965.1,1,7.994666037675906,1.8128169798052736,0,0.3466
Australia,Desktop,PhD,Bronze,True,True,False,24,7.6,4.7,8,3,21.7,1093.84,1,6.9974497200008265,1.891255528483568,3,0.1018
Australia,Desktop,Bachelor,Gold,True,False,True,47,13.0,3.8,5,3,21.3,263.77,0,5.57507751129926,1.74531138386547,0,0.3466
France,Desktop,Bachelor,Silver,True,True,False,21,9.6,3.2,8,3,15.4,603.4,0,6.40258032672496,1.6346542330120937,0,0.3466
Australia,Mobile,Bachelor,Gold,True,False,True,58,22.8,3.1,6,0,11.9,1339.22,1,7.199842633912823,1.6149595811994066,0,0.3466
USA,Desktop,Bachelor,Bronze,True,True,True,33,32.9,3.8,8,1,15.3,1825.01,0,7.509340745453635,1.74531138386547,0,0.3466
USA,Desktop,Master,Silver,True,False,False,65,4.1,4.3,6,3,16.9,561.31,1,6.33027333757424,1.829004627509825,2,0.251
USA,Mobile,Bachelor,Bronze,True,True,False,59,4.6,3.7,5,0,18.4,1678.75,1,7.425804747837447,1.727698115361634,0,0.3466
UK,Desktop,Bachelor,Silver,True,False,True,37,35.8,4.3,4,2,19.6,5980.88,1,8.696322993308756,1.829004627509825,0,0.3466
UK,Tablet,High School,Bronze,True,False,False,29,13.9,4.5,5,2,19.4,378.01,0,5.934920650296115,1.860614396637471,1,0.3006
UK,Tablet,High School,Bronze,True,True,False,40,4.9,2.7,7,3,6.3,2022.34,1,7.612010535790923,1.5320566796070851,1,0.3006
India,Mobile,Bachelor,Bronze,True,True,True,36,26.8,2.7,4,3,14.4,3074.36,1,8.030852028497247,1.5320566796070851,0,0.3466
UK,Desktop,High School,Bronze,True,False,False,33,16.0,2.7,8,1,10.1,1959.99,1,7.580694650170731,1.5320566796070851,1,0.3006
UK,Mobile,High School,Bronze,True,True,True,18,71.0,4.4,6,1,17.9,4147.24,0,8.330198331733117,1.844934404062263,1,0.3006
France,Desktop,Master,Silver,True,False,False,32,10.1,4.5,4,3,15.0,1321.41,1,7.186454627298344,1.860614396637471,2,0.251
USA,Mobile,Master,Bronze,True,True,False,25,29.6,2.9,4,6,6.0,316.92,1,5.758649376097042,1.574366995878342,2,0.251
India,Desktop,Master,Silver,True,True,False,45,3.8,2.3,6,3,20.4,829.32,1,6.720606087891303,1.4416544924686217,2,0.251
USA,Tablet,Bachelor,Bronze,True,True,True,50,37.2,3.8,5,1,0.6,255.24,1,5.5422042790001464,1.74531138386547,0,0.3466
Spain,Desktop,Master,Platinum,True,True,True,47,25.9,2.3,4,2,9.4,1140.51,1,7.039230809770177,1.4416544924686217,2,0.251
Brazil,Mobile,PhD,Platinum,True,False,False,42,44.0,3.1,5,1,23.5,760.25,0,6.633647326557474,1.6149595811994066,3,0.1018
USA,Mobile,Master,Bronze,True,False,False,28,29.6,3.9,8,1,23.0,3179.44,0,8.064460359637755,1.7626197870713454,2,0.251
USA,Mobile,Bachelor,Silver,True,True,False,40,11.3,4.3,6,4,28.5,791.9,1,6.674435121216367,1.829004627509825,0,0.3466
India,Desktop,Bachelor,Bronze,True,False,True,48,4.8,4.0,5,2,17.6,1055.42,1,6.961694070953092,1.7796336993958102,0,0.3466
Japan,Tablet,PhD,Platinum,True,True,False,31,7.5,3.7,9,5,14.4,4059.27,0,8.308758433473624,1.727698115361634,3,0.1018
Brazil,Mobile,High School,Silver,True,True,False,39,3.0,3.3,15,1,20.0,222.12,0,5.403217776373406,1.6539684852930463,1,0.3006
Brazil,Mobile,High School,Bronze,True,True,False,36,5.8,4.3,3,1,25.3,4870.48,1,8.490947773847996,1.829004627509825,1,0.3006
USA,Desktop,Bachelor,Bronze,True,True,False,58,17.1,3.2,7,3,18.0,973.33,1,6.880723181930819,1.6346542330120937,0,0.3466
UK,Mobile,High School,Bronze,True,True,False,48,11.7,4.8,5,2,22.3,742.17,1,6.6095783274377045,1.9062310586677143,1,0.3006
USA,Desktop,PhD,Bronze,True,True,False,45,10.2,4.0,4,4,9.4,671.37,0,6.509320400795173,1.7796336993958102,3,0.1018
India,Desktop,Bachelor,Silver,True,True,True,18,6.5,4.6,5,2,9.8,674.27,0,6.513630624167974,1.876052317839795,0,0.3466
Japan,Desktop,Bachelor,Silver,True,True,True,40,3.0,4.4,13,4,2.1,3583.0,1,8.183955717304954,1.844934404062263,0,0.3466
UK,Mobile,Master,Bronze,True,True,True,36,14.1,3.8,7,0,8.1,877.47,0,6.777042766721409,1.74531138386547,2,0.251
USA,Desktop,Bachelor,Bronze,True,True,False,36,16.5,4.5,10,2,14.7,899.68,1,6.802039144543891,1.860614396637471,0,0.3466
UK,Desktop,High School,Bronze,True,True,False,19,567.5541303307765,4.0,4,2,19.9,598.69,1,6.394743934935624,1.7796336993958102,1,0.3006
UK,Mobile,Bachelor,Bronze,True,True,False,25,8.0,4.3,3,4,16.4,1175.83,0,7.069729560185953,1.829004627509825,0,0.3466
Brazil,Mobile,Master,Gold,True,True,True,37,41.8,3.7,5,1,21.6,763.46,1,6.637860732978474,1.727698115361634,2,0.251
Japan,Desktop,Bachelor,Bronze,True,True,False,51,30.8,0.0651522605022898,3,5,13.6,550.58,1,6.310972268038603,0.6895592350138614,0,0.3466
Australia,Mobile,Master,Silver,True,True,True,31,3.7,4.4,4,4,15.4,1328.76,0,7.192001455498017,1.844934404062263,2,0.251
Germany,Desktop,High School,Bronze,True,True,False,33,11.4,3.4,6,7,14.0,1685.34,1,7.4297226028469625,1.672916754755899,1,0.3006
USA,Desktop,High School,Bronze,True,True,True,59,39.0,3.8,8,1,18.0,167.93,0,5.123547225906917,1.74531138386547,1,0.3006
Japan,Desktop,High School,Silver,True,True,True,34,10.2,3.5,5,3,10.2,1159.44,1,7.055692408914261,1.691512653766797,1,0.3006
Brazil,Mobile,Bachelor,Silver,True,True,False,36,9.8,2.8,6,1,18.4,855.06,1,6.751171641913175,1.5534355914115192,0,0.3466
France,Desktop,Master,Silver,True,False,True,37,29.2,3.1,1,4,12.2,1278.69,0,7.153591395343906,1.6149595811994066,2,0.251
Brazil,Desktop,Master,Silver,True,True,True,22,26.8,4.6,4,3,18.0,3030.71,0,8.01655219448631,1.876052317839795,2,0.251
Germany,Desktop,Bachelor,Silver,True,False,True,45,25.7,4.1,7,4,10.3,2661.41,1,7.886611336523489,1.7963629745483078,0,0.3466
France,Mobile,Bachelor,Bronze,True,True,True,30,9.9,4.3,9,1,4.9,3594.28,0,8.18709897193268,1.829004627509825,0,0.3466
Germany,Desktop,Master,Silver,True,True,False,38,20.7,4.0,8,3,5.8,1003.49,1,6.911239203064668,1.7796336993958102,2,0.251
USA,Desktop,High School,Silver,True,True,True,43,40.3,3.3,4,2,4.3,771.17,1,6.647908842124758,1.6539684852930463,1,0.3006
USA,Desktop,High School,Bronze,True,True,True,61,11.7,4.8,8,2,4.8,1432.76,1,7.267357932992204,1.9062310586677143,1,0.3006
USA,Desktop,PhD,Silver,True,False,False,22,8.8,3.8,7,3,18.6,1829.99,0,7.512065781339662,1.74531138386547,3,0.1018
Japan,Mobile,Bachelor,Bronze,True,True,False,48,32.6,4.1,5,4,26.4,1293.14,1,7.1648286482392,1.7963629745483078,0,0.3466
UK,Mobile,PhD,Bronze,True,True,False,48,62.6,4.0,2,1,26.5,176.14,1,5.171279133377313,1.7796336993958102,3,0.1018
Germany,Desktop,Bachelor,Silver,True,False,False,30,66.2,4.6,5,2,21.9,631.18,0,6.447591083351589,1.876052317839795,0,0.3466
Australia,Desktop,Master,Gold,True,True,True,45,9.0,4.8,3,3,16.3,2657.77,0,7.885242704302662,1.9062310586677143,2,0.251
USA,Desktop,High School,Gold,True,True,False,58,9.8,4.8,7,2,13.9,2757.75,1,7.922170408849491,1.9062310586677143,1,0.3006
Germany,Desktop,High School,Bronze,True,False,False,29,5.3,4.2,9,3,3.8,1386.68,0,7.234667679925587,1.8128169798052736,1,0.3006
Brazil,Desktop,Bachelor,Silver,True,True,False,41,13.4,3.0,7,2,6.0,1176.76,1,7.070520178226873,1.5948692441471295,0,0.3466
USA,Mobile,Bachelor,Silver,True,True,False,43,5.2,4.8,7,7,28.2,516.18,0,6.2464555418613115,1.9062310586677143,0,0.3466
USA,Tablet,High School,Bronze,True,False,False,44,8.0,3.2,5,4,9.6,1094.24,1,6.997815337349786,1.6346542330120937,1,0.3006
UK,Tablet,High School,Gold,True,True,False,47,21.3,3.7,10,1,17.7,1898.58,1,7.548861517314473,1.727698115361634,1,0.3006
USA,Tablet,High School,Gold,True,True,False,40,16.6,4.4,8,9,18.5,4262.62,0,8.357639273688166,1.844934404062263,1,0.3006
Australia,Mobile,Master,Platinum,True,False,True,44,2.9,3.8,5,1,6.5,478.2,0,6.170029055024225,1.74531138386547,2,0.251
India,Mobile,Bachelor,Bronze,True,True,False,27,42.8,4.1,6,3,22.8,2262.91,0,7.724406874626155,1.7963629745483078,0,0.3466
Japan,Desktop,High School,Bronze,True,False,False,40,5.1,4.9,7,6,2.9,3175.57,0,8.063242422772703,1.920985627295474,1,0.3006
India,Mobile,High School,Gold,True,True,False,32,5.6,2.9,8,0,8.1,629.93,0,6.44560870210117,1.574366995878342,1,0.3006
India,Mobile,High School,Silver,True,False,False,23,4.5,3.8,2,3,16.7,1436.57,0,7.27001360678309,1.74531138386547,1,0.3006
USA,Mobile,Bachelor,Gold,True,False,False,32,7.2,4.2,5,0,14.6,191.73,0,5.2560881323303,1.8128169798052736,0,0.3466
Australia,Mobile,High School,Bronze,True,True,False,41,5.9,4.2,4,2,22.0,1379.34,1,7.229360402878478,1.8128169798052736,1,0.3006
France,Desktop,Master,Silver,True,True,False,43,6.1,4.6,7,0,28.8,1619.12,0,7.38963807075795,1.876052317839795,2,0.251
India,Desktop,High School,Silver,True,False,False,23,1.7,4.5,7,0,7.4,523.71,1,6.260938096004798,1.860614396637471,1,0.3006
Australia,Tablet,High School,Bronze,True,True,False,27,13.5,4.5,5,3,1.1,733.56,0,6.597909393828634,1.860614396637471,1,0.3006
UK,Desktop,Master,Silver,True,True,True,47,14.7,2.8,8,2,9.9,3234.75,1,8.081706924196062,1.5534355914115192,2,0.251
USA,Mobile,Master,Silver,True,True,False,44,73.4,4.5,11,1,24.7,718.23,1,6.576789852013997,1.860614396637471,2,0.251
USA,Tablet,High School,Bronze,True,True,True,49,18.0,4.4,4,4,22.1,1609.32,1,7.383567008510849,1.844934404062263,1,0.3006
Germany,Mobile,Master,Bronze,True,True,True,54,8.2,-0.6904505725334742,8,3,15.4,119.14,0,4.7802992722005415,0.21287835103986116,2,0.251
India,Mobile,Bachelor,Silver,True,True,True,44,4.7,4.1,7,3,13.5,535.08,0,6.282416268427386,1.7963629745483078,0,0.3466
India,Desktop,Master,Silver,True,True,False,33,11.3,4.8,7,1,11.4,3488.35,0,8.157184124031442,1.9062310586677143,2,0.251
USA,Desktop,Bachelor,Gold,True,False,True,39,17.4,3.7,7,4,6.4,1665.59,1,7.417934694000222,1.727698115361634,0,0.3466
Germany,Tablet,Master,Bronze,True,False,False,58,8.1,4.0,7,3,10.2,2721.38,1,7.908894383571232,1.7796336993958102,2,0.251
Germany,Mobile,PhD,Bronze,True,True,False,71,12.8,4.5,13,3,5.8,993.62,1,6.901354839801109,1.860614396637471,3,0.1018
USA,Mobile,High School,Platinum,True,True,False,44,55.6,2.8,3,6,2.0,623.81,1,6.435845834824307,1.5534355914115192,1,0.3006
USA,Desktop,Bachelor,Platinum,True,True,True,44,9.0,4.0,3,0,26.6,2800.54,1,7.937567534711604,1.7796336993958102,0,0.3466
UK,Desktop,Bachelor,Bronze,True,True,False,47,2.7,4.5,8,0,7.3,2746.45,1,7.918064447628796,1.860614396637471,0,0.3466
Canada,Tablet,High School,Gold,True,False,True,38,24.5,4.2,3,5,2.9,1241.87,0,7.12437358712787,1.8128169798052736,1,0.3006
UK,Desktop,High School,Bronze,True,False,False,52,15.7,3.7,5,3,15.0,1749.77,0,7.46723962970864,1.727698115361634,1,0.3006
Germany,Mobile,High School,Bronze,True,True,True,50,3.1,4.3,6,2,7.5,1568.22,1,7.357696497190819,1.829004627509825,1,0.3006
Japan,Desktop,Bachelor,Bronze,True,True,True,42,17.2,3.4,5,2,12.1,2061.28,0,7.631082428043214,1.672916754755899,0,0.3466
UK,Mobile,Bachelor,Bronze,True,True,True,34,5.5,4.5,2,2,28.9,500.71,0,6.216027091175606,1.860614396637471,0,0.3466
Canada,Tablet,Bachelor,Gold,True,True,False,20,17.3,4.5,6,1,5.6,1798.82,0,7.494886173358202,1.860614396637471,0,0.3466
Canada,Mobile,High School,Gold,True,False,True,47,56.0,4.2,9,5,9.3,1078.77,1,6.9835767822026,1.8128169798052736,1,0.3006
UK,Desktop,Bachelor,Platinum,True,True,True,41,10.6,3.9,6,5,15.4,2901.35,0,7.972931424896409,1.7626197870713454,0,0.3466
Germany,Mobile,PhD,Gold,True,True,False,29,29.0,3.4,4,6,12.8,1219.48,0,7.106179817357489,1.672916754755899,3,0.1018
UK,Mobile,Bachelor,Silver,True,True,False,24,4.6,3.9,7,4,3.0,1664.39,1,7.417213968919625,1.7626197870713454,0,0.3466
UK,Desktop,Bachelor,Silver,True,False,True,46,3.6,4.0,7,3,22.3,1188.16,0,7.080161170988715,1.7796336993958102,0,0.3466
USA,Tablet,Master,Platinum,True,False,False,19,61.2,3.8,5,2,14.1,349.06,0,5.8552438271966905,1.74531138386547,2,0.251
France,Mobile,Master,Gold,True,False,True,42,15.6,4.0,7,2,7.8,1688.24,1,7.431441845144057,1.7796336993958102,2,0.251
Germany,Tablet,Bachelor,Gold,True,True,False,48,20.3,5.0,5,2,23.1,372.66,1,5.920666475799266,1.9355256601749082,0,0.3466
USA,Mobile,Master,Platinum,True,False,False,45,30.6,4.3,7,4,11.5,2679.07,0,7.893224998355917,1.829004627509825,2,0.251
UK,Desktop,Bachelor,Bronze,True,False,False,33,8.0,3.2,8,1,9.5,1802.85,1,7.497124025066907,1.6346542330120937,0,0.3466
Australia,Desktop,Master,Gold,True,True,False,23,23.6,3.6,7,0,22.6,674.73,1,6.51431261085119,1.7097690490891824,2,0.251
USA,Desktop,High School,Gold,True,True,False,45,20.9,4.3,1,2,3.3,410.88,1,6.018301201061542,1.829004627509825,1,0.3006
USA,Tablet,High School,Platinum,True,True,True,52,4.3,4.3,5,1,27.3,951.25,1,6.857776909175896,1.829004627509825,1,0.3006
Germany,Mobile,High School,Bronze,True,True,False,31,40.9,3.2,14,5,1.4,1004.9,1,6.912643313054913,1.6346542330120937,1,0.3006
Spain,Mobile,Master,Silver,True,True,True,44,34.7,3.4,4,5,4.2,1388.58,0,7.236036921219625,1.672916754755899,2,0.251
USA,Desktop,Bachelor,Silver,True,True,True,57,4.4,3.4,4,2,7.0,146.94,0,4.990024340192131,1.672916754755899,0,0.3466
Japan,Desktop,High School,Bronze,True,True,False,42,14.3,4.6,9,2,20.3,725.1,1,6.586309576377547,1.876052317839795,1,0.3006
Brazil,Mobile,High School,Silver,True,False,False,33,10.1,2.7,5,3,20.6,1641.28,1,7.403231704200904,1.5320566796070851,1,0.3006
USA,Mobile,PhD,Bronze,True,True,False,50,37.9,4.3,6,4,29.9,254.98,1,5.541185110709976,1.829004627509825,3,0.1018
Brazil,Desktop,Master,Bronze,True,True,False,29,3.9,4.3,8,3,16.4,1019.47,0,6.927038163392242,1.829004627509825,2,0.251
UK,Mobile,Bachelor,Silver,True,True,False,22,120.0,2.8,4,4,24.9,1873.8,1,7.535723733517088,1.5534355914115192,0,0.3466
Japan,Desktop,Bachelor,Silver,True,True,False,48,10.6,3.4,4,3,13.6,690.87,1,6.537951672928035,1.672916754755899,0,0.3466
Japan,Desktop,Bachelor,Silver,True,True,True,33,22.0,3.6,4,3,19.3,1159.04,1,7.055347355254994,1.7097690490891824,0,0.3466
France,Mobile,Bachelor,Silver,True,False,False,144,37.0,4.2,6,0,1.8,614.31,0,6.420499686728578,1.8128169798052736,0,0.3466
USA,Desktop,PhD,Bronze,True,True,False,30,10.4,2.4,7,1,24.7,1618.97,0,7.3895454235491895,1.4650326891622956,3,0.1018
India,Tablet,High School,Bronze,True,True,True,32,11.1,3.8,5,4,19.5,1547.51,0,7.344402466573413,1.74531138386547,1,0.3006
UK,Desktop,Bachelor,Bronze,True,True,True,55,8.1,4.2,7,4,18.9,869.37,1,6.767768811403081,1.8128169798052736,0,0.3466
USA,Desktop,Bachelor,Bronze,True,False,True,58,6.0,4.8,6,1,6.6,173.01,0,5.153349396295431,1.9062310586677143,0,0.3466
USA,Desktop,Bachelor,Silver,True,True,True,60,15.1,4.9,5,1,12.1,451.53,1,6.112641815832381,1.920985627295474,0,0.3466
France,Mobile,Bachelor,Gold,True,False,False,51,10.9,4.6,6,1,6.9,3874.17,1,8.262086725296346,1.876052317839795,0,0.3466
Japan,Desktop,Bachelor,Bronze,True,False,True,44,8.1,2.9,5,1,21.1,112.01,0,4.718588153023648,1.574366995878342,0,0.3466
USA,Mobile,High School,Bronze,True,False,True,21,8.5,4.7,9,2,29.9,2487.6,0,7.819073669229734,1.891255528483568,1,0.3006
Germany,Desktop,Bachelor,Gold,True,False,False,36,19.3,3.7,8,5,5.8,832.82,0,6.7248175323822315,1.727698115361634,0,0.3466
USA,Desktop,High School,Bronze,True,True,False,64,6.4,4.4,6,1,3.7,1439.66,0,7.272162253580318,1.844934404062263,1,0.3006
Japan,Desktop,High School,Platinum,True,True,False,33,10.0,4.2,7,2,10.1,1280.71,1,7.1551698906314165,1.8128169798052736,1,0.3006
USA,Mobile,High School,Gold,True,True,False,56,25.0,4.8,7,3,15.1,1380.19,1,7.22997644983349,1.9062310586677143,1,0.3006
Japan,Tablet,Master,Bronze,True,True,False,39,14.8,2.5,13,2,21.1,1480.38,1,7.300054090558542,1.487876807789161,2,0.251
UK,Desktop,Bachelor,Bronze,True,True,True,18,5.3,2.6,8,0,14.9,1022.95,1,6.930445888901835,1.5102107064924273,0,0.3466
Australia,Mobile,Bachelor,Silver,True,True,False,46,12.0,4.6,6,2,29.6,972.54,1,6.879911205752139,1.876052317839795,0,0.3466
USA,Tablet,Master,Bronze,True,True,False,53,17.3,4.3,7,3,22.2,9635.81,0,9.173241645815168,1.829004627509825,2,0.251
UK,Desktop,Master,Bronze,True,True,False,37,26.9,4.0,8,4,5.6,967.97,0,6.8752010950607865,1.7796336993958102,2,0.251
USA,Mobile,Bachelor,Bronze,True,True,True,53,6.7,4.5,8,4,8.8,1244.97,1,7.126866712222943,1.860614396637471,0,0.3466
Australia,Desktop,Bachelor,Gold,True,True,False,18,7.8,4.7,4,3,24.1,1589.46,0,7.371149614887937,1.891255528483568,0,0.3466
India,Tablet,Bachelor,Silver,True,True,False,21,7.0,3.7,7,3,26.3,905.24,1,6.808200101912545,1.727698115361634,0,0.3466
UK,Mobile,Bachelor,Bronze,True,True,True,40,7.3,3.8,6,3,15.9,583.12,1,6.368392997073958,1.74531138386547,0,0.3466
Japan,Tablet,Bachelor,Silver,True,True,False,44,16.8,3.2,4,2,13.5,996.56,1,6.904309348577837,1.6346542330120937,0,0.3466
India,Mobile,Master,Silver,True,True,False,54,19.6,2.8,6,1,4.6,1443.59,0,7.274888345618013,1.5534355914115192,2,0.251
France,Desktop,Master,Silver,True,True,False,46,28.2,4.6,5,2,7.4,2060.29,1,7.630602028574546,1.876052317839795,2,0.251
France,Tablet,High School,Bronze,True,True,True,24,11.3,3.0,7,2,21.1,2043.49,0,7.622414409427396,1.5948692441471295,1,0.3006
USA,Desktop,High School,Silver,True,True,True,41,4.0,4.3,9,1,1.5,264.07,1,5.576214219515017,1.829004627509825,1,0.3006
USA,Desktop,Bachelor,Platinum,True,True,False,45,20.8,3.2,8,2,18.2,1009.99,1,6.917695708796191,1.6346542330120937,0,0.3466
Australia,Mobile,Bachelor,Bronze,True,True,False,18,13.8,4.1,2,2,6.8,368.91,1,5.910552711852466,1.7963629745483078,0,0.3466
Australia,Mobile,High School,Bronze,True,False,True,37,12.8,4.6,6,3,6.7,362.01,1,5.891671835753619,1.876052317839795,1,0.3006
Japan,Tablet,Master,Bronze,True,False,True,34,4.4,3.8,9,1,12.6,277.28,1,5.625027825967296,1.74531138386547,2,0.251
UK,Desktop,High School,Bronze,True,True,True,30,10.4,4.7,8,2,13.6,3367.12,0,8.121813058561624,1.891255528483568,1,0.3006
UK,Mobile,PhD,Bronze,True,True,True,44,4.7,3.1,5,1,19.5,758.82,0,6.63176459511994,1.6149595811994066,3,0.1018
Brazil,Mobile,Master,Gold,True,False,False,24,17.9,4.9,7,2,4.5,2350.4,0,7.762340805419613,1.920985627295474,2,0.251
Australia,Desktop,Master,Platinum,True,False,True,43,8.6,3.9,5,2,10.3,3340.2,1,8.113785964417517,1.7626197870713454,2,0.251
Australia,Desktop,High School,Bronze,True,True,True,45,8.0,4.4,4,2,4.8,190.82,0,5.2513305753237,1.844934404062263,1,0.3006
Brazil,Desktop,High School,Silver,True,True,True,51,3.6,4.0,3,3,15.9,1302.63,1,7.17214057670845,1.7796336993958102,1,0.3006
Japan,Desktop,Bachelor,Silver,True,True,True,25,27.7,3.8,4,2,5.8,143.48,0,4.966195652664082,1.74531138386547,0,0.3466
USA,Tablet,High School,Silver,True,True,False,20,9.9,4.3,4,1,26.4,4360.31,0,8.38029843473296,1.829004627509825,1,0.3006
USA,Mobile,Bachelor,Silver,True,True,True,41,13.1,3.5,6,1,1.7,1216.43,1,7.103675618438907,1.691512653766797,0,0.3466
Australia,Mobile,Bachelor,Bronze,True,False,True,35,6.8,4.5,7,4,17.0,1612.01,0,7.385237126521278,1.860614396637471,0,0.3466
France,Tablet,High School,Silver,True,True,True,73,3.3,3.7,4,1,21.2,973.19,1,6.880579335476386,1.727698115361634,1,0.3006
USA,Desktop,High School,Silver,True,False,False,44,8.0,4.2,6,3,26.9,772.38,0,6.649476656899598,1.8128169798052736,1,0.3006
USA,Mobile,Master,Gold,True,True,True,39,9.1,4.8,10,4,7.4,682.97,0,6.526450934740809,1.9062310586677143,2,0.251
Japan,Desktop,High School,Gold,True,False,True,36,15.4,3.4,7,3,20.3,1865.0,0,7.5310163320779155,1.672916754755899,1,0.3006
USA,Tablet,High School,Bronze,True,True,False,23,9.2,4.3,3,1,21.3,3657.92,0,8.204649958837413,1.829004627509825,1,0.3006
USA,Desktop,Bachelor,Bronze,True,True,True,45,6.9,4.4,5,1,17.3,1130.6,1,7.03050374424119,1.844934404062263,0,0.3466
France,Tablet,PhD,Platinum,True,True,True,37,3.7,3.5,11,5,25.5,1112.04,0,7.0139514453866,1.691512653766797,3,0.1018
Japan,Desktop,Bachelor,Silver,True,False,False,37,12.7,4.7,3,5,13.7,2297.78,1,7.739698718403667,1.891255528483568,0,0.3466
Japan,Desktop,High School,Gold,True,False,False,39,6.4,3.0,3,3,21.4,5411.46,0,8.596274206041986,1.5948692441471295,1,0.3006
USA,Mobile,Bachelor,Bronze,True,True,False,41,35.0,3.7,3,2,5.5,1534.24,0,7.3357904234053715,1.727698115361634,0,0.3466
Japan,Desktop,PhD,Silver,True,False,False,18,13.7,4.3,9,3,29.1,205.16,0,5.3237901625210675,1.829004627509825,3,0.1018
USA,Mobile,Master,Silver,True,False,False,48,19.1,4.0,7,2,18.5,440.81,1,6.088613943606789,1.7796336993958102,2,0.251
UK,Desktop,Bachelor,Gold,True,True,False,28,10.0,3.8,4,2,22.0,274.35,0,5.614404663504985,1.74531138386547,0,0.3466
Brazil,Mobile,Bachelor,Bronze,True,True,False,36,14.3,4.0,8,4,9.0,1029.82,0,6.937139308670295,1.7796336993958102,0,0.3466
Japan,Desktop,Bachelor,Bronze,True,False,False,53,6.0,3.4,14,4,12.7,184.88,0,5.219706965966125,1.672916754755899,0,0.3466
India,Desktop,High School,Silver,True,True,False,59,4.7,3.4,7,1,5.3,954.44,0,6.8611247810538245,1.672916754755899,1,0.3006
Japan,Desktop,Master,Gold,True,True,True,18,12.3,4.3,9,2,28.5,4524.16,0,8.417187203542534,1.829004627509825,2,0.251
France,Mobile,Master,Platinum,True,True,False,38,19.2,3.1,9,6,27.2,1004.01,0,6.911757260361435,1.6149595811994066,2,0.251
USA,Desktop,PhD,Platinum,True,False,True,41,2.6,4.6,7,4,4.5,378.45,1,5.936083963755176,1.876052317839795,3,0.1018
UK,Desktop,High School,Platinum,True,True,False,135,8.2,4.2,7,3,7.4,1179.82,0,7.073117163451058,1.8128169798052736,1,0.3006
UK,Desktop,High School,Bronze,True,True,False,48,53.2,4.1,4,2,16.0,748.36,0,6.617884145617218,1.7963629745483078,1,0.3006
USA,Desktop,Bachelor,Bronze,True,True,False,39,17.9,3.6,4,3,3.6,264.83,1,5.57908811069704,1.7097690490891824,0,0.3466
Canada,Mobile,Master,Bronze,True,True,True,40,41.7,3.4,4,2,17.5,511.0,0,6.236369590203704,1.672916754755899,2,0.251
UK,Tablet,Master,Bronze,True,True,True,27,7.3,3.5,5,4,8.0,1233.32,0,7.117464999094958,1.691512653766797,2,0.251
Australia,Desktop,High School,Gold,True,True,True,43,8.4,4.1,6,2,19.2,1698.71,1,7.437624418462591,1.7963629745483078,1,0.3006
Japan,Mobile,High School,Gold,True,True,False,48,26.4,4.9,4,2,2.4,1102.86,1,7.005662084633728,1.920985627295474,1,0.3006
Brazil,Mobile,Bachelor,Bronze,True,True,True,40,20.1,4.4,6,3,4.9,2110.01,0,7.654447965795375,1.844934404062263,0,0.3466
Germany,Desktop,Bachelor,Silver,True,False,False,32,11.3,4.4,7,2,15.8,1821.39,0,7.507355224836446,1.844934404062263,0,0.3466
France,Mobile,Master,Platinum,True,False,True,33,4.4,4.5,6,0,20.9,1295.26,1,7.166466726182369,1.860614396637471,2,0.251
Germany,Desktop,Bachelor,Silver,True,True,False,41,30.7,1.9,7,0,17.5,702.48,1,6.55461693105174,1.3422601050930534,0,0.3466
USA,Mobile,Master,Bronze,True,True,False,39,90.8,2.2,4,2,9.4,1152.12,0,7.049359002497533,1.4177166459929065,2,0.251
Brazil,Desktop,Bachelor,Silver,True,True,False,49,3.5,4.6,5,1,17.5,373.23,0,5.92219485159451,1.876052317839795,0,0.3466
UK,Mobile,Master,Bronze,True,True,True,32,37.4,3.2,1,3,8.2,1805.49,1,7.4985873020702165,1.6346542330120937,2,0.251
USA,Mobile,Bachelor,Silver,True,True,False,23,8.4,3.1,6,1,28.8,576.09,0,6.356263898490131,1.6149595811994066,0,0.3466
Japan,Desktop,Master,Silver,True,False,False,42,9.3,4.6,6,0,4.8,722.36,0,6.582523629584142,1.876052317839795,2,0.251
USA,Desktop,High School,Bronze,True,True,False,32,15.1,2.5,6,1,18.3,503.93,1,6.222437369536525,1.487876807789161,1,0.3006
Canada,Tablet,Bachelor,Platinum,True,True,True,47,4.6,4.3,5,2,13.8,925.85,0,6.830712234483825,1.829004627509825,0,0.3466
Canada,Desktop,High School,Silver,True,True,False,38,11.8,4.1,8,6,10.3,278.99,1,5.631175938885108,1.7963629745483078,1,0.3006
Australia,Mobile,Bachelor,Silver,True,False,True,46,3.4,3.2,13,2,14.8,412.72,0,6.022769396936394,1.6346542330120937,0,0.3466
UK,Tablet,Bachelor,Platinum,True,True,True,26,17.8,4.7,7,1,3.6,2265.61,1,7.725599317331468,1.891255528483568,0,0.3466
USA,Mobile,High School,Bronze,True,False,True,40,72.7,4.2,3,0,12.9,3775.92,1,8.236399340600277,1.8128169798052736,1,0.3006
Australia,Mobile,PhD,Bronze,True,False,True,30,7.3,4.3,4,0,27.0,956.27,1,6.863040299954709,1.829004627509825,3,0.1018
Germany,Mobile,High School,Gold,True,True,True,23,10.6,4.6,8,3,4.6,6915.71,0,8.841550914171563,1.876052317839795,1,0.3006
Canada,Tablet,Master,Bronze,True,True,False,28,11.1,3.8,6,0,16.8,738.24,1,6.604268974985389,1.74531138386547,2,0.251
Canada,Mobile,PhD,Gold,True,False,False,31,26.8,3.1,7,3,23.4,2992.07,0,8.003720734542618,1.6149595811994066,3,0.1018
India,Mobile,High School,Bronze,True,False,True,53,16.9,3.8,11,4,24.6,437.31,1,6.080642325754031,1.74531138386547,1,0.3006
UK,Desktop,Master,Bronze,True,True,False,31,25.4,4.1,4,2,5.2,900.31,0,6.802739148461386,1.7963629745483078,2,0.251
UK,Tablet,High School,Silver,True,True,False,23,8.1,4.7,8,4,22.2,1058.49,0,6.964598643199165,1.891255528483568,1,0.3006
India,Mobile,High School,Bronze,True,False,True,40,17.2,4.4,3,3,22.9,199.78,0,5.2972167611040035,1.844934404062263,1,0.3006
UK,Desktop,Bachelor,Gold,True,True,False,38,0.8,3.0,7,3,16.4,3112.27,1,8.043107642460221,1.5948692441471295,0,0.3466
USA,Tablet,PhD,Silver,True,False,True,32,20.8,4.1,2,3,12.7,1507.35,0,7.318108421163077,1.7963629745483078,3,0.1018
France,Mobile,High School,Platinum,True,True,True,36,4.6,4.5,12,3,1.8,1089.01,1,6.993024305627255,1.860614396637471,1,0.3006
Australia,Desktop,Bachelor,Gold,True,True,False,50,9.4,3.5,4,0,0.3,472.17,0,6.157339090231619,1.691512653766797,0,0.3466
Japan,Mobile,Bachelor,Bronze,True,True,False,46,22.1,4.3,7,4,17.5,695.65,1,6.544846660287885,1.829004627509825,0,0.3466
France,Desktop,Master,Gold,True,False,False,45,3.6,4.5,4,2,10.8,1888.08,0,7.5433157186890964,1.860614396637471,2,0.251
USA,Tablet,High School,Silver,True,True,True,24,29.1,4.8,4,3,8.4,1276.99,0,7.152261025148315,1.9062310586677143,1,0.3006
France,Desktop,Master,Silver,True,True,False,73,11.0,3.8,4,2,3.4,191584.69802990236,1,12.163085277185028,1.74531138386547,2,0.251
Spain,Mobile,Master,Gold,True,False,False,51,39.0,3.8,4,1,28.0,1655.4,1,7.411797950451295,1.74531138386547,2,0.251
USA,Mobile,Master,Silver,True,False,True,44,5.9,4.9,5,1,5.5,1876.77,1,7.537307493116724,1.920985627295474,2,0.251
Germany,Desktop,PhD,Silver,True,True,False,24,2.9,-0.6035778258421047,5,5,19.8,675.41,0,6.515319913882724,0.28073817973568044,3,0.1018
India,Tablet,Master,Silver,True,True,False,49,11.9,4.8,9,1,1.2,2233.65,1,7.711392297704323,1.9062310586677143,2,0.251
Brazil,Mobile,High School,Bronze,True,False,False,32,19.5,4.3,6,3,19.7,1447.0,1,7.277247726631484,1.829004627509825,1,0.3006
Japan,Desktop,Bachelor,Bronze,True,True,False,36,20.8,4.7,4,5,19.6,119.67,1,4.784737954585425,1.891255528483568,0,0.3466
Japan,Mobile,Bachelor,Silver,True,False,False,18,4.9,4.5,4,1,27.2,3301.44,0,8.102114015912012,1.860614396637471,0,0.3466
UK,Tablet,Bachelor,Bronze,True,False,True,23,3.3,2.9,6,3,17.8,484.0,0,6.182084906716632,1.574366995878342,0,0.3466
UK,Desktop,Bachelor,Bronze,True,True,False,43,9.5,4.1,6,3,0.8,2380.93,1,7.775246446642679,1.7963629745483078,0,0.3466
India,Desktop,Bachelor,Bronze,True,False,False,50,18.4,4.7,5,2,28.8,231.56,1,5.444839019210804,1.891255528483568,0,0.3466
India,Desktop,Bachelor,Silver,True,True,False,46,17.7,4.5,2,4,3.0,1828.94,1,7.511491843041404,1.860614396637471,0,0.3466
India,Desktop,PhD,Bronze,True,True,False,46,42.8,2.7,7,2,7.2,3866.32,1,8.260058429234668,1.5320566796070851,3,0.1018
Australia,Mobile,High School,Gold,True,True,True,37,9.0,4.3,4,3,22.3,249.39,1,5.519017936211107,1.829004627509825,1,0.3006
Germany,Mobile,PhD,Bronze,True,True,False,33,2.8,3.3,5,1,21.1,3380.11,0,8.125663532326206,1.6539684852930463,3,0.1018
Germany,Desktop,Bachelor,Silver,True,True,True,41,31.7,4.8,4,3,21.7,167.16,1,5.118951437579715,1.9062310586677143,0,0.3466
Brazil,Desktop,Bachelor,Silver,True,True,False,48,14.2,4.1,5,2,12.6,1513.34,0,7.322074407643925,1.7963629745483078,0,0.3466
Japan,Desktop,Master,Silver,True,True,True,38,15.3,3.6,9,4,11.4,687.67,1,6.533309071701137,1.7097690490891824,2,0.251
Japan,Tablet,Bachelor,Bronze,True,False,False,53,22.5,3.0,5,2,17.7,288.66,0,5.6652495249394175,1.5948692441471295,0,0.3466
Brazil,Desktop,Bachelor,Platinum,True,True,False,35,33.5,4.0,6,2,8.2,492.4,0,6.199291394310299,1.7796336993958102,0,0.3466
Australia,Tablet,Bachelor,Platinum,True,True,False,26,12.0,4.3,9,0,5.9,944.88,0,6.851057935303592,1.829004627509825,0,0.3466
UK,Mobile,Bachelor,Gold,True,False,True,38,31.2,2.9,5,2,4.8,8725.7,1,9.074027973078797,1.574366995878342,0,0.3466
UK,Desktop,PhD,Platinum,True,True,False,39,18.9,4.0,6,1,11.6,1167.34,0,7.062482935183652,1.7796336993958102,3,0.1018
USA,Tablet,Master,Silver,True,False,False,37,7.2,4.2,3,3,26.9,1169.72,1,7.064519682911785,1.8128169798052736,2,0.251
France,Mobile,High School,Silver,True,False,True,53,10.1,4.5,8,5,27.7,426.19,0,6.054885256226418,1.860614396637471,1,0.3006
USA,Mobile,High School,Gold,True,False,False,48,20.0,3.9,4,5,26.8,297.85,1,5.696590004074697,1.7626197870713454,1,0.3006
Germany,Tablet,Bachelor,Silver,True,True,False,21,6.9,4.0,9,1,6.1,655.21,0,6.484955794937651,1.7796336993958102,0,0.3466
France,Desktop,High School,Gold,True,True,True,56,24.8,4.3,3,5,17.8,4552.4,1,8.423409845407734,1.829004627509825,1,0.3006
UK,Desktop,Bachelor,Gold,True,False,False,18,13.8,4.2,10,1,19.5,369.11,0,5.911094702597691,1.8128169798052736,0,0.3466
France,Mobile,High School,Platinum,True,True,True,64,16.5,0.3939786120602997,5,2,13.8,11185.98,1,9.322416487430713,0.8422838763960382,1,0.3006
USA,Desktop,Bachelor,Bronze,True,False,False,35,38.6,4.6,9,3,17.1,601.98,0,6.400224222165576,1.876052317839795,0,0.3466
USA,Desktop,High School,Gold,True,False,False,36,16.2,4.1,8,5,3.8,4840.31,1,8.484734047246366,1.7963629745483078,1,0.3006
India,Desktop,Bachelor,Silver,True,True,False,37,12.9,4.4,6,3,27.0,2182.04,0,7.688015498030674,1.844934404062263,0,0.3466
UK,Desktop,Master,Silver,True,True,True,43,11.4,3.6,3,4,4.0,1367.96,1,7.221075857988923,1.7097690490891824,2,0.251
USA,Mobile,Bachelor,Bronze,True,False,True,38,10.9,3.4,2,2,25.0,1517.81,0,7.32502378543144,1.672916754755899,0,0.3466
France,Desktop,PhD,Gold,True,False,True,36,15.6,4.2,7,3,1.6,1074.79,0,6.979880572641484,1.8128169798052736,3,0.1018
Brazil,Mobile,Master,Platinum,True,True,False,54,36.3,3.7,5,5,12.1,448.49,0,6.105886384706244,1.727698115361634,2,0.251
USA,Mobile,Bachelor,Bronze,True,False,True,45,7.5,4.6,7,1,5.8,680.13,1,6.522283956368848,1.876052317839795,0,0.3466
Japan,Desktop,High School,Silver,True,False,False,26,7.0,3.5,9,1,4.8,779.93,0,6.659204172066697,1.691512653766797,1,0.3006
USA,Desktop,Master,Bronze,True,True,False,47,34.1,4.8,10,6,20.2,600.69,1,6.398078994472668,1.9062310586677143,2,0.251
USA,Mobile,PhD,Platinum,True,True,True,44,7.7,3.8,7,2,26.6,2090.58,1,7.645196818421257,1.74531138386547,3,0.1018
France,Desktop,Master,Silver,True,True,False,31,14.5,3.2,9,1,23.7,1283.19,0,7.157104444064428,1.6346542330120937,2,0.251
France,Mobile,High School,Bronze,True,True,False,48,7.6,4.2,5,2,8.7,3731.76,0,8.22463525121767,1.8128169798052736,1,0.3006
Japan,Tablet,PhD,Bronze,True,False,False,36,3.2,4.1,7,0,18.2,2610.45,0,7.867277899248292,1.7963629745483078,3,0.1018
Brazil,Desktop,High School,Silver,True,True,True,35,14.3,4.3,8,4,8.8,879.7,1,6.779580940258629,1.829004627509825,1,0.3006
Canada,Mobile,Master,Bronze,True,False,False,35,29.7,2.8,7,4,2.7,906.46,1,6.809546903462924,1.5534355914115192,2,0.251
Germany,Mobile,PhD,Silver,True,True,False,18,11.6,3.7,7,4,3.5,1452.1,1,7.280766063536691,1.727698115361634,3,0.1018
UK,Desktop,High School,Platinum,True,True,True,32,3.7,3.7,5,3,5.2,1828.1,1,7.51103245511304,1.727698115361634,1,0.3006
Brazil,Tablet,PhD,Gold,True,True,False,47,13.3,3.4,6,3,19.8,4019.45,0,8.298900356332517,1.672916754755899,3,0.1018
UK,Tablet,Bachelor,Bronze,True,True,False,38,6.7,4.1,10,4,4.0,225.42,1,5.417965328813932,1.7963629745483078,0,0.3466
Germany,Desktop,PhD,Platinum,True,True,True,23,1.5,4.3,15,4,17.3,1325.41,1,7.189477124517772,1.829004627509825,3,0.1018
USA,Mobile,High School,Silver,True,False,True,50,11.4,3.9,9,0,0.0,1272.56,1,7.148785898590105,1.7626197870713454,1,0.3006
USA,Tablet,PhD,Bronze,True,True,False,34,18.4,3.9,5,1,21.9,1336.6,1,7.19788435507697,1.7626197870713454,3,0.1018
Canada,Tablet,High School,Bronze,True,True,True,23,31.3,3.5,6,3,7.7,433.93,0,6.072883230769142,1.691512653766797,1,0.3006
India,Mobile,Master,Bronze,True,True,False,64,49.7,3.6,4,4,17.1,2652.74,1,7.883348347073613,1.7097690490891824,2,0.251
Japan,Mobile,Bachelor,Gold,True,False,False,25,20.5,4.8,8,6,10.4,1079.41,1,6.98416987454778,1.9062310586677143,0,0.3466
Germany,Desktop,Bachelor,Bronze,True,False,False,49,25.7,3.5,10,1,16.0,469.59,1,6.151859973568241,1.691512653766797,0,0.3466
USA,Tablet,High School,Bronze,True,False,False,29,4.4,4.7,5,1,5.8,420.15,0,6.040611790374228,1.891255528483568,1,0.3006
USA,Desktop,Master,Gold,True,False,False,40,44.6,4.1,11,4,18.6,403.17,1,5.999358309227082,1.7963629745483078,2,0.251
UK,Mobile,High School,Silver,True,True,True,27,33.6,2.7,4,4,26.5,410.83,0,6.018179503625556,1.5320566796070851,1,0.3006
France,Desktop,Bachelor,Gold,True,False,True,23,9.1,3.7,7,5,17.4,616.01,0,6.423263197167987,1.727698115361634,0,0.3466
Japan,Desktop,High School,Gold,True,False,True,44,21.0,4.7,8,1,13.3,984.22,1,6.89184944929836,1.891255528483568,1,0.3006
Japan,Desktop,PhD,Bronze,True,True,True,43,19.4,3.8,6,3,14.2,319.07,1,5.765410514449022,1.74531138386547,3,0.1018
UK,Tablet,High School,Gold,True,True,False,52,39.5,4.2,5,3,12.1,2377.33,1,7.773733288182699,1.8128169798052736,1,0.3006
Canada,Desktop,High School,Bronze,True,True,False,38,10.8,3.0,8,4,7.1,196.0,1,5.278114659230517,1.5948692441471295,1,0.3006
Brazil,Mobile,High School,Silver,True,True,True,65,6.7,3.6,4,2,11.4,658.86,0,6.490511068837677,1.7097690490891824,1,0.3006
France,Desktop,Bachelor,Silver,True,False,True,41,8.2,4.1,3,2,12.6,952.56,1,6.8591530971429195,1.7963629745483078,0,0.3466
France,Desktop,High School,Bronze,True,False,True,45,25.0,3.0,11,4,20.7,847.62,1,6.742432422151628,1.5948692441471295,1,0.3006
Germany,Desktop,Bachelor,Platinum,True,False,False,22,2.6,4.4,4,3,9.6,5195.91,0,8.555627056624314,1.844934404062263,0,0.3466
USA,Mobile,Master,Silver,True,True,False,31,1.1,3.5,8,2,11.3,1673.59,1,7.422726298709349,1.691512653766797,2,0.251
UK,Desktop,Master,Bronze,True,False,False,44,24.9,3.0,2,1,18.7,311.48,0,5.741335130708785,1.5948692441471295,2,0.251
Brazil,Desktop,Bachelor,Platinum,True,True,False,37,15.2,2.6,4,5,23.7,1464.16,1,7.2890369781670685,1.5102107064924273,0,0.3466
USA,Desktop,High School,Silver,True,False,False,40,12.4,3.4,5,4,25.3,307.03,0,5.726945462682629,1.672916754755899,1,0.3006
USA,Desktop,Master,Silver,True,True,False,28,4.3,3.7,11,0,17.9,3352.14,1,8.117354226839579,1.727698115361634,2,0.251
USA,Tablet,High School,Silver,True,True,True,39,3.1,4.5,7,2,13.7,115.41,0,4.748491005432314,1.860614396637471,1,0.3006
USA,Tablet,Master,Gold,True,True,False,39,7.3,3.9,1,2,19.8,757.63,0,6.6301951398206995,1.7626197870713454,2,0.251
India,Desktop,High School,Bronze,True,True,False,24,16.3,3.8,3,2,0.9,1053.28,0,6.959664383719566,1.74531138386547,1,0.3006
Japan,Mobile,Bachelor,Bronze,True,True,True,46,7.6,4.2,4,2,16.8,271.56,1,5.604183109433446,1.8128169798052736,0,0.3466
Germany,Tablet,Bachelor,Silver,True,True,False,18,25.0,4.6,6,4,9.2,2563.46,1,7.849113187435155,1.876052317839795,0,0.3466
USA,Desktop,Master,Bronze,True,True,False,40,5.7,4.2,7,3,15.6,2979.1,1,7.999376520461393,1.8128169798052736,2,0.251
Germany,Mobile,High School,Gold,True,True,False,59,8.0,4.3,7,3,8.7,616.72,0,6.4244151121510065,1.829004627509825,1,0.3006
Germany,Tablet,Bachelor,Bronze,True,True,True,46,416.3696038694965,4.7,9,0,5.4,104838.24690063372,0,11.560173935632461,1.891255528483568,0,0.3466
USA,Desktop,High School,Bronze,True,True,False,46,9.0,4.1,7,8,7.3,379.18,1,5.938011026373892,1.7963629745483078,1,0.3006
Germany,Desktop,Master,Bronze,True,True,True,27,9.4,4.7,8,2,22.3,1557.02,0,7.350529016966656,1.891255528483568,2,0.251
UK,Tablet,PhD,Gold,True,False,False,59,7.3,3.8,9,3,11.3,924.5,1,6.829253050827179,1.74531138386547,3,0.1018
France,Mobile,Bachelor,Gold,True,False,False,55,6.3,4.2,6,4,21.7,328.68,1,5.795084633062987,1.8128169798052736,0,0.3466
Japan,Desktop,Bachelor,Bronze,True,True,False,28,16.2,4.2,3,2,22.5,5616.27,0,8.633423021473066,1.8128169798052736,0,0.3466
USA,Desktop,PhD,Silver,True,False,False,32,17.9,3.8,8,5,0.6,4867.59,0,8.490354227060008,1.74531138386547,3,0.1018
UK,Desktop,Bachelor,Bronze,True,False,False,53,14.6,4.4,8,1,28.2,5203.8,0,8.557144406918464,1.844934404062263,0,0.3466
Japan,Mobile,Bachelor,Silver,True,False,True,60,7.4,3.5,2,4,3.0,218.38,1,5.38623666458592,1.691512653766797,0,0.3466
Germany,Mobile,Bachelor,Bronze,True,True,False,23,10.4,4.6,9,4,14.1,2411.3,0,7.7879213001376595,1.876052317839795,0,0.3466
India,Tablet,Master,Silver,True,True,True,26,43.7,3.2,5,4,28.5,1520.8,0,7.326991791174219,1.6346542330120937,2,0.251
Japan,Desktop,High School,Silver,True,True,True,36,3.9,3.6,5,0,4.7,1437.19,0,7.270445097241319,1.7097690490891824,1,0.3006
USA,Mobile,Master,Platinum,True,True,True,18,55.1,5.0,7,3,5.8,393.02,0,5.973860501159621,1.9355256601749082,2,0.251
USA,Mobile,Bachelor,Bronze,True,True,False,38,13.2,4.5,9,2,7.0,370.83,1,5.915743736567841,1.860614396637471,0,0.3466
Japan,Desktop,High School,Gold,True,False,True,52,10.5,4.1,3,2,24.9,583.51,0,6.36906158954034,1.7963629745483078,1,0.3006
USA,Desktop,Master,Silver,True,False,False,21,26.1,3.7,10,4,25.2,1074.47,1,6.979582795730022,1.727698115361634,2,0.251
France,Tablet,Bachelor,Platinum,True,True,False,40,2.3,2.8,2,2,27.0,848.81,1,6.743835368568734,1.5534355914115192,0,0.3466
Canada,Tablet,High School,Bronze,True,False,True,31,36.8,3.7,5,4,15.2,889.69,0,6.7908730874438215,1.727698115361634,1,0.3006
France,Mobile,Bachelor,Bronze,True,False,False,58,53.8,4.3,6,4,27.1,621.94,1,6.432843625063815,1.829004627509825,0,0.3466
UK,Mobile,Master,Gold,True,True,True,31,29.1,3.2,8,4,8.1,551.93,1,6.313421226641622,1.6346542330120937,2,0.251
Japan,Desktop,Master,Bronze,True,True,False,56,2.3,3.9,9,1,18.3,1228.08,1,7.113207253164946,1.7626197870713454,2,0.251
Germany,Mobile,PhD,Bronze,True,True,False,31,22.5,4.9,4,1,12.8,1178.78,0,7.072235284313093,1.920985627295474,3,0.1018
France,Mobile,Master,Bronze,True,True,False,47,45.5,3.8,8,3,8.6,1111.29,0,7.0132767816808546,1.74531138386547,2,0.251
Canada,Mobile,High School,Gold,True,True,False,41,41.9,4.9,6,0,22.9,2481.69,1,7.81669505868921,1.920985627295474,1,0.3006
UK,Tablet,Bachelor,Bronze,True,True,False,36,3.9,4.4,8,1,22.1,88622.55177520946,0,11.39214163891362,1.844934404062263,0,0.3466
Canada,Mobile,Master,Gold,True,True,False,29,27.5,4.2,3,0,22.5,1330.95,1,7.1936482519494565,1.8128169798052736,2,0.251
Australia,Desktop,Bachelor,Silver,True,False,True,42,51.2,3.4,7,2,18.0,1141.19,0,7.039826856595028,1.672916754755899,0,0.3466
USA,Mobile,Bachelor,Bronze,True,True,True,33,12.5,3.2,9,1,10.1,152.05,0,5.024209414123374,1.6346542330120937,0,0.3466
USA,Desktop,Bachelor,Silver,True,True,True,30,3.8,3.1,9,4,20.2,2118.97,1,7.65868540054656,1.6149595811994066,0,0.3466
USA,Desktop,Bachelor,Bronze,True,True,True,56,23.6,4.2,2,2,6.0,565.13,0,6.337055793175718,1.8128169798052736,0,0.3466
USA,Desktop,PhD,Silver,True,True,False,45,28.3,3.9,6,2,7.5,1920.85,0,7.560523075388739,1.7626197870713454,3,0.1018
USA,Desktop,Bachelor,Silver,True,True,True,46,10.9,4.7,6,5,28.7,1173.0,0,7.067319848653476,1.891255528483568,0,0.3466
Japan,Mobile,Bachelor,Silver,True,True,False,33,4.7,4.0,6,2,16.3,495.72,0,6.206011251196673,1.7796336993958102,0,0.3466
USA,Mobile,PhD,Bronze,True,False,False,36,26.7,4.3,6,3,21.5,1655.67,0,7.411961039724913,1.829004627509825,3,0.1018
UK,Mobile,Bachelor,Silver,True,True,True,35,6.6,4.7,4,1,13.7,352.84,0,5.866014696390566,1.891255528483568,0,0.3466
India,Mobile,High School,Gold,True,True,False,42,16.7,4.4,9,1,0.1,1240.17,1,7.123003745976372,1.844934404062263,1,0.3006
USA,Desktop,Bachelor,Gold,True,True,True,46,42.4,4.4,3,2,15.3,834.96,1,6.727383819511797,1.844934404062263,0,0.3466
India,Mobile,Master,Gold,True,True,False,38,3.2,2.5,9,2,16.2,2651.71,0,7.882959993893569,1.487876807789161,2,0.251
UK,Desktop,Master,Bronze,True,False,False,28,25.2,3.7,5,2,2.9,2667.26,0,7.888807007244409,1.727698115361634,2,0.251
USA,Desktop,Master,Gold,True,False,False,47,10.3,3.2,1,1,6.4,1013.37,0,6.9210366892880515,1.6346542330120937,2,0.251
Japan,Mobile,Master,Bronze,True,True,False,38,10.5,4.6,6,4,3.8,812.68,0,6.7003374281294095,1.876052317839795,2,0.251
Japan,Desktop,High School,Bronze,True,True,True,21,18.4,3.6,7,4,26.5,212.83,0,5.360493724974712,1.7097690490891824,1,0.3006
India,Desktop,Master,Gold,True,False,True,18,6.6,4.2,10,0,0.9,705.94,0,6.559530248046047,1.8128169798052736,2,0.251
Brazil,Mobile,Master,Platinum,True,True,False,131,4.8,3.5,3,2,22.8,978.75,0,6.8862762473050125,1.691512653766797,2,0.251
India,Mobile,High School,Silver,True,True,False,28,2.9,4.6,5,2,12.9,585.52,0,6.372500341292971,1.876052317839795,1,0.3006
UK,Desktop,High School,Bronze,True,True,False,43,32.6,4.2,5,4,0.1,1495.92,1,7.310496681168705,1.8128169798052736,1,0.3006
USA,Tablet,PhD,Bronze,True,True,True,29,9.0,3.8,4,2,13.5,987.48,1,6.895156243405622,1.74531138386547,3,0.1018
Brazil,Mobile,Master,Silver,True,True,False,40,19.2,4.8,5,0,29.3,1733.08,1,7.457655451373741,1.9062310586677143,2,0.251
India,Tablet,Master,Gold,True,True,True,33,8.3,4.2,7,2,13.5,313.38,0,5.7474165116762626,1.8128169798052736,2,0.251
Spain,Desktop,Master,Bronze,True,False,True,59,4.8,4.8,6,2,8.2,1153.21,0,7.050304637249369,1.9062310586677143,2,0.251
Germany,Mobile,Bachelor,Gold,True,False,True,49,20.5,4.6,6,4,27.6,735.2,0,6.600142571041477,1.876052317839795,0,0.3466
UK,Tablet,Bachelor,Bronze,True,True,False,145,15.8,4.3,7,2,2.4,1688.25,1,7.431447768454952,1.829004627509825,0,0.3466
Brazil,Mobile,Bachelor,Gold,True,True,True,38,10.1,3.7,2,4,22.7,1839.15,1,7.517058787346506,1.727698115361634,0,0.3466
UK,Mobile,High School,Platinum,True,True,True,48,15.5,2.5,3,2,7.4,1218.1,0,7.105047546705913,1.487876807789161,1,0.3006
Australia,Desktop,Master,Silver,True,True,True,39,5.6,3.0,4,1,21.2,1692.18,1,7.433772917486624,1.5948692441471295,2,0.251
India,Desktop,Bachelor,Bronze,True,True,True,56,28.5,3.0,6,2,4.2,47.77,1,3.8663978274018707,1.5948692441471295,0,0.3466
Germany,Mobile,Bachelor,Gold,True,True,False,37,34.3,4.6,5,2,1.4,2776.17,0,7.928827558944736,1.876052317839795,0,0.3466
Brazil,Desktop,Bachelor,Silver,True,True,True,21,22.4,4.3,5,0,20.4,2325.84,0,7.751836543094404,1.829004627509825,0,0.3466
Brazil,Tablet,Bachelor,Silver,True,True,True,18,9.0,2.3,6,1,11.3,3446.65,0,8.145158023792677,1.4416544924686217,0,0.3466
USA,Desktop,High School,Silver,True,True,True,58,12.8,2.5,4,0,29.7,302.75,1,5.712907382433202,1.487876807789161,1,0.3006
Australia,Tablet,High School,Bronze,True,True,True,107,474.8632085331241,3.8,9,94,16.8,456.02,1,6.122536668201702,1.74531138386547,1,0.3006
Germany,Tablet,High School,Gold,True,False,False,45,34.0,3.7,5,3,1.6,393.19,1,5.974292955599655,1.727698115361634,1,0.3006
India,Desktop,High School,Bronze,True,True,False,56,60.0,3.7,5,2,4.2,2373.01,1,7.771914470501895,1.727698115361634,1,0.3006
UK,Desktop,PhD,Platinum,True,True,True,18,6.5,4.4,9,2,27.0,996.71,1,6.90445985503234,1.844934404062263,3,0.1018
Australia,Tablet,High School,Bronze,True,True,False,34,6.1,3.9,7,0,2.1,1113.81,1,7.015541849387844,1.7626197870713454,1,0.3006
UK,Tablet,High School,Gold,True,False,False,35,13.6,3.2,3,5,16.2,1483.86,1,7.3024020796544225,1.6346542330120937,1,0.3006
USA,Desktop,Bachelor,Bronze,True,True,False,47,16.9,4.2,5,2,0.5,1655.88,1,7.412087868551463,1.8128169798052736,0,0.3466
Australia,Desktop,Bachelor,Bronze,True,True,True,30,10.9,4.2,5,4,21.5,424.29,0,6.050417183700518,1.8128169798052736,0,0.3466
USA,Mobile,High School,Bronze,True,True,False,24,8.9,3.7,9,7,4.2,546.8,0,6.304083104849794,1.727698115361634,1,0.3006
UK,Mobile,Master,Gold,True,False,False,23,33.6,4.5,4,3,5.4,836.9,1,6.729704589038828,1.860614396637471,2,0.251
Canada,Desktop,Master,Silver,True,True,False,52,11.3,3.5,6,4,8.5,2643.6,1,7.879896903596298,1.691512653766797,2,0.251
Canada,Mobile,High School,Gold,True,True,True,29,4.6,4.1,6,1,0.1,1158.44,0,7.054829551422032,1.7963629745483078,1,0.3006
France,Desktop,High School,Bronze,True,True,True,31,5.1,3.5,8,2,15.7,3485.84,1,8.156464327149404,1.691512653766797,1,0.3006
Japan,Desktop,PhD,Silver,True,True,False,46,14.8,3.6,3,3,29.1,366.02,0,5.902687976717136,1.7097690490891824,3,0.1018
Germany,Desktop,Master,Gold,True,False,False,30,120.0,4.6,8,3,20.8,2463.23,1,7.809228775815111,1.876052317839795,2,0.251
UK,Desktop,Master,Bronze,True,True,True,18,5.6,3.3,8,5,28.6,1580.08,0,7.365230757650602,1.6539684852930463,2,0.251
UK,Desktop,High School,Silver,True,True,True,19,9.5,4.7,6,1,3.9,1057.78,1,6.963927651287321,1.891255528483568,1,0.3006
Japan,Mobile,Bachelor,Silver,True,True,True,37,83.4,3.9,7,3,7.2,697.02,1,6.546814104753438,1.7626197870713454,0,0.3466
Brazil,Desktop,Bachelor,Bronze,True,True,True,44,8.3,3.3,5,5,10.4,729.17,0,6.591906900981782,1.6539684852930463,0,0.3466
Brazil,Desktop,High School,Bronze,True,True,True,36,17.5,4.7,3,2,22.3,1658.28,0,7.413536199603394,1.891255528483568,1,0.3006
Brazil,Desktop,Bachelor,Silver,True,True,False,43,54.6,4.9,6,3,29.9,948.47,1,6.854850159987148,1.920985627295474,0,0.3466
USA,Tablet,Bachelor,Bronze,True,True,False,19,5.7,4.0,7,7,25.7,529.37,0,6.27168762026136,1.7796336993958102,0,0.3466
Germany,Desktop,Bachelor,Gold,True,False,True,19,9.5,4.3,6,5,17.6,2127.38,0,7.662646454626434,1.829004627509825,0,0.3466
USA,Desktop,Master,Platinum,True,True,True,65,8.3,3.4,1,4,17.5,1455.07,0,7.282809288413981,1.672916754755899,2,0.251
France,Mobile,Master,Silver,True,False,False,53,3.6,3.7,6,4,23.1,4935.56,1,8.504221420607067,1.727698115361634,2,0.251
Germany,Tablet,Bachelor,Silver,True,False,True,47,42.8,3.8,7,3,5.7,743.43,0,6.6112746121740065,1.74531138386547,0,0.3466
Australia,Desktop,Master,Bronze,True,False,True,30,7.6,4.0,7,4,24.7,2457.33,0,7.806830673636691,1.7796336993958102,2,0.251
UK,Mobile,High School,Gold,True,False,True,35,6.0,3.5,5,2,22.2,1267.18,1,7.144549238107328,1.691512653766797,1,0.3006
USA,Mobile,Master,Bronze,True,True,False,38,8.5,3.9,5,2,2.1,2111.08,0,7.654954943861664,1.7626197870713454,2,0.251
USA,Mobile,High School,Silver,True,True,False,54,25.6,4.6,6,2,1.2,692.39,1,6.540149380678985,1.876052317839795,1,0.3006
Brazil,Desktop,High School,Platinum,True,False,True,43,13.3,4.2,4,2,4.6,698.96,0,6.549593515989839,1.8128169798052736,1,0.3006
France,Mobile,Bachelor,Silver,True,True,False,44,6.5,3.8,8,2,19.6,3540.21,1,8.171941326402235,1.74531138386547,0,0.3466
USA,Desktop,Bachelor,Gold,True,True,False,36,16.9,3.5,6,5,28.6,1557.69,0,7.35095923359057,1.691512653766797,0,0.3466
USA,Mobile,PhD,Silver,True,True,True,48,23.3,4.5,3,3,3.3,1233.03,0,7.117229833768596,1.860614396637471,3,0.1018
Japan,Mobile,Bachelor,Bronze,True,False,True,42,12.0,4.6,12,5,18.3,282.88,1,5.645022779449278,1.876052317839795,0,0.3466
USA,Desktop,High School,Gold,True,False,False,39,10.1,4.6,7,5,17.8,669.41,1,6.506396727416765,1.876052317839795,1,0.3006
India,Mobile,Bachelor,Bronze,True,False,True,29,27.5,3.4,7,3,5.1,400.95,0,5.993836731253038,1.672916754755899,0,0.3466
Japan,Desktop,Bachelor,Gold,True,False,False,37,10.6,3.8,5,6,7.9,1765.29,0,7.476070261819662,1.74531138386547,0,0.3466
USA,Mobile,Bachelor,Bronze,True,True,False,25,44.1,3.5,5,0,16.2,1358.22,0,7.213930297943089,1.691512653766797,0,0.3466
USA,Mobile,Master,Gold,True,True,True,38,6.6,4.1,6,1,10.1,1827.18,1,7.5105290736925046,1.7963629745483078,2,0.251
Spain,Desktop,Master,Bronze,True,False,True,39,6.5,3.8,2,2,4.7,1701.73,0,7.439400659651389,1.74531138386547,2,0.251
UK,Desktop,Master,Silver,True,True,False,18,5.9,3.5,7,4,12.9,1881.17,1,7.539649202676032,1.691512653766797,2,0.251
UK,Tablet,PhD,Silver,True,True,False,35,10.1,2.9,6,3,2.7,3654.9,1,8.203824012028472,1.574366995878342,3,0.1018
India,Desktop,High School,Silver,True,True,False,24,12.2,3.7,6,0,17.4,1005.5,1,6.913240209212707,1.727698115361634,1,0.3006
Canada,Desktop,Master,Bronze,True,False,True,44,4.2,4.0,4,1,4.3,1316.55,1,7.1827699577062365,1.7796336993958102,2,0.251
Spain,Desktop,Bachelor,Silver,True,True,True,46,13.2,4.4,3,1,21.9,1447.38,1,7.277510304456222,1.844934404062263,0,0.3466
Brazil,Mobile,Master,Bronze,True,True,False,33,19.1,3.9,6,7,16.4,1978.18,0,7.589932509053439,1.7626197870713454,2,0.251
UK,Mobile,Bachelor,Silver,True,False,False,45,3.8,4.4,5,1,2.4,1625.61,1,7.393638408940045,1.844934404062263,0,0.3466
USA,Desktop,PhD,Bronze,True,True,False,45,8.0,4.7,6,0,6.7,1147.37,1,7.045227645756582,1.891255528483568,3,0.1018
Brazil,Desktop,Master,Silver,True,True,True,35,19.2,3.5,6,2,12.9,460.86,1,6.133094309238645,1.691512653766797,2,0.251
France,Desktop,PhD,Bronze,True,True,True,56,5.1,4.6,2,4,11.8,604.5,1,6.404401670054847,1.876052317839795,3,0.1018
Germany,Desktop,Master,Platinum,True,True,False,29,9.5,4.5,10,2,24.8,1218.7,0,7.1055399958294565,1.860614396637471,2,0.251
Australia,Desktop,PhD,Silver,True,True,True,56,29.1,4.1,4,1,18.8,1243.01,0,7.125291136530643,1.7963629745483078,3,0.1018
USA,Mobile,Master,Bronze,True,False,False,35,51.2,4.4,9,3,26.6,1377.04,1,7.227691546963251,1.844934404062263,2,0.251
Germany,Desktop,Bachelor,Silver,True,False,False,28,17.3,3.5,11,3,16.5,809.65,0,6.69660205551948,1.691512653766797,0,0.3466
USA,Desktop,High School,Gold,True,True,False,34,10.6,4.5,8,2,9.4,3406.8,0,8.133528713266927,1.860614396637471,1,0.3006
Germany,Desktop,Bachelor,Bronze,True,True,False,25,8.2,4.2,4,2,1.0,1132.56,0,7.032235836086242,1.8128169798052736,0,0.3466
USA,Tablet,High School,Silver,True,False,True,47,25.2,4.4,7,2,6.3,170.74,0,5.140141931582161,1.844934404062263,1,0.3006
USA,Tablet,Bachelor,Silver,True,True,True,19,30.2,3.8,6,2,7.7,826.47,0,6.71716361896165,1.74531138386547,0,0.3466
USA,Mobile,Bachelor,Bronze,True,True,False,55,4.8,3.6,4,5,2.7,697.93,1,6.548118811200391,1.7097690490891824,0,0.3466
Japan,Desktop,Bachelor,Gold,True,False,False,27,25.2,3.6,13,5,15.9,1484.08,1,7.302550330630118,1.7097690490891824,0,0.3466
Brazil,Desktop,PhD,Bronze,True,True,False,48,7.5,4.3,6,6,19.1,1121.08,1,7.02204778537862,1.829004627509825,3,0.1018
France,Desktop,PhD,Bronze,True,True,False,38,6.1,4.1,2,2,1.5,1312.99,1,7.180062258127563,1.7963629745483078,3,0.1018
Canada,Desktop,High School,Gold,True,True,True,41,10.8,4.6,7,1,10.4,3572.07,0,8.180900538668876,1.876052317839795,1,0.3006
UK,Mobile,Bachelor,Silver,True,True,True,31,26.9,3.0,6,3,0.8,1436.94,1,7.270271131553872,1.5948692441471295,0,0.3466
UK,Mobile,Bachelor,Gold,True,False,False,42,15.6,3.8,3,4,21.9,22567.54,1,10.024267869631135,1.74531138386547,0,0.3466
India,Tablet,Bachelor,Silver,True,True,False,40,15.3,3.6,2,3,15.0,2489.27,0,7.819744773784476,1.7097690490891824,0,0.3466
USA,Mobile,Master,Gold,True,True,False,21,16.2,4.2,3,2,20.8,1216.88,0,7.104045485003487,1.8128169798052736,2,0.251
Canada,Desktop,Bachelor,Gold,True,True,True,26,17.7,4.5,1,1,18.6,1730.79,0,7.456333230658975,1.860614396637471,0,0.3466
USA,Mobile,Bachelor,Bronze,True,False,False,32,11.1,4.1,13,2,25.6,6258.46,0,8.741689427439832,1.7963629745483078,0,0.3466
Canada,Desktop,Master,Gold,True,True,False,29,20.2,2.4,7,0,26.3,311.61,1,5.74175240590783,1.4650326891622956,2,0.251
USA,Desktop,Master,Silver,True,True,False,53,7.2,4.1,4,2,16.8,2685.55,1,7.895640827678988,1.7963629745483078,2,0.251
Australia,Mobile,High School,Bronze,True,False,False,38,20.5,3.7,8,2,13.9,2956.26,1,7.99168023489837,1.727698115361634,1,0.3006
France,Desktop,Master,Silver,True,True,False,29,24.2,3.3,2,1,29.7,569.03,0,6.343933156813794,1.6539684852930463,2,0.251
Spain,Desktop,Bachelor,Bronze,True,True,True,32,21.3,4.8,8,1,5.8,605.8,0,6.406549898593137,1.9062310586677143,0,0.3466
USA,Desktop,High School,Gold,True,False,True,32,22.2,3.8,3,6,19.2,729.3,0,6.592085169990187,1.74531138386547,1,0.3006
France,Mobile,High School,Silver,True,True,False,35,17.7,2.7,3,1,18.6,4922.37,0,8.501545400819703,1.5320566796070851,1,0.3006
Canada,Mobile,Bachelor,Platinum,True,False,False,25,31.1,4.2,7,1,28.7,1382.39,1,7.231569164227331,1.8128169798052736,0,0.3466
France,Desktop,Bachelor,Bronze,True,False,True,28,2.0,2.2,4,2,2.8,461.84,1,6.135218510752678,1.4177166459929065,0,0.3466
Japan,Mobile,High School,Silver,True,False,True,47,24.1,3.2,3,1,28.4,223.8,0,5.4107527958778245,1.6346542330120937,1,0.3006
Japan,Desktop,Master,Bronze,True,False,False,40,59.2,2.8,8,2,22.9,2653.92,1,7.883793071257733,1.5534355914115192,2,0.251
Germany,Desktop,Master,Silver,True,False,True,36,7.4,3.3,4,1,3.9,1224.09,0,7.109952989780881,1.6539684852930463,2,0.251
Japan,Mobile,High School,Gold,True,True,True,38,6.8,4.0,6,1,5.9,2813.68,0,7.942248514079409,1.7796336993958102,1,0.3006
France,Mobile,High School,Gold,True,False,False,37,34.1,2.6,5,1,8.3,1574.86,0,7.361921658419993,1.5102107064924273,1,0.3006
Australia,Tablet,Master,Gold,True,True,False,35,5.8,3.6,7,2,20.3,4196.46,1,8.341996591724804,1.7097690490891824,2,0.251
USA,Desktop,High School,Gold,True,True,True,44,7.1,3.7,7,0,22.5,231.7,1,5.44544343143833,1.727698115361634,1,0.3006
UK,Mobile,PhD,Bronze,True,True,True,43,14.0,3.4,5,5,22.1,2014.57,0,7.608161052104148,1.672916754755899,3,0.1018
Canada,Mobile,Bachelor,Bronze,True,True,False,19,6.4,3.6,8,7,19.6,1190.14,0,7.081826226244527,1.7097690490891824,0,0.3466
Australia,Tablet,Bachelor,Silver,True,True,False,36,24.5,4.6,5,1,4.0,762.21,0,6.6362221082697275,1.876052317839795,0,0.3466
Germany,Desktop,High School,Silver,True,True,False,20,6.5,4.6,8,4,1.3,1415.63,1,7.255329940673992,1.876052317839795,1,0.3006
Japan,Mobile,High School,Bronze,True,False,True,46,16.3,4.0,12,1,8.3,661.36,1,6.49429832094442,1.7796336993958102,1,0.3006
UK,Mobile,High School,Silver,True,True,False,115,15.3,3.6,4,145,18.0,1211.46,0,7.099581522790338,1.7097690490891824,1,0.3006
USA,Desktop,High School,Silver,True,True,False,31,46.1,3.6,6,2,10.6,441.95,1,6.091196753506957,1.7097690490891824,1,0.3006
Germany,Mobile,Bachelor,Bronze,True,False,True,37,30.9,4.2,5,2,25.5,1576.08,1,7.362696030550826,1.8128169798052736,0,0.3466
UK,Desktop,High School,Gold,True,True,False,18,8.0,4.0,4,2,24.6,2138.73,0,7.667967473906105,1.7796336993958102,1,0.3006
France,Mobile,Bachelor,Silver,True,True,True,50,4.4,3.3,6,1,6.5,2589.39,1,7.85917760571858,1.6539684852930463,0,0.3466
USA,Tablet,Bachelor,Bronze,True,False,False,47,23.8,3.9,8,1,19.8,295.54,0,5.688804191475488,1.7626197870713454,0,0.3466
Canada,Mobile,High School,Bronze,True,True,False,52,7.2,4.3,12,1,24.9,276.86,1,5.623511963259589,1.829004627509825,1,0.3006
Spain,Mobile,High School,Gold,True,True,False,56,9.3,4.3,6,6,27.0,442.15,0,6.091649191021744,1.829004627509825,1,0.3006
Japan,Mobile,High School,Platinum,True,True,True,23,5.2,4.1,3,0,12.8,4512.31,0,8.414564496491527,1.7963629745483078,1,0.3006
France,Desktop,High School,Silver,True,True,True,49,21.0,2.8,7,2,27.2,949.02,1,6.855429873203453,1.5534355914115192,1,0.3006
UK,Desktop,Master,Bronze,True,True,False,56,7.3,3.9,7,4,22.2,1436.6,1,7.270034489640701,1.7626197870713454,2,0.251
India,Mobile,Bachelor,Platinum,True,False,True,20,11.8,4.5,2,6,8.9,2657.82,1,7.885261516889789,1.860614396637471,0,0.3466
Japan,Desktop,Master,Silver,True,True,True,36,12.0,4.4,5,1,10.2,560.01,1,6.3279546407126155,1.844934404062263,2,0.251
USA,Desktop,Bachelor,Gold,True,False,False,34,14.1,4.3,1,1,4.2,1262.73,1,7.1410313227749,1.829004627509825,0,0.3466
Australia,Mobile,Bachelor,Gold,True,True,False,48,20.7,2.8,4,3,11.4,503.6,1,6.221782302170192,1.5534355914115192,0,0.3466
India,Desktop,Bachelor,Bronze,True,False,False,18,10.0,3.8,9,0,10.9,240.25,1,5.481680047850402,1.74531138386547,0,0.3466
Canada,Desktop,Master,Silver,True,False,True,60,6.7,3.5,10,2,18.7,2586.17,1,7.857933295763537,1.691512653766797,2,0.251
Brazil,Mobile,High School,Bronze,True,True,True,37,2.8,3.7,6,3,9.2,862.71,0,6.760078597530363,1.727698115361634,1,0.3006
France,Desktop,High School,Bronze,True,True,False,49,13.2,3.7,7,3,12.6,1628.43,1,7.3953716394510165,1.727698115361634,1,0.3006
Germany,Tablet,Bachelor,Gold,True,False,False,37,10.7,3.7,5,3,3.9,2602.6,0,7.864266224342657,1.727698115361634,0,0.3466
Australia,Tablet,Bachelor,Gold,True,True,False,44,6.9,4.5,6,2,21.9,407.04,0,6.008911460711703,1.860614396637471,0,0.3466
India,Mobile,Bachelor,Gold,True,True,False,18,12.8,4.3,4,1,1.2,701.09,0,6.552636266810673,1.829004627509825,0,0.3466
USA,Desktop,Bachelor,Silver,True,False,False,33,24.2,4.2,5,2,22.5,4603.34,0,8.434537405960103,1.8128169798052736,0,0.3466
USA,Mobile,Bachelor,Bronze,True,False,False,48,29.7,4.2,7,82,5.3,1450.49,1,7.279656709363271,1.8128169798052736,0,0.3466
UK,Mobile,Bachelor,Bronze,True,True,False,41,3.6,4.0,6,4,29.4,345.3,0,5.844413604395947,1.7796336993958102,0,0.3466
India,Mobile,Bachelor,Bronze,True,True,True,18,9.1,3.3,5,3,29.7,469.05,1,6.15070937257196,1.6539684852930463,0,0.3466
Spain,Desktop,Master,Silver,True,True,False,39,26.3,4.5,7,4,29.8,612.06,1,6.416830316922482,1.860614396637471,2,0.251
USA,Mobile,Master,Silver,True,True,False,28,43.7,4.4,10,2,0.4,1504.01,1,7.315890153423851,1.844934404062263,2,0.251
France,Mobile,Bachelor,Bronze,True,True,False,27,6.3,4.1,5,3,6.5,991.26,0,6.898976861170555,1.7963629745483078,0,0.3466
UK,Mobile,Master,Platinum,True,False,False,20,36.7,4.2,7,2,16.6,3125.27,1,8.047275958438236,1.8128169798052736,2,0.251
Canada,Mobile,Master,Bronze,True,False,True,45,4.1,3.0,7,1,22.0,1698.74,0,7.437642078766643,1.5948692441471295,2,0.251
India,Mobile,Bachelor,Gold,True,True,False,51,30.5,4.3,4,1,24.5,544.6,1,6.300051580239659,1.829004627509825,0,0.3466
India,Mobile,Bachelor,Silver,True,True,False,63,9.7,2.7,2,3,4.1,3832.51,1,8.251275220005448,1.5320566796070851,0,0.3466
Germany,Desktop,Master,Bronze,True,False,False,20,42.5,3.0,6,6,25.7,1543.1,1,7.341548659077159,1.5948692441471295,2,0.251
Germany,Mobile,Bachelor,Gold,True,False,False,47,8.4,4.1,4,3,21.0,6027.86,1,8.70414733452645,1.7963629745483078,0,0.3466
UK,Desktop,High School,Gold,True,True,False,48,9.5,3.4,6,2,8.7,577.58,1,6.35884696094034,1.672916754755899,1,0.3006
USA,Desktop,Master,Silver,True,False,True,31,10.9,3.5,4,4,0.3,169.46,0,5.132616910770318,1.691512653766797,2,0.251
India,Desktop,High School,Silver,True,True,False,27,3.6,3.7,6,4,27.4,1663.74,0,7.4168233591728505,1.727698115361634,1,0.3006
India,Mobile,Master,Bronze,True,False,True,25,3.0,4.3,9,1,5.9,806.05,0,6.6921457753220075,1.829004627509825,2,0.251
Spain,Desktop,Master,Silver,True,True,False,32,18.3,3.9,6,4,10.9,1758.23,0,7.472062900176753,1.7626197870713454,2,0.251
Spain,Mobile,PhD,Platinum,True,True,False,40,26.9,3.6,5,1,25.5,1187.75,1,7.079816040067031,1.7097690490891824,3,0.1018
France,Mobile,High School,Bronze,True,False,False,54,19.8,3.6,5,3,19.9,2791.61,1,7.934373769311677,1.7097690490891824,1,0.3006
Brazil,Desktop,Bachelor,Bronze,True,True,True,51,4.5,4.6,8,3,4.0,792.91,0,6.67570972212971,1.876052317839795,0,0.3466
Canada,Desktop,Bachelor,Platinum,True,True,False,19,17.9,4.3,6,4,29.4,1646.33,0,7.4063038471691085,1.829004627509825,0,0.3466
India,Desktop,Bachelor,Bronze,True,True,False,29,5.5,3.4,6,2,9.6,1659.95,1,7.4145427604150305,1.672916754755899,0,0.3466
USA,Tablet,High School,Silver,True,True,False,54,16.9,4.9,7,1,17.8,1281.47,0,7.155763135463777,1.920985627295474,1,0.3006
Germany,Mobile,Bachelor,Silver,True,True,True,29,30.1,4.1,7,4,18.8,2059.79,0,7.630359314839641,1.7963629745483078,0,0.3466
USA,Mobile,Bachelor,Silver,True,True,False,37,16.3,4.4,6,5,17.0,1559.58,0,7.352171833225242,1.844934404062263,0,0.3466
Canada,Desktop,High School,Silver,True,True,True,18,39.4,3.3,9,1,17.4,1080.42,1,6.985105133409469,1.6539684852930463,1,0.3006
France,Mobile,Bachelor,Bronze,True,True,True,52,10.8,4.7,8,1,7.3,1383.44,1,7.232328430017667,1.891255528483568,0,0.3466
USA,Tablet,Master,Bronze,True,True,True,18,10.2,2.8,8,1,28.8,970.75,0,6.878068968611776,1.5534355914115192,2,0.251
Japan,Mobile,Master,Gold,True,True,False,18,12.9,3.5,5,3,14.6,917.72,0,6.821892333201961,1.691512653766797,2,0.251
France,Mobile,PhD,Gold,True,False,True,51,4.2,3.7,3,3,4.2,1964.28,1,7.582881044944264,1.727698115361634,3,0.1018
UK,Desktop,Bachelor,Silver,True,False,False,61,8.8,4.3,3,2,25.5,8230.42,1,9.01559232517579,1.829004627509825,0,0.3466
USA,Desktop,PhD,Silver,True,False,False,35,9.5,3.3,9,5,4.4,1510.33,0,7.3200834489782745,1.6539684852930463,3,0.1018
Japan,Desktop,Master,Bronze,True,True,True,37,9.7,3.0,5,5,25.9,1273.37,0,7.149422208329438,1.5948692441471295,2,0.251
France,Desktop,High School,Bronze,True,True,False,49,15.1,4.3,4,4,16.8,566.57,0,6.339600638589076,1.829004627509825,1,0.3006
Brazil,Desktop,High School,Gold,True,True,True,41,3.7,3.0,5,1,1.3,988.74,0,6.896431405250694,1.5948692441471295,1,0.3006
France,Desktop,Bachelor,Silver,True,False,False,34,4.9,3.7,2,2,3.7,742.67,1,6.610251800699333,1.727698115361634,0,0.3466
India,Desktop,Bachelor,Bronze,True,False,True,32,30.1,3.4,9,1,28.3,1726.73,0,7.453984725449421,1.672916754755899,0,0.3466
France,Tablet,Bachelor,Bronze,True,True,False,19,2.4,3.7,5,4,3.8,1089.42,0,6.99340072351063,1.727698115361634,0,0.3466
France,Mobile,Bachelor,Bronze,True,True,True,41,19.9,2.7,7,1,17.6,4012.5,1,8.297169767438271,1.5320566796070851,0,0.3466
India,Mobile,Master,Bronze,True,False,False,37,9.0,4.4,6,2,9.4,429.68,1,6.0630407455972035,1.844934404062263,2,0.251
Germany,Mobile,Bachelor,Gold,True,True,False,33,13.8,4.4,8,1,23.9,919.86,1,6.824221484550418,1.844934404062263,0,0.3466
USA,Desktop,High School,Platinum,True,True,True,26,42.4,4.3,8,2,23.8,806.67,0,6.69291466270549,1.829004627509825,1,0.3006
USA,Mobile,Master,Gold,True,False,True,27,11.0,2.9,3,0,23.9,133.94,1,4.8973919384819045,1.574366995878342,2,0.251
Brazil,Desktop,Bachelor,Platinum,True,True,False,45,20.1,4.2,5,1,6.2,396.4,1,5.982423802455833,1.8128169798052736,0,0.3466
Japan,Mobile,PhD,Platinum,True,True,False,49,12.8,4.6,3,5,21.3,1088.25,0,6.992326180432407,1.876052317839795,3,0.1018
Japan,Desktop,High School,Silver,True,True,False,34,11.2,4.3,5,4,2.7,1237.52,0,7.1208646559284094,1.829004627509825,1,0.3006
USA,Tablet,PhD,Bronze,True,False,False,33,10.1,4.1,4,1,2.3,1308.22,1,7.176422713592484,1.7963629745483078,3,0.1018
USA,Desktop,High School,Gold,True,False,False,28,21.3,4.2,4,4,12.3,1775.09,0,7.481606404849453,1.8128169798052736,1,0.3006
USA,Desktop,High School,Bronze,True,False,True,49,6.8,2.8,5,0,17.9,339.65,1,5.8279156756373105,1.5534355914115192,1,0.3006
UK,Tablet,High School,Bronze,True,False,False,38,4.9,3.6,7,4,9.4,524.56,0,6.262559815955364,1.7097690490891824,1,0.3006
France,Desktop,Master,Bronze,True,True,False,42,12.9,4.1,5,4,9.2,2448.76,0,7.803337052966594,1.7963629745483078,2,0.251
UK,Mobile,Master,Silver,True,False,True,42,14.2,4.2,6,0,2.2,2930.85,1,7.98304776232863,1.8128169798052736,2,0.251
Germany,Mobile,Bachelor,Bronze,True,True,False,34,2.8,3.4,5,3,5.9,2294.85,1,7.738422760881497,1.672916754755899,0,0.3466
Australia,Mobile,PhD,Bronze,True,True,False,24,470.76548818244225,3.7,6,4,18.3,1396.93,0,7.242032250628603,1.727698115361634,3,0.1018
UK,Tablet,Bachelor,Silver,True,True,True,26,4.6,4.8,11,2,20.4,253.32,0,5.534653511648229,1.9062310586677143,0,0.3466
Germany,Tablet,Bachelor,Gold,True,True,True,52,20.1,4.5,7,3,27.2,3710.24,1,8.218851843536125,1.860614396637471,0,0.3466
Brazil,Desktop,Master,Silver,True,True,True,29,2.9,4.8,8,1,11.2,512.71,0,6.23971038318302,1.9062310586677143,2,0.251
UK,Mobile,High School,Gold,True,False,True,33,56.8,3.2,4,1,7.1,2402.85,1,7.784410811815603,1.6346542330120937,1,0.3006
Japan,Mobile,Bachelor,Bronze,True,False,False,24,9.3,4.1,7,0,21.6,625.37,0,6.438343474573529,1.7963629745483078,0,0.3466
India,Mobile,PhD,Bronze,True,False,False,23,6.1,3.2,6,4,20.2,1151.02,1,7.048403784765532,1.6346542330120937,3,0.1018
Canada,Desktop,PhD,Silver,True,False,True,29,9.7,4.0,10,2,8.3,558.13,1,6.324591910157265,1.7796336993958102,3,0.1018
USA,Mobile,PhD,Silver,True,False,False,58,19.0,3.8,7,2,23.1,1023.32,1,6.93080752251229,1.74531138386547,3,0.1018
Australia,Tablet,PhD,Silver,True,False,False,46,24.8,3.7,6,5,6.0,445.19,0,6.098501157334205,1.727698115361634,3,0.1018
Germany,Tablet,High School,Gold,True,True,True,32,9.8,4.6,4,3,10.4,512.55,1,6.239398267229411,1.876052317839795,1,0.3006
UK,Desktop,Master,Gold,True,True,True,51,3.9,3.3,6,2,7.4,734.34,0,6.598972136622302,1.6539684852930463,2,0.251
Germany,Desktop,Bachelor,Platinum,True,False,False,36,4.6,4.5,9,0,19.5,220.52,1,5.395988393721483,1.860614396637471,0,0.3466
Spain,Desktop,PhD,Bronze,True,True,True,54,15.3,4.0,5,2,14.8,569.38,1,6.344548049534391,1.7796336993958102,3,0.1018
Germany,Mobile,Bachelor,Bronze,True,False,True,65,26.8,3.3,9,0,22.0,266.85,1,5.586686702779954,1.6539684852930463,0,0.3466
UK,Mobile,Bachelor,Silver,True,True,True,50,29.8,4.2,10,0,3.2,439.62,1,6.085910717399927,1.8128169798052736,0,0.3466
Japan,Mobile,Bachelor,Bronze,True,True,True,39,13.9,3.5,2,2,7.7,366.01,1,5.902660655432488,1.691512653766797,0,0.3466
USA,Desktop,Bachelor,Bronze,True,True,False,46,26.4,2.8,6,3,14.6,3550.38,0,8.17480991899437,1.5534355914115192,0,0.3466
USA,Desktop,High School,Bronze,True,False,True,38,56.3,3.4,4,0,1.7,279.44,0,5.632787600498577,1.672916754755899,1,0.3006
USA,Mobile,Master,Bronze,True,False,True,18,31.6,3.2,6,5,21.9,1122.87,1,7.023643186684063,1.6346542330120937,2,0.251
USA,Tablet,Master,Bronze,True,False,True,30,25.5,3.0,8,4,8.5,1503.71,0,7.315690666768847,1.5948692441471295,2,0.251
USA,Mobile,High School,Bronze,True,True,True,27,6.4,4.3,4,3,18.1,805.75,0,6.6917735206955475,1.829004627509825,1,0.3006
USA,Desktop,Master,Silver,True,True,False,30,26.3,4.2,6,0,27.0,2247.96,0,7.717778417260968,1.8128169798052736,2,0.251
Japan,Mobile,Bachelor,Silver,True,True,False,60,17.6,4.7,4,4,7.6,675.6,1,6.5156011849336455,1.891255528483568,0,0.3466
USA,Desktop,Bachelor,Gold,True,True,False,51,20.5,2.9,4,3,22.4,1325.04,1,7.189197926643899,1.574366995878342,0,0.3466
UK,Tablet,High School,Silver,True,True,True,43,33.4,4.3,9,0,19.0,1015.16,0,6.922801514520703,1.829004627509825,1,0.3006
Australia,Desktop,Master,Bronze,True,True,True,48,16.2,4.0,5,5,5.4,672.09,1,6.510392260126948,1.7796336993958102,2,0.251
Germany,Mobile,Master,Bronze,True,True,False,18,11.2,4.3,3,0,22.0,1792.06,0,7.491121075117219,1.829004627509825,2,0.251
Japan,Desktop,Bachelor,Bronze,True,False,False,47,5.2,3.5,9,3,1.8,854.72,0,6.750773929921596,1.691512653766797,0,0.3466
USA,Mobile,Bachelor,Gold,True,True,True,49,9.6,3.1,8,2,15.6,967.6,1,6.8748187787358725,1.6149595811994066,0,0.3466
USA,Mobile,High School,Gold,True,False,False,18,14.4,3.6,4,3,3.6,351.02,0,5.860843201899544,1.7097690490891824,1,0.3006
USA,Mobile,Bachelor,Bronze,True,False,False,47,15.2,3.8,5,3,20.6,666.11,1,6.5014548220672905,1.74531138386547,0,0.3466
USA,Desktop,High School,Bronze,True,False,False,21,14.8,3.9,5,4,9.1,802.08,0,6.687208353515193,1.7626197870713454,1,0.3006
UK,Desktop,High School,Platinum,True,True,True,18,26.2,4.9,4,3,24.2,4450.78,0,8.40083464069926,1.920985627295474,1,0.3006
USA,Desktop,Master,Silver,True,True,True,54,24.3,4.4,2,2,14.7,718.7,0,6.577444024474397,1.844934404062263,2,0.251
USA,Mobile,PhD,Gold,True,False,False,26,11.6,4.0,9,3,2.4,2656.94,1,7.8849303636456,1.7796336993958102,3,0.1018
USA,Desktop,Bachelor,Bronze,True,True,False,29,6.2,4.0,5,2,17.9,869.66,0,6.76810233066691,1.7796336993958102,0,0.3466
Germany,Mobile,High School,Bronze,True,True,True,50,16.6,4.3,2,1,0.4,393.62,0,5.975385976895291,1.829004627509825,1,0.3006
USA,Tablet,Bachelor,Gold,True,True,True,34,73.5,3.6,13,2,8.8,3986.9,1,8.290769265551885,1.7097690490891824,0,0.3466
UK,Tablet,Master,Silver,True,True,True,36,15.8,4.4,6,3,8.1,1264.09,1,7.1421077747036685,1.844934404062263,2,0.251
Germany,Desktop,Master,Silver,True,True,False,36,9.6,4.0,9,127,29.4,563.61,1,6.334362522947317,1.7796336993958102,2,0.251
Japan,Mobile,Master,Silver,True,True,False,42,18.7,4.3,7,1,7.3,2101.85,0,7.650573188281663,1.829004627509825,2,0.251
USA,Desktop,Bachelor,Silver,True,False,True,35,19.6,3.6,3,3,20.3,4011.67,0,8.296962892458565,1.7097690490891824,0,0.3466
Brazil,Mobile,Master,Gold,True,False,False,39,19.4,3.4,7,2,7.7,400.82,0,5.993512448725283,1.672916754755899,2,0.251
Japan,Mobile,High School,Bronze,True,True,False,32,36.5,4.7,7,3,2.4,2135.9,1,7.666643382504759,1.891255528483568,1,0.3006
USA,Desktop,Bachelor,Bronze,True,False,True,42,16.6,4.6,4,2,1.9,261.41,1,5.566090056005451,1.876052317839795,0,0.3466
India,Desktop,Bachelor,Gold,True,False,True,42,35.2,4.0,9,3,27.8,241.34,1,5.486206727645455,1.7796336993958102,0,0.3466
Australia,Mobile,Bachelor,Bronze,True,True,True,61,14.6,4.3,3,3,2.9,276.33,0,5.621595803668254,1.829004627509825,0,0.3466
USA,Tablet,PhD,Silver,True,False,True,33,40.9,4.5,5,2,24.9,987.64,0,6.895318258878454,1.860614396637471,3,0.1018
UK,Desktop,Master,Gold,True,False,False,36,32.0,4.0,3,2,16.3,1732.19,0,7.457141782874854,1.7796336993958102,2,0.251
India,Mobile,High School,Platinum,True,True,False,41,25.5,2.8,10,3,13.0,807.32,1,6.6937201200319185,1.5534355914115192,1,0.3006
Brazil,Desktop,High School,Silver,True,True,False,50,22.9,4.6,3,5,29.9,410.5,1,6.017375928892483,1.876052317839795,1,0.3006
USA,Desktop,Bachelor,Silver,True,True,False,25,76.8,4.5,9,5,26.7,1573.16,0,7.3608416143508615,1.860614396637471,0,0.3466
USA,Tablet,High School,Gold,True,True,False,39,28.8,4.1,5,2,7.2,1381.15,0,7.230671764455142,1.7963629745483078,1,0.3006
UK,Mobile,Bachelor,Gold,True,True,True,18,6.2,3.4,8,3,18.0,1134.91,0,7.034308631617291,1.672916754755899,0,0.3466
Germany,Mobile,PhD,Gold,True,True,False,35,14.8,3.8,5,1,4.7,2821.01,0,7.944850255837968,1.74531138386547,3,0.1018
France,Desktop,PhD,Silver,True,False,False,51,9.9,4.2,7,2,17.9,1202.39,1,7.092066521704248,1.8128169798052736,3,0.1018
UK,Mobile,Master,Bronze,True,False,False,29,63.5,3.9,6,1,3.8,3545.53,0,8.173442934138235,1.7626197870713454,2,0.251
Germany,Desktop,Master,Silver,True,True,True,40,33.2,2.7,10,3,18.8,183.9,0,5.214392131610276,1.5320566796070851,2,0.251
Brazil,Desktop,Bachelor,Gold,True,True,False,32,61.9,3.8,4,4,29.2,374.04,0,5.924362743567246,1.74531138386547,0,0.3466
USA,Mobile,High School,Gold,True,True,True,28,6.6,3.2,6,3,17.5,2676.52,0,7.892272722250875,1.6346542330120937,1,0.3006
UK,Desktop,Bachelor,Bronze,True,True,False,50,29.4,4.5,6,1,3.8,175.49,0,5.167582061225516,1.860614396637471,0,0.3466
Japan,Mobile,Bachelor,Silver,True,False,True,25,4.1,4.7,4,5,24.0,2162.77,0,7.679145086503565,1.891255528483568,0,0.3466
Australia,Mobile,Master,Silver,True,True,True,42,3.4,2.7,8,3,10.0,3026.59,0,8.015191852209934,1.5320566796070851,2,0.251
Germany,Desktop,High School,Platinum,True,True,False,42,8.9,3.9,6,2,2.8,868.91,1,6.7672395525831694,1.7626197870713454,1,0.3006
France,Desktop,Bachelor,Silver,True,True,True,28,40.8,4.3,3,2,19.7,1647.5,1,7.407014266376662,1.829004627509825,0,0.3466
USA,Desktop,Bachelor,Silver,True,True,False,40,5.5,4.5,3,0,24.9,974.19,0,6.881606356487075,1.860614396637471,0,0.3466
Germany,Desktop,PhD,Bronze,True,True,True,27,12.0,4.5,5,4,14.5,1421.33,0,7.259348331959061,1.860614396637471,3,0.1018
France,Mobile,Bachelor,Silver,True,True,True,44,31.5,2.9,3,4,27.9,254.18,1,5.538042677453924,1.574366995878342,0,0.3466
USA,Mobile,Master,Bronze,True,True,False,22,24.0,3.4,5,3,20.5,2129.92,0,7.66383969931268,1.672916754755899,2,0.251
UK,Desktop,Master,Gold,True,False,False,34,71.7,3.4,7,4,18.8,775.53,1,6.653546666587895,1.672916754755899,2,0.251
UK,Desktop,High School,Gold,True,False,False,35,12.2,3.6,9,3,10.6,385.79,1,5.955293179969806,1.7097690490891824,1,0.3006
USA,Mobile,Bachelor,Silver,True,False,True,51,8.6,3.1,7,4,9.4,215.24,0,5.371753684621219,1.6149595811994066,0,0.3466
UK,Mobile,Master,Silver,True,False,False,40,5.1,2.8,7,4,8.5,885.33,0,6.785960456860886,1.5534355914115192,2,0.251
USA,Desktop,Bachelor,Gold,True,True,True,49,9.1,3.8,4,7,28.7,785.81,1,6.666715032927835,1.74531138386547,0,0.3466
UK,Desktop,PhD,Bronze,True,True,True,45,5.0,4.2,6,5,19.5,821.27,0,6.710851922622531,1.8128169798052736,3,0.1018
USA,Mobile,High School,Bronze,True,True,True,45,2.9,2.6,6,0,17.8,636.57,0,6.456094388384118,1.5102107064924273,1,0.3006
Australia,Desktop,High School,Platinum,True,True,False,34,58.6,4.5,5,5,9.6,468.52,1,6.149578790201674,1.860614396637471,1,0.3006
France,Desktop,Master,Gold,True,True,False,50,12.7,3.2,6,3,10.6,4967.82,1,8.510736391072866,1.6346542330120937,2,0.251
Japan,Mobile,Master,Gold,True,False,False,34,96.9,3.2,3,4,8.4,1017.62,1,6.925221846480769,1.6346542330120937,2,0.251
Brazil,Mobile,PhD,Bronze,True,True,False,18,6.2,3.6,11,1,4.7,2547.85,0,7.843005145257438,1.7097690490891824,3,0.1018
Germany,Mobile,Master,Bronze,True,True,False,35,8.6,4.1,5,1,27.6,463.0,1,6.137727054086234,1.7963629745483078,2,0.251
USA,Mobile,PhD,Bronze,True,True,False,43,6.6,2.7,4,3,17.5,12322.82,1,9.41920810699869,1.5320566796070851,3,0.1018
France,Mobile,Master,Bronze,True,True,False,19,7.3,3.8,9,1,22.0,2053.58,0,7.627339890514571,1.74531138386547,2,0.251
France,Desktop,Master,Gold,True,False,False,27,24.5,4.7,4,5,14.3,5148.14,0,8.546390763373434,1.891255528483568,2,0.251
Brazil,Desktop,Bachelor,Bronze,True,True,False,23,19.2,3.8,5,4,1.7,2900.05,0,7.972483257205245,1.74531138386547,0,0.3466
Germany,Desktop,Bachelor,Gold,True,True,False,47,24.5,3.0,7,5,14.1,1785.4,0,7.487397758745262,1.5948692441471295,0,0.3466
USA,Desktop,PhD,Bronze,True,True,False,58,35.7,3.7,6,4,1.3,1496.43,1,7.3108375503885075,1.727698115361634,3,0.1018
UK,Mobile,Bachelor,Bronze,True,True,False,35,29.5,4.0,10,2,28.4,770.04,1,6.646442461550424,1.7796336993958102,0,0.3466
UK,Tablet,Bachelor,Platinum,True,True,False,44,5.4,3.8,3,1,10.3,1603.24,0,7.379781860679097,1.74531138386547,0,0.3466
Japan,Tablet,Bachelor,Bronze,True,False,True,44,8.0,4.3,7,4,4.6,478.33,0,6.170300870860216,1.829004627509825,0,0.3466
France,Mobile,Bachelor,Bronze,True,False,False,57,13.4,4.4,5,4,6.8,1546.89,1,7.344001742679737,1.844934404062263,0,0.3466
UK,Desktop,Bachelor,Bronze,True,False,True,30,120.0,4.8,3,5,27.3,386.36,1,5.956769577311095,1.9062310586677143,0,0.3466
Spain,Desktop,High School,Bronze,True,False,False,35,22.6,4.4,2,3,6.2,1287.05,1,7.1601080568803335,1.844934404062263,1,0.3006
France,Mobile,Master,Silver,True,True,True,132,561.6850954020949,2.6,5,1,4.0,646.65,0,6.471805189861254,1.5102107064924273,2,0.251
USA,Mobile,Bachelor,Bronze,True,False,True,39,20.9,4.0,3,2,18.5,2652.95,1,7.883427507371373,1.7796336993958102,0,0.3466
USA,Mobile,Bachelor,Silver,True,True,True,68,7.5,3.9,5,3,2.8,341.64,1,5.833757551077946,1.7626197870713454,0,0.3466
USA,Mobile,High School,Gold,True,True,True,38,15.0,3.6,6,2,14.2,297.72,1,5.69615344749171,1.7097690490891824,1,0.3006
USA,Mobile,High School,Silver,True,False,False,28,26.1,4.5,5,4,20.4,1309.39,1,7.17731665889214,1.860614396637471,1,0.3006
USA,Mobile,High School,Bronze,True,True,False,24,11.9,3.7,7,2,4.2,320.9,0,5.771129548115811,1.727698115361634,1,0.3006
USA,Desktop,Master,Silver,True,True,False,53,6.7,4.0,9,1,23.4,1259.91,0,7.138795568822953,1.7796336993958102,2,0.251
UK,Mobile,High School,Bronze,True,True,False,28,11.4,4.8,6,4,12.9,2060.98,0,7.630936876816204,1.9062310586677143,1,0.3006
USA,Tablet,PhD,Silver,True,True,False,46,9.4,2.6,4,1,21.3,1210.28,0,7.098607016779467,1.5102107064924273,3,0.1018
Australia,Desktop,High School,Silver,True,False,False,30,4.1,2.8,5,3,7.6,401.58,0,5.995406766340606,1.5534355914115192,1,0.3006
USA,Mobile,High School,Bronze,True,True,False,23,7.7,3.7,13,5,13.1,491.35,0,6.197156704808436,1.727698115361634,1,0.3006
France,Desktop,High School,Gold,True,True,False,45,4.0,3.3,6,2,14.3,2199.63,0,7.696044443384078,1.6539684852930463,1,0.3006
Germany,Tablet,High School,Platinum,True,True,False,30,4.5,3.5,3,4,8.9,1528.07,0,7.3317607801954745,1.691512653766797,1,0.3006
Spain,Desktop,Master,Gold,True,True,True,43,4.9,4.8,8,0,23.7,838.7,0,6.731853073990366,1.9062310586677143,2,0.251
USA,Mobile,Master,Bronze,True,False,True,44,26.1,2.7,7,0,5.3,2040.28,1,7.62084233232163,1.5320566796070851,2,0.251
UK,Desktop,Bachelor,Silver,True,False,False,45,40.1,3.6,8,1,19.9,327.97,0,5.792922140786477,1.7097690490891824,0,0.3466
Canada,Mobile,High School,Platinum,True,True,False,35,3.6,3.8,5,4,28.0,2748.83,1,7.918930645583698,1.74531138386547,1,0.3006
India,Desktop,High School,Bronze,True,True,False,46,43.1,4.7,8,2,25.1,1985.19,1,7.593469906424757,1.891255528483568,1,0.3006
India,Desktop,Bachelor,Gold,True,True,True,27,4.9,4.8,5,3,22.9,466.14,1,6.144486018190384,1.9062310586677143,0,0.3466
UK,Mobile,PhD,Bronze,True,False,False,18,22.1,4.3,7,2,4.3,1237.48,1,7.120832332696083,1.829004627509825,3,0.1018
USA,Tablet,High School,Bronze,True,False,True,113,15.0,2.9,5,6,22.8,610.23,1,6.413835935282505,1.574366995878342,1,0.3006
Japan,Desktop,Master,Gold,True,False,False,40,403.0259266282972,3.0,10,0,11.2,3327.29,1,8.109913437834443,1.5948692441471295,2,0.251
Australia,Desktop,Bachelor,Gold,True,False,False,31,4.8,4.2,6,5,3.1,5685.25,0,8.64563038059154,1.8128169798052736,0,0.3466
France,Mobile,High School,Gold,True,True,True,20,2.9,4.4,7,2,20.9,258.33,1,5.554237837376183,1.844934404062263,1,0.3006
France,Mobile,Bachelor,Platinum,True,True,True,18,6.4,4.0,3,2,2.0,1452.68,0,7.2811654053165915,1.7796336993958102,0,0.3466
UK,Tablet,High School,Bronze,True,False,True,39,17.1,3.4,3,2,11.4,741.58,0,6.608783045171694,1.672916754755899,1,0.3006
Brazil,Desktop,Master,Bronze,True,False,False,58,58.3,4.7,4,1,25.8,494.89,0,6.204335515651452,1.891255528483568,2,0.251
USA,Mobile,High School,Platinum,True,True,True,36,5.3,2.9,7,4,20.6,514.5,1,6.243195555274104,1.574366995878342,1,0.3006
UK,Desktop,Master,Bronze,True,True,False,34,11.3,4.1,9,4,15.5,814.46,0,6.702525316952806,1.7963629745483078,2,0.251
Germany,Desktop,High School,Silver,True,True,False,38,6.7,4.0,6,4,26.5,540.89,1,6.293215931000806,1.7796336993958102,1,0.3006
Germany,Mobile,PhD,Silver,True,True,False,64,12.0,3.9,5,2,22.5,2997.42,1,8.00550719763809,1.7626197870713454,3,0.1018
USA,Mobile,High School,Bronze,True,True,False,47,2.6,2.9,7,1,14.1,1880.27,1,7.539170662533334,1.574366995878342,1,0.3006
USA,Mobile,Master,Bronze,True,False,True,27,40.4,3.4,8,0,22.4,805.86,0,6.691910030149039,1.672916754755899,2,0.251
France,Desktop,Master,Silver,True,False,False,38,12.4,3.3,6,1,26.5,1240.26,0,7.123076314039199,1.6539684852930463,2,0.251
UK,Desktop,PhD,Gold,True,True,True,42,25.4,4.4,10,1,4.3,910.93,1,6.81446605566886,1.844934404062263,3,0.1018
France,Desktop,Bachelor,Gold,True,True,False,25,10.1,4.9,5,1,6.0,816.17,0,6.704622666599065,1.920985627295474,0,0.3466
USA,Tablet,Master,Silver,True,True,False,47,14.2,3.9,3,2,21.8,645.45,0,6.469947747952719,1.7626197870713454,2,0.251
Germany,Desktop,Bachelor,Silver,True,True,True,28,30.1,4.4,3,2,5.1,285.19,0,5.653155624811811,1.844934404062263,0,0.3466
France,Desktop,High School,Bronze,True,True,True,20,13.5,4.1,5,4,5.0,1539.08,0,7.33894011429424,1.7963629745483078,1,0.3006
USA,Desktop,Bachelor,Bronze,True,False,True,39,13.9,4.2,6,5,19.7,268.16,1,5.591583817293718,1.8128169798052736,0,0.3466
UK,Mobile,High School,Silver,True,True,True,37,6.5,4.6,7,0,16.1,1069.27,0,6.974731451631643,1.876052317839795,1,0.3006
USA,Desktop,PhD,Bronze,True,True,False,38,7.9,3.7,9,3,22.7,662.08,0,6.495386394557178,1.727698115361634,3,0.1018
USA,Tablet,High School,Bronze,True,True,True,29,5.4,3.4,6,5,9.6,3593.43,0,8.186862457102794,1.672916754755899,1,0.3006
Spain,Desktop,Bachelor,Silver,True,True,True,30,6.8,3.7,5,2,18.3,1814.12,0,7.50335578063707,1.727698115361634,0,0.3466
UK,Tablet,Bachelor,Silver,True,True,False,52,33.1,2.8,6,0,26.9,638.72,0,6.459466173683045,1.5534355914115192,0,0.3466
India,Desktop,Bachelor,Bronze,True,False,False,43,51.8,3.3,6,4,27.1,1107.43,0,7.009797294504137,1.6539684852930463,0,0.3466
UK,Mobile,Master,Silver,True,True,False,27,4.5,4.2,5,4,19.6,265.99,0,5.5834587140900656,1.8128169798052736,2,0.251
Japan,Tablet,High School,Silver,True,False,False,18,16.7,4.5,6,4,0.7,627.73,0,6.442110137713354,1.860614396637471,1,0.3006
Brazil,Desktop,Bachelor,Bronze,True,True,True,27,9.4,3.3,6,2,15.9,502.36,1,6.219316994149926,1.6539684852930463,0,0.3466
France,Tablet,High School,Platinum,True,False,False,40,37.2,4.0,4,1,2.0,3188.15,1,8.067196090246131,1.7796336993958102,1,0.3006
Germany,Mobile,PhD,Bronze,True,False,True,30,13.6,3.7,6,2,29.7,484.26,0,6.182621952564336,1.727698115361634,3,0.1018
Germany,Tablet,Master,Gold,True,False,False,29,12.1,3.5,3,3,29.9,898.7,0,6.800949274664328,1.691512653766797,2,0.251
UK,Mobile,PhD,Bronze,True,True,False,31,6.7,3.3,3,3,3.5,2283.03,0,7.733258787047927,1.6539684852930463,3,0.1018
Australia,Desktop,High School,Gold,True,True,True,37,3.6,4.4,9,5,13.7,739.01,1,6.605311452656377,1.844934404062263,1,0.3006
India,Desktop,High School,Bronze,True,False,False,47,22.4,3.5,5,3,25.8,1080.05,0,6.984762615342921,1.691512653766797,1,0.3006
Canada,Desktop,High School,Gold,True,True,False,38,16.2,3.3,2,3,3.5,2506.23,0,7.826534910973163,1.6539684852930463,1,0.3006
USA,Desktop,High School,Bronze,True,False,True,39,16.5,4.4,7,2,16.6,754.79,0,6.626439564863972,1.844934404062263,1,0.3006
Brazil,Desktop,High School,Gold,True,True,True,35,7.5,4.0,3,1,6.0,647.28,0,6.472778967499584,1.7796336993958102,1,0.3006
Australia,Desktop,Master,Silver,True,False,False,32,10.8,4.1,5,4,14.6,2140.58,0,7.668832099331817,1.7963629745483078,2,0.251
USA,Desktop,High School,Bronze,True,False,False,49,22.9,3.0,6,1,6.1,979.01,1,6.886541856982939,1.5948692441471295,1,0.3006
USA,Mobile,Bachelor,Gold,True,False,False,47,26.7,2.5,11,1,15.9,962.56,0,6.869596401881366,1.487876807789161,0,0.3466
Brazil,Desktop,Master,Bronze,True,True,True,63,4.7,4.9,6,1,12.3,1191.0,1,7.0825485693553,1.920985627295474,2,0.251
France,Desktop,Master,Platinum,True,True,True,45,7.3,4.6,7,2,11.8,1123.93,1,7.024586750934236,1.876052317839795,2,0.251
India,Mobile,Bachelor,Bronze,True,False,False,32,4.0,3.9,6,1,4.8,109.31,0,4.694187882305744,1.7626197870713454,0,0.3466
USA,Desktop,Bachelor,Silver,True,False,True,27,14.3,4.0,11,4,19.8,506.52,0,6.227563809582407,1.7796336993958102,0,0.3466
Brazil,Desktop,Bachelor,Gold,True,False,False,49,24.7,3.3,5,2,2.1,1488.43,1,7.305477152141418,1.6539684852930463,0,0.3466
USA,Desktop,High School,Bronze,True,False,False,28,9.7,2.2,9,2,28.0,217.67,0,5.382980154426746,1.4177166459929065,1,0.3006
USA,Tablet,Bachelor,Bronze,True,True,False,48,7.2,2.3,6,4,1.8,862.23,0,6.759522056418916,1.4416544924686217,0,0.3466
USA,Mobile,Bachelor,Gold,True,True,False,29,9.3,4.4,12,5,12.3,3763.06,1,8.232987735191275,1.844934404062263,0,0.3466
India,Desktop,Master,Gold,True,True,False,42,77.1,3.7,2,3,8.6,1518.77,0,7.325656075726432,1.727698115361634,2,0.251
Japan,Mobile,Master,Platinum,True,False,True,25,31.6,3.5,5,2,16.6,586.56,1,6.37427496465134,1.691512653766797,2,0.251
France,Mobile,Bachelor,Bronze,True,True,False,47,21.9,3.2,3,7,0.7,1172.52,1,7.066910557744252,1.6346542330120937,0,0.3466
UK,Mobile,Bachelor,Silver,True,False,True,23,15.7,4.4,6,1,13.2,161.54,1,5.08475279001415,1.844934404062263,0,0.3466
India,Mobile,High School,Bronze,True,False,True,41,12.1,3.7,4,3,22.6,854.9,0,6.750984503032188,1.727698115361634,1,0.3006
UK,Mobile,Master,Bronze,True,True,True,36,5.9,4.6,5,3,24.2,4977.97,1,8.512777456392705,1.876052317839795,2,0.251
India,Desktop,Bachelor,Gold,True,False,False,39,5.2,3.3,9,2,28.0,1773.05,1,7.480456506466195,1.6539684852930463,0,0.3466
Germany,Desktop,High School,Bronze,True,True,False,33,7.7,3.9,7,4,3.3,868.41,0,6.766663953368512,1.7626197870713454,1,0.3006
UK,Mobile,High School,Silver,True,True,True,33,5.7,3.6,13,1,16.6,1158.97,0,7.0552869586216564,1.7097690490891824,1,0.3006
Germany,Tablet,High School,Silver,True,False,False,40,7.5,4.0,11,2,12.0,3131.98,0,8.049420671394264,1.7796336993958102,1,0.3006
UK,Mobile,Master,Gold,True,True,True,26,11.2,4.4,3,1,19.4,481.61,1,6.177134657898641,1.844934404062263,2,0.251
Brazil,Mobile,High School,Platinum,True,False,False,26,11.9,3.9,7,5,25.0,1055.94,0,6.962186644470175,1.7626197870713454,1,0.3006
Germany,Tablet,Bachelor,Silver,True,False,False,34,7.4,3.8,6,1,18.0,1876.16,0,7.53698241377585,1.74531138386547,0,0.3466
USA,Desktop,Bachelor,Silver,True,True,True,33,18.1,3.5,10,3,6.9,150.6,0,5.014627315365793,1.691512653766797,0,0.3466
Australia,Mobile,Bachelor,Gold,True,True,True,26,10.5,3.8,5,2,9.6,2066.02,1,7.633379330174838,1.74531138386547,0,0.3466
UK,Mobile,Master,Silver,True,False,False,49,14.5,4.5,3,3,26.8,898.63,1,6.800871381344753,1.860614396637471,2,0.251
France,Tablet,Master,Bronze,True,True,False,34,6.7,4.8,5,2,20.1,984.45,1,6.892083109587841,1.9062310586677143,2,0.251
Australia,Tablet,Bachelor,Bronze,True,True,True,35,21.2,3.0,7,2,17.9,853.21,1,6.749005707109851,1.5948692441471295,0,0.3466
Japan,Mobile,High School,Bronze,True,False,False,22,7.9,3.5,5,186,4.2,4030.42,1,8.301625867872655,1.691512653766797,1,0.3006
USA,Desktop,Bachelor,Silver,True,True,False,63,44.1,4.4,3,5,10.2,908.77,1,6.812092036858646,1.844934404062263,0,0.3466
Australia,Mobile,Bachelor,Gold,True,True,False,67,10.2,4.0,7,2,9.7,2975.96,1,7.998321955002439,1.7796336993958102,0,0.3466
Japan,Desktop,Bachelor,Bronze,True,True,False,29,11.3,3.9,5,4,0.8,585.27,1,6.37207327921728,1.7626197870713454,0,0.3466
UK,Mobile,Master,Bronze,True,False,False,53,19.6,3.5,3,3,27.9,300.68,1,5.7060465763092685,1.691512653766797,2,0.251
USA,Tablet,High School,Platinum,True,True,False,37,23.3,3.8,7,2,9.9,2949.22,1,7.989296007592569,1.74531138386547,1,0.3006
Brazil,Desktop,Bachelor,Gold,True,False,True,57,25.4,3.0,7,0,3.1,1231.55,0,7.116028817629618,1.5948692441471295,0,0.3466
Japan,Mobile,High School,Silver,True,True,True,42,50.4,4.4,4,4,14.8,573.96,0,6.352559707480206,1.844934404062263,1,0.3006
France,Desktop,Master,Bronze,True,True,True,39,20.7,4.8,5,2,13.5,313.74,1,5.748564617428094,1.9062310586677143,2,0.251
Australia,Desktop,Bachelor,Bronze,True,True,False,18,11.5,3.6,8,0,25.5,6313.89,0,8.750507247363391,1.7097690490891824,0,0.3466
Brazil,Desktop,Master,Bronze,True,False,False,27,8.0,4.4,5,3,24.0,855.99,0,6.752258693830513,1.844934404062263,2,0.251
USA,Mobile,High School,Bronze,True,True,True,38,10.9,4.6,5,3,23.4,1431.5,0,7.266478124538169,1.876052317839795,1,0.3006
UK,Tablet,Bachelor,Bronze,True,True,False,40,39.9,3.9,4,4,28.0,536.73,1,6.285495174769841,1.7626197870713454,0,0.3466
USA,Tablet,Master,Silver,True,True,True,23,4.0,4.4,4,4,11.2,1273.97,0,7.149893287974162,1.844934404062263,2,0.251
Brazil,Desktop,High School,Bronze,True,True,False,29,6.3,4.1,4,3,17.7,3584.51,0,8.184377063078406,1.7963629745483078,1,0.3006
USA,Tablet,Master,Bronze,True,True,True,45,10.2,2.3,2,6,20.1,864.47,0,6.762116602381247,1.4416544924686217,2,0.251
France,Mobile,Bachelor,Bronze,True,False,True,21,6.3,3.1,5,7,14.2,797.07,0,6.680942504293543,1.6149595811994066,0,0.3466
Brazil,Desktop,Bachelor,Silver,True,False,False,40,8.8,3.9,4,5,7.3,4506.13,0,8.413193970997684,1.7626197870713454,0,0.3466
India,Desktop,Bachelor,Silver,True,True,False,53,51.7,2.0,9,2,27.0,197.71,0,5.286801310586789,1.3680501190364096,0,0.3466
UK,Desktop,Bachelor,Silver,True,True,False,43,9.6,4.4,7,1,27.0,488.79,0,6.191932949382974,1.844934404062263,0,0.3466
India,Tablet,Bachelor,Bronze,True,False,False,42,16.9,4.4,5,2,23.0,838.99,0,6.732198787445043,1.844934404062263,0,0.3466
USA,Mobile,Bachelor,Bronze,True,False,False,18,3.2,3.8,7,3,10.4,633.88,0,6.451859662074607,1.74531138386547,0,0.3466
India,Mobile,Master,Bronze,True,True,True,28,5.0,4.6,7,2,0.1,1497.82,1,7.31176599664373,1.876052317839795,2,0.251
USA,Desktop,Bachelor,Bronze,True,False,False,63,25.7,3.2,8,2,14.7,939.76,1,6.845624523515631,1.6346542330120937,0,0.3466
UK,Mobile,High School,Gold,True,True,False,31,46.3,3.9,4,5,15.7,740.86,0,6.60781167357269,1.7626197870713454,1,0.3006
Brazil,Desktop,High School,Platinum,True,True,False,53,14.5,4.6,3,2,14.6,2724.52,1,7.910047544792686,1.876052317839795,1,0.3006
USA,Desktop,High School,Silver,True,False,False,31,9.5,3.8,7,1,2.9,559.13,1,6.326382004257182,1.74531138386547,1,0.3006
USA,Mobile,Bachelor,Platinum,True,True,False,35,18.1,4.9,3,8,23.6,2208.48,0,7.700059775075268,1.920985627295474,0,0.3466
Brazil,Desktop,Master,Silver,True,True,True,44,1.5,4.7,6,1,16.0,720.22,0,6.5795567208930645,1.891255528483568,2,0.251
Brazil,Mobile,Master,Bronze,True,True,True,39,14.6,3.6,1,3,6.7,1159.02,0,7.055330099446257,1.7097690490891824,2,0.251
Japan,Desktop,High School,Platinum,True,True,False,43,5.3,4.1,7,4,28.7,4633.99,1,8.44117354702711,1.7963629745483078,1,0.3006
Japan,Mobile,PhD,Bronze,True,True,False,28,23.0,3.5,7,1,9.1,768.89,0,6.644947916361157,1.691512653766797,3,0.1018
France,Desktop,Bachelor,Silver,True,False,True,24,2.1,4.2,5,5,11.5,2449.19,0,7.8035126366295975,1.8128169798052736,0,0.3466
UK,Mobile,PhD,Bronze,True,False,False,27,7.4,3.5,7,2,12.0,452.26,1,6.114257235694848,1.691512653766797,3,0.1018
UK,Desktop,Master,Bronze,True,True,False,32,11.8,3.0,4,0,12.0,658.28,1,6.4896303727271825,1.5948692441471295,2,0.251
USA,Desktop,Master,Silver,True,False,True,35,6.6,3.1,8,2,19.3,902.4,1,6.805057880743794,1.6149595811994066,2,0.251
Australia,Tablet,High School,Silver,True,True,False,50,9.0,4.1,6,2,8.5,898.59,1,6.800826868152148,1.7963629745483078,1,0.3006
France,Desktop,High School,Bronze,True,False,False,39,25.1,4.4,10,3,27.1,2084.37,0,7.6422219303005114,1.844934404062263,1,0.3006
Germany,Mobile,High School,Bronze,True,True,True,44,11.9,4.7,3,2,17.2,1652.25,0,7.409893274350562,1.891255528483568,1,0.3006
Germany,Tablet,Master,Bronze,True,True,False,40,5.8,4.2,5,2,26.4,4096.36,1,8.317854053482188,1.8128169798052736,2,0.251
Canada,Desktop,Bachelor,Platinum,True,False,True,25,25.9,4.0,6,2,27.5,1800.57,1,7.495858560422616,1.7796336993958102,0,0.3466
USA,Desktop,Master,Gold,True,True,False,38,14.9,3.6,5,1,23.1,7407.36,0,8.910229379505365,1.7097690490891824,2,0.251
France,Mobile,Bachelor,Silver,True,True,True,40,15.4,4.8,5,4,7.3,2824.61,1,7.94612558095299,1.9062310586677143,0,0.3466
Germany,Tablet,Master,Bronze,True,True,False,47,6.0,3.6,3,1,9.9,1188.84,0,7.080733320772939,1.7097690490891824,2,0.251
France,Tablet,High School,Gold,True,True,False,25,1.6,4.2,5,2,6.9,3716.94,0,8.220656028116927,1.8128169798052736,1,0.3006
USA,Mobile,High School,Bronze,True,False,True,18,5.9,4.7,10,3,13.7,1176.47,1,7.070273708479787,1.891255528483568,1,0.3006
India,Mobile,Bachelor,Bronze,True,False,True,40,5.4,4.0,5,1,15.3,1354.03,1,7.210840609799884,1.7796336993958102,0,0.3466
Australia,Desktop,Bachelor,Bronze,True,True,False,42,7.5,3.8,4,3,10.2,916.91,0,6.821009321311138,1.74531138386547,0,0.3466
France,Tablet,Bachelor,Gold,True,False,True,36,6.2,3.6,7,4,26.2,940.68,1,6.846603017988631,1.7097690490891824,0,0.3466
Japan,Tablet,Master,Bronze,True,False,False,38,13.3,4.1,7,0,11.9,592.73,1,6.384738983338736,1.7963629745483078,2,0.251
Australia,Desktop,High School,Bronze,True,True,True,49,24.6,2.7,5,0,21.1,598.43,0,6.394309559093456,1.5320566796070851,1,0.3006
Japan,Desktop,Bachelor,Silver,True,True,True,32,28.8,4.4,9,5,25.0,490.05,1,6.194507426715189,1.844934404062263,0,0.3466
USA,Desktop,Master,Bronze,True,True,False,35,23.8,3.3,8,3,4.8,1075.65,0,6.980680408996694,1.6539684852930463,2,0.251
France,Desktop,High School,Silver,True,True,False,39,5.9,4.0,1,5,21.4,404.09,0,6.001637625428319,1.7796336993958102,1,0.3006
France,Mobile,PhD,Silver,True,True,False,23,12.8,2.8,6,4,4.8,1234.52,1,7.11843750954505,1.5534355914115192,3,0.1018
Germany,Desktop,PhD,Silver,True,True,True,36,42.6,4.4,7,3,22.9,1025.34,0,6.9327795438868725,1.844934404062263,3,0.1018
Brazil,Desktop,High School,Bronze,True,True,False,37,3.4,3.8,2,1,17.0,310.95,1,5.739632127549898,1.74531138386547,1,0.3006
Australia,Desktop,High School,Bronze,True,True,True,58,35.8,4.0,9,4,15.4,2102.82,1,7.651034580028083,1.7796336993958102,1,0.3006
Australia,Tablet,Bachelor,Gold,True,False,False,34,5.5,3.7,4,4,15.9,1305.17,1,7.174088579471863,1.727698115361634,0,0.3466
Germany,Mobile,Master,Gold,True,True,True,40,15.4,3.8,8,2,12.0,1028.84,1,6.936187232976371,1.74531138386547,2,0.251
USA,Desktop,Bachelor,Bronze,True,True,True,49,16.9,4.2,8,3,1.5,496.61,1,6.207805009802453,1.8128169798052736,0,0.3466
Spain,Desktop,Bachelor,Bronze,True,True,True,28,14.2,3.9,8,1,16.6,930.48,0,6.835700582030784,1.7626197870713454,0,0.3466
India,Tablet,Master,Bronze,True,True,True,55,72.4,2.4,5,3,0.7,1665.26,1,7.417736546379597,1.4650326891622956,2,0.251
USA,Mobile,High School,Silver,True,False,False,59,9.6,4.7,3,4,27.4,1039.59,1,6.946581683636809,1.891255528483568,1,0.3006
Australia,Desktop,Master,Gold,True,False,False,38,3.3,4.1,5,3,7.5,1475.0,0,7.29641326877392,1.7963629745483078,2,0.251
India,Desktop,Master,Bronze,True,True,True,32,16.2,4.2,7,2,19.5,3623.07,1,8.19507701171312,1.8128169798052736,2,0.251
Germany,Desktop,Bachelor,Silver,True,True,False,58,10.6,3.3,9,1,16.8,289.3,1,5.6674642119820895,1.6539684852930463,0,0.3466
France,Desktop,Master,Gold,True,True,True,48,19.0,2.1,8,0,18.5,128.29,1,4.854293326261248,1.393191696315046,2,0.251
UK,Mobile,Master,Platinum,True,False,True,39,24.7,3.0,1,4,9.7,710.98,0,6.566644300012384,1.5948692441471295,2,0.251
USA,Tablet,High School,Bronze,True,True,True,55,11.9,4.2,6,2,13.5,175.95,1,5.170199863767594,1.8128169798052736,1,0.3006
UK,Mobile,Bachelor,Bronze,True,True,False,54,17.3,4.7,5,6,22.5,606.91,1,6.408380509885169,1.891255528483568,0,0.3466
India,Mobile,Bachelor,Bronze,True,False,False,34,13.7,4.5,7,2,11.7,595.71,0,6.389753971467051,1.860614396637471,0,0.3466
USA,Desktop,High School,Gold,True,True,True,41,51.1,2.8,8,0,8.5,13233.77,0,9.490527174943875,1.5534355914115192,1,0.3006
UK,Mobile,PhD,Gold,True,True,False,45,9.1,4.7,3,7,0.9,1330.72,1,7.193475428120378,1.891255528483568,3,0.1018
UK,Mobile,High School,Silver,True,False,True,38,7.0,4.7,10,1,14.3,125.17,1,4.829672813339932,1.891255528483568,1,0.3006
France,Desktop,Master,Bronze,True,True,False,21,24.6,4.7,8,0,20.8,433.56,1,6.0720301949475495,1.891255528483568,2,0.251
Australia,Desktop,Bachelor,Bronze,True,True,False,27,5.8,4.0,9,4,8.7,2408.48,1,7.786751122112194,1.7796336993958102,0,0.3466
UK,Mobile,High School,Bronze,True,False,False,22,16.7,3.6,8,5,26.0,2047.99,1,7.624614103334977,1.7097690490891824,1,0.3006
UK,Desktop,PhD,Silver,True,True,True,44,10.6,4.6,5,2,3.5,1302.08,0,7.171718264813325,1.876052317839795,3,0.1018
Brazil,Desktop,Master,Bronze,True,False,False,24,11.2,3.8,6,1,11.2,854.25,1,6.750223890995401,1.74531138386547,2,0.251
Germany,Mobile,Bachelor,Bronze,True,False,False,40,85.6,3.6,4,3,22.2,2080.86,1,7.640536548782157,1.7097690490891824,0,0.3466
USA,Tablet,High School,Gold,True,True,True,60,32.7,4.3,7,2,29.1,5019.15,0,8.521015875639904,1.829004627509825,1,0.3006
Germany,Mobile,High School,Bronze,True,True,True,55,27.6,4.4,7,2,11.3,136.09,0,4.913316431572226,1.844934404062263,1,0.3006
USA,Mobile,Bachelor,Silver,True,True,True,18,18.6,3.2,9,3,22.2,508.84,0,6.23213362528801,1.6346542330120937,0,0.3466
USA,Desktop,High School,Bronze,True,False,False,23,7.0,2.7,5,0,20.8,488.67,0,6.191687415037624,1.5320566796070851,1,0.3006
Germany,Mobile,Bachelor,Gold,True,True,True,29,15.0,4.4,2,4,28.1,808.02,1,6.694586810690005,1.844934404062263,0,0.3466
Germany,Mobile,PhD,Silver,True,False,False,24,19.4,3.9,6,1,15.0,2413.76,1,7.788940976665266,1.7626197870713454,3,0.1018
Australia,Tablet,Bachelor,Platinum,True,True,True,18,14.3,4.2,4,0,17.7,360.65,0,5.887907958949682,1.8128169798052736,0,0.3466
UK,Desktop,Master,Silver,True,True,True,38,13.1,3.2,5,3,4.9,266.76,0,5.586349377764106,1.6346542330120937,2,0.251
France,Mobile,Master,Platinum,True,True,False,46,8.9,4.5,7,6,8.0,599.78,0,6.396562921310821,1.860614396637471,2,0.251
Japan,Mobile,Bachelor,Gold,True,False,False,49,15.2,3.9,6,1,19.0,907.61,1,6.8108147709146225,1.7626197870713454,0,0.3466
USA,Desktop,Master,Silver,True,True,True,32,8.0,4.6,2,2,16.8,1885.38,1,7.541884671077209,1.876052317839795,2,0.251
Japan,Desktop,Bachelor,Platinum,True,True,False,35,21.4,3.8,6,2,13.4,1307.32,0,7.175734519158049,1.74531138386547,0,0.3466
USA,Desktop,Master,Bronze,True,True,True,42,2.4,3.5,8,4,21.0,3362.74,1,8.120511396827672,1.691512653766797,2,0.251
Canada,Desktop,High School,Bronze,True,False,False,37,36.1,4.4,5,2,7.3,9566.94,0,9.166068684100019,1.844934404062263,1,0.3006
USA,Tablet,High School,Bronze,True,True,True,48,4.3,4.7,2,4,21.0,1193.99,0,7.085055918708095,1.891255528483568,1,0.3006
Germany,Desktop,Master,Silver,True,True,False,43,5.2,4.0,5,0,5.6,2865.42,1,7.960470215263209,1.7796336993958102,2,0.251
USA,Desktop,Bachelor,Gold,True,True,False,33,16.9,4.0,8,2,14.8,1859.75,0,7.52819734907145,1.7796336993958102,0,0.3466
Spain,Mobile,Master,Gold,True,False,False,18,18.8,3.8,6,1,3.4,1061.61,1,6.967541902717415,1.74531138386547,2,0.251
Germany,Desktop,PhD,Bronze,True,True,False,56,64.2,4.9,8,3,15.5,885.43,1,6.786073402714764,1.920985627295474,3,0.1018
France,Mobile,High School,Silver,True,False,False,30,15.4,3.9,6,3,24.6,1637.89,0,7.401164107090858,1.7626197870713454,1,0.3006
USA,Desktop,Bachelor,Bronze,True,False,False,42,11.8,4.5,4,2,14.5,887.4,0,6.788295838944809,1.860614396637471,0,0.3466
Brazil,Tablet,Bachelor,Silver,True,True,False,18,14.2,3.7,5,2,9.8,927.48,0,6.83247123090678,1.727698115361634,0,0.3466
USA,Tablet,Bachelor,Bronze,True,True,True,38,43.5,3.5,9,0,4.1,584.13,1,6.37012356079564,1.691512653766797,0,0.3466
Australia,Tablet,Master,Platinum,True,True,False,39,84.7,2.4,5,0,10.8,7046.58,1,8.860297671721167,1.4650326891622956,2,0.251
USA,Desktop,High School,Bronze,True,True,True,40,10.5,4.9,13,5,25.7,1163.44,0,7.059136412869455,1.920985627295474,1,0.3006
USA,Mobile,Bachelor,Bronze,True,True,False,74,18.8,4.3,6,2,11.7,804.8,1,6.690593799345475,1.829004627509825,0,0.3466
USA,Desktop,Master,Gold,True,True,False,30,11.5,3.8,4,3,5.5,2956.08,0,7.991619345301339,1.74531138386547,2,0.251
Germany,Desktop,High School,Silver,True,True,False,48,11.3,3.6,8,3,26.7,2286.86,1,7.734934976582788,1.7097690490891824,1,0.3006
France,Desktop,Master,Bronze,True,True,True,44,54.8,4.3,7,1,27.8,757.58,0,6.630129142368178,1.829004627509825,2,0.251
USA,Mobile,Bachelor,Silver,True,True,False,30,5.8,3.7,4,3,28.6,334.71,0,5.813264485273198,1.727698115361634,0,0.3466
Brazil,Mobile,PhD,Bronze,True,True,False,48,1.9,4.3,9,2,15.6,737.13,1,6.602764267407719,1.829004627509825,3,0.1018
Germany,Mobile,Bachelor,Platinum,True,False,False,36,15.7,4.5,11,1,16.9,354.81,1,5.871582434931136,1.860614396637471,0,0.3466
France,Desktop,High School,Silver,True,True,False,49,31.8,4.4,5,1,9.1,3054.74,1,8.024449761600962,1.844934404062263,1,0.3006
Germany,Desktop,Bachelor,Bronze,True,False,False,62,14.5,3.9,10,4,10.1,130.73,1,4.873134127573769,1.7626197870713454,0,0.3466
Germany,Mobile,High School,Silver,True,False,False,40,18.2,4.1,3,3,15.5,993.91,1,6.901646659297728,1.7963629745483078,1,0.3006
France,Desktop,PhD,Bronze,True,False,False,35,22.2,3.8,6,0,4.9,801.02,0,6.685885915545658,1.74531138386547,3,0.1018
USA,Mobile,High School,Gold,True,False,True,51,13.3,2.8,4,1,28.9,874.36,1,6.773492190161802,1.5534355914115192,1,0.3006
USA,Desktop,Master,Platinum,True,True,False,55,19.0,2.3,7,3,20.6,2968.85,1,7.995929951426177,1.4416544924686217,2,0.251
India,Mobile,Bachelor,Gold,True,True,False,27,18.8,3.9,8,2,1.4,1555.99,0,7.349867277982467,1.7626197870713454,0,0.3466
Canada,Mobile,Bachelor,Bronze,True,True,False,33,2.5,4.7,2,2,7.7,214.67,0,5.3691019652659975,1.891255528483568,0,0.3466
UK,Desktop,High School,Bronze,True,False,False,46,13.3,2.3,1,5,9.0,3116.08,1,8.044331080602019,1.4416544924686217,1,0.3006
UK,Desktop,Bachelor,Bronze,True,True,False,36,3.5,4.7,8,1,0.3,387.16,0,5.9588380442808875,1.891255528483568,0,0.3466
Japan,Mobile,Bachelor,Silver,True,True,True,27,11.8,2.8,4,3,29.5,297.27,0,5.694640816738918,1.5534355914115192,0,0.3466
Germany,Mobile,High School,Silver,True,True,True,44,8.2,2.1,2,1,8.4,1236.03,0,7.11965990956774,1.393191696315046,1,0.3006
USA,Desktop,PhD,Silver,True,True,False,46,27.9,4.6,5,2,1.5,155.76,1,5.048316361063944,1.876052317839795,3,0.1018
USA,Desktop,Bachelor,Platinum,True,False,False,34,14.8,2.7,4,2,26.3,3444.57,0,8.144554357079624,1.5320566796070851,0,0.3466
Japan,Tablet,Bachelor,Bronze,True,True,False,39,17.8,3.5,7,0,3.3,193.87,0,5.267187831351116,1.691512653766797,0,0.3466
Japan,Mobile,Bachelor,Bronze,True,False,False,31,10.5,4.7,4,4,13.7,699.39,0,6.550208526557371,1.891255528483568,0,0.3466
USA,Desktop,High School,Bronze,True,True,True,25,28.3,4.0,8,4,10.9,616.23,0,6.423620270469191,1.7796336993958102,1,0.3006
USA,Mobile,PhD,Bronze,True,True,True,32,3.4,4.0,3,2,2.3,2535.06,0,7.837972584384239,1.7796336993958102,3,0.1018
USA,Desktop,Bachelor,Bronze,True,True,False,39,6.0,2.0,7,4,1.0,1979.41,1,7.5905540994858,1.3680501190364096,0,0.3466
Japan,Mobile,High School,Silver,True,True,True,20,34.1,3.2,5,2,8.1,386.93,0,5.958243798116312,1.6346542330120937,1,0.3006
USA,Desktop,Bachelor,Bronze,True,True,False,33,8.6,4.5,6,6,10.8,3044.15,0,8.020976995034246,1.860614396637471,0,0.3466
USA,Tablet,Bachelor,Bronze,True,False,False,39,2.2,3.6,9,4,22.4,278.99,0,5.631175938885108,1.7097690490891824,0,0.3466
Brazil,Mobile,Bachelor,Gold,True,True,False,52,38.9,4.7,7,2,21.7,979.63,0,6.887174949353879,1.891255528483568,0,0.3466
USA,Mobile,Master,Bronze,True,True,False,34,28.8,4.3,6,0,13.9,1193.62,1,7.0847459853412875,1.829004627509825,2,0.251
Japan,Mobile,High School,Silver,True,False,True,23,21.5,3.8,6,1,6.3,1864.19,1,7.530581921381364,1.74531138386547,1,0.3006
USA,Tablet,High School,Bronze,True,False,True,35,13.1,4.8,6,0,25.3,2464.97,1,7.809934916017335,1.9062310586677143,1,0.3006
USA,Mobile,Master,Silver,True,False,True,31,46.0,4.3,5,2,19.5,1061.61,1,6.967541902717415,1.829004627509825,2,0.251
USA,Mobile,High School,Platinum,True,True,False,45,33.3,3.8,3,6,10.5,315.6,0,5.75447558897172,1.74531138386547,1,0.3006
Brazil,Mobile,Master,Bronze,True,True,True,34,42.0,3.3,5,1,26.1,639.38,1,6.460498956812166,1.6539684852930463,2,0.251
India,Mobile,High School,Silver,True,False,True,18,21.3,4.8,5,2,24.5,322.88,0,5.777280737165244,1.9062310586677143,1,0.3006
India,Mobile,Master,Gold,True,True,False,75,13.4,3.6,7,2,0.0,1250.03,0,7.130922830008352,1.7097690490891824,2,0.251
UK,Desktop,Bachelor,Silver,True,True,False,40,8.9,3.4,6,2,26.1,782.26,1,6.662187166104226,1.672916754755899,0,0.3466
Japan,Mobile,Bachelor,Bronze,True,False,True,39,4.4,3.4,6,2,15.9,3531.86,0,8.169579923339166,1.672916754755899,0,0.3466
USA,Desktop,High School,Bronze,True,True,True,20,18.2,4.5,9,2,27.7,2349.64,1,7.762017403913828,1.860614396637471,1,0.3006
UK,Tablet,High School,Silver,True,True,True,20,19.5,4.1,5,2,23.1,5384.5,0,8.591279734768936,1.7963629745483078,1,0.3006
Australia,Desktop,High School,Gold,True,True,False,37,9.2,4.4,7,1,4.4,2154.91,1,7.6755042383246685,1.844934404062263,1,0.3006
USA,Tablet,High School,Bronze,True,False,False,42,19.9,4.3,6,1,10.2,1060.84,1,6.966816326111341,1.829004627509825,1,0.3006
USA,Mobile,Bachelor,Bronze,True,False,True,46,9.3,4.3,5,4,9.4,1045.68,1,6.952422670477296,1.829004627509825,0,0.3466
USA,Mobile,Bachelor,Bronze,True,False,True,41,24.4,4.3,7,2,21.1,565.0,0,6.336825731146441,1.829004627509825,0,0.3466
USA,Mobile,Bachelor,Bronze,True,False,False,24,6.0,4.0,2,2,16.2,539.69,1,6.290994900640634,1.7796336993958102,0,0.3466
USA,Desktop,Master,Bronze,True,True,False,18,5.2,2.7,8,1,8.1,749.94,0,6.619993203330186,1.5320566796070851,2,0.251
France,Desktop,Master,Bronze,True,False,True,37,10.0,3.7,7,3,22.8,4259.26,1,8.356850715254087,1.727698115361634,2,0.251
Germany,Desktop,Bachelor,Bronze,True,True,True,32,23.6,3.5,6,3,19.6,474.48,1,6.162219467530472,1.691512653766797,0,0.3466
Australia,Mobile,Bachelor,Bronze,True,False,True,23,4.8,3.4,5,1,23.8,1681.21,0,7.427269051245558,1.672916754755899,0,0.3466
India,Desktop,Bachelor,Platinum,True,True,False,48,28.2,4.4,4,1,22.4,392.16,1,5.971669919779803,1.844934404062263,0,0.3466
UK,Mobile,Bachelor,Bronze,True,True,True,19,3.3,3.7,5,6,18.4,795.51,1,6.678983418409076,1.727698115361634,0,0.3466
UK,Desktop,Master,Bronze,True,True,False,45,10.0,4.3,10,2,5.0,972.23,1,6.879592401983441,1.829004627509825,2,0.251
UK,Desktop,High School,Bronze,True,False,True,21,3.9,3.4,1,2,5.8,1157.51,0,7.054026425231926,1.672916754755899,1,0.3006
France,Desktop,High School,Platinum,True,True,False,40,1.5,3.3,8,3,23.6,1978.74,1,7.590215557486937,1.6539684852930463,1,0.3006
UK,Tablet,Master,Gold,True,False,True,49,16.3,4.0,14,4,25.7,754.09,0,6.625511724279939,1.7796336993958102,2,0.251
Japan,Mobile,High School,Gold,True,False,True,34,10.6,3.3,9,6,15.1,2181.08,1,7.687575445950744,1.6539684852930463,1,0.3006
Germany,Desktop,Master,Bronze,True,True,True,58,4.0,3.2,5,3,29.6,471.0,1,6.154858094016418,1.6346542330120937,2,0.251
France,Mobile,Master,Gold,True,True,False,61,8.1,4.2,11,2,8.9,678.97,1,6.520576943961113,1.8128169798052736,2,0.251
Germany,Desktop,High School,Silver,True,True,False,41,17.3,2.7,10,3,22.0,634.82,0,6.453341494142088,1.5320566796070851,1,0.3006
UK,Tablet,High School,Bronze,True,True,True,44,9.1,4.3,4,2,20.1,724.42,1,6.585371334683906,1.829004627509825,1,0.3006
Canada,Mobile,Bachelor,Silver,True,True,False,51,10.4,3.3,11,1,22.4,625.84,0,6.439094747376825,1.6539684852930463,0,0.3466
Brazil,Desktop,Bachelor,Gold,True,True,False,45,8.9,3.1,7,3,12.5,387.81,1,5.960515528963966,1.6149595811994066,0,0.3466
USA,Mobile,High School,Gold,True,True,True,43,7.6,4.0,6,4,7.3,1991.62,0,7.596703656894749,1.7796336993958102,1,0.3006
India,Desktop,Master,Gold,True,True,False,32,7.6,4.0,4,1,12.1,499.65,0,6.2139078533077985,1.7796336993958102,2,0.251
Germany,Tablet,Bachelor,Platinum,True,True,True,18,7.4,4.3,12,1,5.7,2613.53,1,7.868457076946862,1.829004627509825,0,0.3466
Australia,Desktop,Bachelor,Bronze,True,False,False,21,6.7,4.3,6,1,3.4,1888.74,1,7.543665219065985,1.829004627509825,0,0.3466
Brazil,Mobile,High School,Silver,True,False,True,67,5.4,3.0,6,0,20.5,252.0,1,5.529429087511423,1.5948692441471295,1,0.3006
Germany,Desktop,Master,Bronze,True,True,True,42,9.0,4.6,10,2,29.6,1678.04,1,7.425381724645298,1.876052317839795,2,0.251
USA,Mobile,High School,Gold,True,False,True,35,7.3,3.1,4,1,20.0,1061.17,0,6.9671273519808326,1.6149595811994066,1,0.3006
UK,Mobile,Master,Bronze,True,True,True,53,5.2,2.7,1,0,4.0,405.82,1,6.005909711539478,1.5320566796070851,2,0.251
France,Mobile,Bachelor,Gold,True,True,False,29,22.5,2.4,7,1,15.6,868.73,0,6.767032375031268,1.4650326891622956,0,0.3466
Japan,Mobile,Bachelor,Bronze,True,True,True,45,32.7,4.7,5,4,18.1,1667.36,0,7.4189968162441176,1.891255528483568,0,0.3466
UK,Tablet,Master,Bronze,True,True,True,39,12.2,4.6,4,1,22.1,3102.37,1,8.039921614508678,1.876052317839795,2,0.251
USA,Desktop,Master,Bronze,True,False,False,44,12.8,4.2,6,1,23.3,429.07,0,6.061620075780384,1.8128169798052736,2,0.251
India,Desktop,Bachelor,Bronze,True,True,False,34,7.0,3.3,8,3,5.9,2058.53,1,7.629747414822491,1.6539684852930463,0,0.3466
Spain,Desktop,High School,Gold,True,False,True,26,28.6,3.6,4,2,9.8,818.71,1,6.707729930794187,1.7097690490891824,1,0.3006
France,Tablet,Master,Bronze,True,True,False,28,48.9,4.6,4,4,16.3,192.53,0,5.260251985741244,1.876052317839795,2,0.251
USA,Desktop,Bachelor,Silver,True,True,False,29,10.7,4.5,9,0,0.1,10251.81,0,9.235209554343047,1.860614396637471,0,0.3466
UK,Mobile,High School,Bronze,True,True,False,38,8.0,2.5,4,2,6.0,6213.19,0,8.734429730635858,1.487876807789161,1,0.3006
USA,Mobile,PhD,Bronze,True,False,False,19,16.0,4.9,7,3,28.7,672.84,0,6.511507559923581,1.920985627295474,3,0.1018
Australia,Desktop,High School,Bronze,True,True,True,23,13.5,3.7,8,4,10.7,1231.36,0,7.1158745285972325,1.727698115361634,1,0.3006
USA,Desktop,High School,Bronze,True,True,False,40,8.2,4.9,4,0,22.4,4117.51,0,8.323003890707012,1.920985627295474,1,0.3006
France,Desktop,High School,Gold,True,False,False,36,17.8,4.4,8,2,14.2,536.2,1,6.284507225801859,1.844934404062263,1,0.3006
UK,Desktop,Bachelor,Silver,True,True,True,40,25.8,3.9,7,2,30.0,2224.14,0,7.707125603029516,1.7626197870713454,0,0.3466
France,Desktop,Master,Bronze,True,True,False,37,6.5,2.2,3,2,27.0,3251.2,0,8.086779437944108,1.4177166459929065,2,0.251
Japan,Desktop,Bachelor,Silver,True,True,True,68,93.1,4.0,6,4,8.6,5008.14,1,8.518819867660758,1.7796336993958102,0,0.3466
India,Tablet,Bachelor,Bronze,True,True,True,40,3.6,3.3,2,5,24.1,995.39,0,6.9031346201614125,1.6539684852930463,0,0.3466
USA,Tablet,Bachelor,Bronze,True,True,True,33,6.2,4.0,9,6,16.6,144.09,0,4.970438104344843,1.7796336993958102,0,0.3466
USA,Desktop,Master,Silver,True,True,True,39,14.7,4.3,4,2,9.2,5687.88,0,8.646092874214117,1.829004627509825,2,0.251
USA,Desktop,High School,Bronze,True,True,False,50,73.5,3.8,8,4,15.5,704.24,1,6.557119207152651,1.74531138386547,1,0.3006
Australia,Desktop,PhD,Silver,True,True,False,37,7.8,2.9,6,3,10.0,296.45,0,5.691878570153377,1.574366995878342,3,0.1018
India,Mobile,High School,Silver,True,False,False,46,5.2,4.3,9,1,5.4,411.44,0,6.019663201466661,1.829004627509825,1,0.3006
France,Mobile,PhD,Gold,True,True,False,43,18.9,4.5,10,4,14.0,85.73,1,4.451202822690664,1.860614396637471,3,0.1018
France,Desktop,High School,Platinum,True,True,False,35,10.0,3.5,7,2,12.7,1391.1,0,7.237850080065525,1.691512653766797,1,0.3006
Japan,Desktop,Master,Bronze,True,True,False,39,20.7,3.7,5,2,9.4,697.23,0,6.547115341980031,1.727698115361634,2,0.251
USA,Mobile,High School,Bronze,True,False,False,57,11.5,3.1,4,0,18.6,773.14,0,6.650460144737036,1.6149595811994066,1,0.3006
Australia,Mobile,High School,Bronze,True,False,False,41,6.1,3.9,4,3,3.8,1253.9,0,7.134013973196493,1.7626197870713454,1,0.3006
Germany,Desktop,Master,Bronze,True,False,False,26,79.8,3.2,8,0,29.2,440.72,1,6.088409753164461,1.6346542330120937,2,0.251
UK,Mobile,Master,Gold,True,False,False,34,1.1,4.6,5,2,6.4,1181.33,0,7.074396201382452,1.876052317839795,2,0.251
Germany,Desktop,Bachelor,Gold,True,False,False,18,52.3,3.2,4,2,18.4,703.02,0,6.555385340908119,1.6346542330120937,0,0.3466
USA,Desktop,Master,Silver,True,True,True,40,25.7,3.4,3,0,12.1,4993.73,1,8.515938404500307,1.672916754755899,2,0.251
USA,Mobile,Bachelor,Silver,True,True,True,54,6.7,4.3,4,3,0.3,551.8,1,6.313185661783185,1.829004627509825,0,0.3466
Brazil,Mobile,Master,Bronze,True,True,True,22,54.5,3.5,6,1,6.4,83.1,1,4.420044701861403,1.691512653766797,2,0.251
USA,Desktop,Bachelor,Silver,True,True,True,40,4.1,3.6,5,2,16.5,7382.09,0,8.90681207533356,1.7097690490891824,0,0.3466
France,Tablet,Bachelor,Gold,True,True,True,50,27.3,4.0,6,2,10.5,4412.81,1,8.392266953731296,1.7796336993958102,0,0.3466
USA,Desktop,Bachelor,Silver,True,True,True,51,2.3,3.7,10,2,25.1,2359.1,1,7.766035469352786,1.727698115361634,0,0.3466
UK,Mobile,Bachelor,Bronze,True,False,False,53,4.9,3.4,7,1,20.2,1912.39,1,7.556109047706694,1.672916754755899,0,0.3466
UK,Mobile,Master,Silver,True,False,False,18,4.9,4.9,7,1,4.7,1450.13,1,7.279408486568249,1.920985627295474,2,0.251
UK,Tablet,High School,Bronze,True,True,True,44,6.7,3.6,8,1,28.1,379.43,0,5.938670126594165,1.7097690490891824,1,0.3006
Japan,Tablet,High School,Silver,True,False,False,20,12.3,4.8,4,3,7.2,1742.89,0,7.463299933947345,1.9062310586677143,1,0.3006
UK,Desktop,Bachelor,Silver,True,True,False,26,6.3,2.7,14,3,1.8,226.96,1,5.424773790500596,1.5320566796070851,0,0.3466
France,Tablet,Master,Bronze,True,True,False,48,2.4,3.5,3,9,14.6,519.92,1,6.253674953586093,1.691512653766797,2,0.251
Germany,Mobile,High School,Gold,True,True,False,40,17.7,4.6,9,1,13.1,312.7,1,5.745244264463795,1.876052317839795,1,0.3006
Japan,Mobile,Bachelor,Gold,True,True,True,47,12.7,2.9,5,2,14.7,190.44,1,5.249337184326318,1.574366995878342,0,0.3466
Australia,Desktop,PhD,Bronze,True,True,False,27,16.9,3.9,4,1,2.2,691.97,1,6.539542602076763,1.7626197870713454,3,0.1018
Brazil,Mobile,High School,Platinum,True,False,False,56,14.0,4.4,5,3,8.9,401.28,1,5.9946594380045015,1.844934404062263,1,0.3006
USA,Tablet,Master,Silver,True,False,False,46,26.1,4.2,6,2,27.7,2895.22,0,7.970816380211304,1.8128169798052736,2,0.251
USA,Desktop,Master,Gold,True,True,True,49,11.5,4.0,3,9,23.9,1764.12,0,7.475407261463875,1.7796336993958102,2,0.251
UK,Tablet,Bachelor,Gold,True,True,True,25,27.4,4.8,11,3,4.4,605.09,0,6.4053772072976995,1.9062310586677143,0,0.3466
France,Desktop,PhD,Silver,True,True,False,52,6.5,3.2,7,3,8.6,669.0,0,6.505784060128229,1.6346542330120937,3,0.1018
USA,Desktop,Master,Gold,True,True,True,34,6.9,4.8,5,1,22.4,5479.2,0,8.608714383883695,1.9062310586677143,2,0.251
Germany,Mobile,Bachelor,Bronze,True,True,False,31,36.6,4.6,8,3,25.7,332.15,0,5.80558667411125,1.876052317839795,0,0.3466
France,Mobile,Bachelor,Bronze,True,True,True,46,36.0,4.4,3,4,4.2,245.68,0,5.504029876132567,1.844934404062263,0,0.3466
UK,Mobile,Master,Silver,True,True,True,45,19.3,4.3,6,1,17.9,1721.64,1,7.451032603898299,1.829004627509825,2,0.251
Brazil,Desktop,Bachelor,Gold,True,True,True,28,6.0,3.2,6,0,13.2,1249.93,0,7.130842828728288,1.6346542330120937,0,0.3466
USA,Tablet,Master,Gold,True,False,False,63,5.6,4.5,5,1,14.6,1846.31,1,7.520944331624911,1.860614396637471,2,0.251
USA,Desktop,Bachelor,Silver,True,True,False,60,35.2,2.1,5,2,23.8,312.04,1,5.743131384720113,1.393191696315046,0,0.3466
Brazil,Desktop,High School,Silver,True,True,False,45,33.7,4.4,6,4,17.8,686.73,0,6.531941201872024,1.844934404062263,1,0.3006
Germany,Desktop,High School,Bronze,True,True,False,43,11.6,4.0,7,2,16.7,275.42,0,5.61829720529898,1.7796336993958102,1,0.3006
Japan,Mobile,High School,Platinum,True,False,False,42,79.3,3.4,4,3,11.4,3847.92,1,8.255288021548692,1.672916754755899,1,0.3006
Germany,Tablet,High School,Bronze,True,False,False,19,17.6,3.7,4,3,9.7,380.21,0,5.940723731654782,1.727698115361634,1,0.3006
USA,Mobile,Master,Gold,True,True,False,39,5.0,4.3,5,0,21.9,919.95,1,6.824319320740102,1.829004627509825,2,0.251
India,Mobile,Master,Silver,True,False,True,39,9.8,4.2,5,1,27.4,1768.79,1,7.478050975976825,1.8128169798052736,2,0.251
Brazil,Desktop,Master,Silver,True,True,False,31,12.2,4.4,9,1,0.8,1978.12,1,7.589902177683217,1.844934404062263,2,0.251
Japan,Mobile,Bachelor,Bronze,True,True,True,34,13.1,4.1,7,2,14.3,296.3,0,5.691372454579519,1.7963629745483078,0,0.3466
UK,Mobile,Master,Platinum,True,True,True,18,33.1,3.7,5,2,17.0,5353.26,1,8.58546100010868,1.727698115361634,2,0.251
France,Mobile,Bachelor,Silver,True,True,True,25,5.7,4.0,8,5,8.5,972.64,1,6.880014024000412,1.7796336993958102,0,0.3466
UK,Desktop,Master,Platinum,True,False,True,49,4.2,4.8,3,2,2.6,1612.46,1,7.385516242160699,1.9062310586677143,2,0.251
USA,Mobile,Bachelor,Bronze,True,True,True,59,19.7,4.0,3,4,5.1,386.14,0,5.956199998007671,1.7796336993958102,0,0.3466
Australia,Mobile,PhD,Silver,True,True,True,27,8.1,4.1,4,1,21.2,1624.04,0,7.392672150960168,1.7963629745483078,3,0.1018
USA,Mobile,Master,Gold,True,True,False,40,84.7,3.7,9,2,6.6,914.64,1,6.818530545233714,1.727698115361634,2,0.251
Canada,Mobile,High School,Gold,True,True,False,51,25.9,3.5,1,2,11.9,1325.42,0,7.189484669324493,1.691512653766797,1,0.3006
Germany,Desktop,Bachelor,Platinum,True,True,True,32,8.0,3.5,6,1,0.5,356.61,1,5.876642747660643,1.691512653766797,0,0.3466
USA,Mobile,Bachelor,Bronze,True,False,False,46,32.1,3.8,5,3,5.1,252.85,1,5.532796427525992,1.74531138386547,0,0.3466
France,Desktop,High School,Bronze,True,False,False,38,21.9,4.0,7,3,24.5,277.95,1,5.627441241399478,1.7796336993958102,1,0.3006
India,Tablet,Bachelor,Silver,True,True,True,52,20.2,4.5,7,3,15.8,1580.94,1,7.365774885825191,1.860614396637471,0,0.3466
Brazil,Mobile,Bachelor,Bronze,True,True,False,23,11.0,4.6,7,2,2.9,1325.58,0,7.189605378490992,1.876052317839795,0,0.3466
India,Desktop,High School,Platinum,True,True,True,25,17.1,3.6,4,3,2.5,6902.56,0,8.839647636269246,1.7097690490891824,1,0.3006
Japan,Tablet,PhD,Bronze,True,True,False,41,2.3,4.7,5,2,27.6,3044.8,0,8.021190496541886,1.891255528483568,3,0.1018
Japan,Mobile,Bachelor,Silver,True,False,True,39,34.9,4.4,4,2,11.1,565.08,1,6.336967314043464,1.844934404062263,0,0.3466
India,Desktop,Master,Bronze,True,True,False,37,0.8,4.1,8,3,23.0,2240.49,0,7.714449870926793,1.7963629745483078,2,0.251
USA,Mobile,Master,Silver,True,False,True,45,8.6,4.6,5,3,13.1,1338.28,1,7.199140486358299,1.876052317839795,2,0.251
Germany,Desktop,Bachelor,Bronze,True,False,False,27,3.4,4.4,4,0,3.7,151.67,0,5.021707108063305,1.844934404062263,0,0.3466
USA,Mobile,Bachelor,Bronze,True,True,True,22,8.2,3.3,6,3,15.8,1163.64,0,7.059308302104455,1.6539684852930463,0,0.3466
Spain,Mobile,Master,Bronze,True,True,False,32,11.5,4.6,2,1,3.0,1064.2,0,6.969978622162269,1.876052317839795,2,0.251
Canada,Tablet,PhD,Bronze,True,False,False,33,4.7,4.7,7,2,25.9,988.07,1,6.89575354544054,1.891255528483568,3,0.1018
USA,Mobile,High School,Platinum,True,True,False,35,1.3,4.9,7,3,1.5,1253.96,1,7.134061822757482,1.920985627295474,1,0.3006
Japan,Mobile,Master,Bronze,True,True,False,53,14.4,2.8,9,2,21.0,1170.62,1,7.065288801966593,1.5534355914115192,2,0.251
Australia,Mobile,PhD,Silver,True,False,True,47,64.7,4.6,3,3,29.3,550.67,1,6.311135718663258,1.876052317839795,3,0.1018
USA,Desktop,Master,Platinum,True,True,False,44,9.2,3.8,5,2,26.6,3172.38,0,8.062237373814055,1.74531138386547,2,0.251
France,Mobile,PhD,Gold,True,True,False,41,26.2,3.2,11,3,27.2,281.26,0,5.639279508442102,1.6346542330120937,3,0.1018
Australia,Mobile,Bachelor,Platinum,True,True,False,33,40.6,4.2,6,2,7.7,954.23,1,6.8609047325374775,1.8128169798052736,0,0.3466
USA,Desktop,PhD,Platinum,True,False,True,28,2.7,4.3,5,4,14.0,2859.88,1,7.958534944891677,1.829004627509825,3,0.1018
Japan,Desktop,Master,Silver,True,True,False,24,8.5,3.1,8,0,6.9,2010.93,0,7.606352580613861,1.6149595811994066,2,0.251
UK,Tablet,High School,Silver,True,True,False,30,4.4,3.6,6,4,20.7,1293.92,0,7.165431649347512,1.7097690490891824,1,0.3006
Australia,Tablet,PhD,Bronze,True,False,True,37,6.4,3.2,7,3,19.7,390.64,1,5.967786419753405,1.6346542330120937,3,0.1018
Canada,Desktop,Bachelor,Silver,True,False,True,24,47.5,4.1,7,1,8.9,1024.48,0,6.9319404457704925,1.7963629745483078,0,0.3466
Canada,Desktop,Bachelor,Gold,True,False,True,40,14.6,3.3,3,2,12.3,2015.08,0,7.608414175825921,1.6539684852930463,0,0.3466
Germany,Desktop,Bachelor,Silver,True,False,True,36,22.9,3.2,8,5,11.4,886.89,0,6.787720961090518,1.6346542330120937,0,0.3466
India,Tablet,High School,Gold,True,False,False,33,11.8,4.1,3,1,20.9,682.52,0,6.525791830659064,1.7963629745483078,1,0.3006
India,Desktop,Bachelor,Gold,True,True,True,52,4.6,3.1,3,3,0.6,1224.56,0,7.110336874783452,1.6149595811994066,0,0.3466
UK,Mobile,Master,Bronze,True,True,True,18,21.0,4.2,8,0,27.8,621.02,1,6.431363287534036,1.8128169798052736,2,0.251
India,Desktop,High School,Gold,True,True,True,33,33.2,4.2,8,2,4.2,2010.49,1,7.6061337524378665,1.8128169798052736,1,0.3006
USA,Mobile,High School,Silver,True,True,False,18,15.7,2.8,10,2,9.5,713.69,0,6.570448694389438,1.5534355914115192,1,0.3006
France,Desktop,High School,Bronze,True,True,True,41,18.0,3.9,5,1,1.4,1428.96,0,7.264702185935576,1.7626197870713454,1,0.3006
USA,Mobile,Bachelor,Gold,True,True,False,47,4.5,4.4,3,4,13.2,656.11,0,6.486328457813708,1.844934404062263,0,0.3466
USA,Desktop,Master,Silver,True,False,True,22,21.4,4.2,8,1,22.1,1029.28,0,6.93661480766269,1.8128169798052736,2,0.251
USA,Mobile,Master,Gold,True,True,False,23,35.8,4.1,6,4,23.5,903.58,0,6.806364650661422,1.7963629745483078,2,0.251
Japan,Desktop,PhD,Silver,True,True,False,18,16.8,4.6,11,1,10.9,940.69,0,6.846613648539773,1.876052317839795,3,0.1018
UK,Mobile,Bachelor,Bronze,True,False,False,39,2.9,3.4,5,3,11.5,1110.9,1,7.012925776587677,1.672916754755899,0,0.3466
Brazil,Tablet,High School,Gold,True,False,False,34,45.1,3.9,8,2,10.2,3317.47,1,8.106957723211442,1.7626197870713454,1,0.3006
USA,Desktop,PhD,Silver,True,False,True,35,5.7,4.0,3,1,6.6,1565.95,0,7.356247947560819,1.7796336993958102,3,0.1018
UK,Tablet,Master,Bronze,True,True,True,34,16.6,4.3,3,0,21.4,1820.91,0,7.507091655112492,1.829004627509825,2,0.251
France,Mobile,Bachelor,Bronze,True,False,True,26,26.1,3.7,5,0,26.8,563.58,1,6.334309293234479,1.727698115361634,0,0.3466
Brazil,Desktop,Master,Gold,True,False,False,52,28.9,4.6,8,3,12.2,582.42,1,6.36719183695219,1.876052317839795,2,0.251
UK,Desktop,PhD,Bronze,True,False,True,41,2.9,4.8,9,0,21.6,239.76,1,5.479638423008407,1.9062310586677143,3,0.1018
Japan,Desktop,Master,Gold,True,True,True,24,13.4,3.7,2,1,14.7,2340.71,1,7.75820958113299,1.727698115361634,2,0.251
Australia,Mobile,Bachelor,Bronze,True,True,False,30,12.7,3.7,7,5,3.8,1586.61,1,7.369354943633871,1.727698115361634,0,0.3466
France,Mobile,Master,Silver,True,True,True,28,38.5,4.6,6,1,15.4,483.56,1,6.181175402333791,1.876052317839795,2,0.251
USA,Desktop,High School,Platinum,True,True,False,55,17.6,2.5,3,2,8.0,657.96,1,6.489144139203957,1.487876807789161,1,0.3006
USA,Mobile,Bachelor,Bronze,True,True,False,47,38.8,4.4,1,1,20.1,6277.99,0,8.744805144536661,1.844934404062263,0,0.3466
India,Mobile,Bachelor,Silver,True,False,False,36,18.8,3.5,7,0,13.5,4232.6,0,8.350571740426354,1.691512653766797,0,0.3466
USA,Tablet,High School,Gold,True,True,False,58,11.5,4.4,5,3,20.3,1296.86,0,7.167701237087113,1.844934404062263,1,0.3006
India,Mobile,High School,Gold,True,False,False,55,14.2,3.9,7,2,14.4,519.43,1,6.2527320565133016,1.7626197870713454,1,0.3006
France,Tablet,High School,Silver,True,True,False,35,41.2,3.6,7,0,22.8,555.58,1,6.320012613112047,1.7097690490891824,1,0.3006
Australia,Mobile,Master,Silver,True,True,True,33,4.3,4.0,8,2,29.9,1432.27,1,7.267015877233781,1.7796336993958102,2,0.251
Brazil,Desktop,Master,Gold,True,False,False,34,25.1,4.4,14,4,25.8,1220.49,0,7.1070076964360736,1.844934404062263,2,0.251
Spain,Mobile,PhD,Gold,True,False,False,27,541.1202251700672,0.4505563040626279,8,1,21.2,4149.9,0,8.33083951654888,0.8663611431914369,3,0.1018
UK,Mobile,Bachelor,Gold,True,False,True,59,6.2,4.6,6,2,7.4,1651.78,1,7.409608773299924,1.876052317839795,0,0.3466
Brazil,Mobile,Bachelor,Bronze,True,False,False,26,27.6,4.5,8,1,17.1,8797.92,1,9.082270608891648,1.860614396637471,0,0.3466
Germany,Mobile,PhD,Platinum,True,False,True,48,6.0,4.0,4,3,19.0,238.73,0,5.47533320621846,1.7796336993958102,3,0.1018
Germany,Mobile,High School,Silver,True,True,False,46,16.5,2.8,8,2,22.0,914.89,1,6.818803839469454,1.5534355914115192,1,0.3006
Japan,Mobile,Master,Bronze,True,True,False,34,8.2,4.1,9,6,5.8,3714.38,1,8.219967052241506,1.7963629745483078,2,0.251
India,Desktop,Master,Bronze,True,True,False,60,1.8,2.2,9,2,15.5,466.18,1,6.144571825638524,1.4177166459929065,2,0.251
Spain,Desktop,High School,Bronze,True,True,True,19,17.9,4.5,8,0,13.9,3179.23,1,8.064394308089216,1.860614396637471,1,0.3006
Brazil,Mobile,Master,Bronze,True,True,False,37,13.5,4.9,4,2,7.9,4539.9,0,8.42066026436109,1.920985627295474,2,0.251
Germany,Mobile,Master,Bronze,True,True,False,32,2.6,2.4,5,1,16.2,1213.67,0,7.101404106001767,1.4650326891622956,2,0.251
Germany,Desktop,High School,Bronze,True,True,True,50,7.0,3.5,6,3,27.3,3355.0,0,8.118207049405783,1.691512653766797,1,0.3006
Brazil,Mobile,High School,Silver,True,True,True,42,2.9,3.4,7,2,23.1,2091.34,1,7.645560287836438,1.672916754755899,1,0.3006
USA,Mobile,High School,Bronze,True,True,False,18,21.9,4.6,4,2,16.7,225.22,1,5.417077702268879,1.876052317839795,1,0.3006
USA,Desktop,Bachelor,Bronze,True,False,True,53,37.0,4.1,5,1,21.9,1362.75,1,7.21725999594439,1.7963629745483078,0,0.3466
UK,Desktop,Bachelor,Bronze,True,True,False,44,24.0,3.6,8,4,23.7,1269.47,0,7.146354769514582,1.7097690490891824,0,0.3466
UK,Desktop,Bachelor,Bronze,True,True,False,26,26.9,3.3,9,2,21.7,132.66,0,4.88778946409741,1.6539684852930463,0,0.3466
UK,Tablet,High School,Bronze,True,True,False,34,8.1,3.9,6,1,25.8,875.09,0,6.774326738211038,1.7626197870713454,1,0.3006
USA,Desktop,PhD,Silver,True,True,False,22,18.9,4.7,5,6,23.3,960.73,0,6.867693412158277,1.891255528483568,3,0.1018
USA,Desktop,Bachelor,Platinum,True,False,False,36,12.1,4.7,4,3,24.8,3290.87,1,8.098907246491903,1.891255528483568,0,0.3466
USA,Mobile,High School,Gold,True,True,False,40,14.1,2.8,7,3,15.6,1077.8,1,6.982677205499396,1.5534355914115192,1,0.3006
Spain,Desktop,Bachelor,Gold,True,True,False,34,26.2,3.8,8,4,15.1,1831.71,0,7.513005235760561,1.74531138386547,0,0.3466
Germany,Desktop,Bachelor,Bronze,True,True,False,33,31.2,4.1,3,2,10.7,315.35,1,5.753683133109661,1.7963629745483078,0,0.3466
UK,Desktop,Bachelor,Bronze,True,True,False,19,8.9,3.7,4,2,14.8,429.45,0,6.062505320212233,1.727698115361634,0,0.3466
Japan,Mobile,High School,Bronze,True,False,True,42,4.0,2.7,7,1,20.9,1235.96,0,7.119603275034414,1.5320566796070851,1,0.3006
USA,Mobile,High School,Gold,True,True,True,18,10.5,3.0,12,4,9.3,1364.65,0,7.21865326448392,1.5948692441471295,1,0.3006
Canada,Desktop,Master,Bronze,True,True,False,38,10.2,2.8,5,0,6.7,740.24,1,6.606974457940775,1.5534355914115192,2,0.251
Brazil,Desktop,PhD,Silver,True,True,True,18,15.3,3.6,8,5,26.4,1058.06,1,6.964192321585297,1.7097690490891824,3,0.1018
USA,Tablet,Bachelor,Bronze,True,False,False,39,23.7,3.9,6,2,0.8,2560.56,1,7.847981263551316,1.7626197870713454,0,0.3466
Germany,Desktop,Bachelor,Bronze,True,False,False,38,2.6,3.1,6,0,28.0,369.75,0,5.912827101590909,1.6149595811994066,0,0.3466
India,Desktop,Bachelor,Platinum,True,True,False,43,7.1,4.4,5,2,25.5,815.41,0,6.7036910542295,1.844934404062263,0,0.3466
Canada,Desktop,Master,Gold,True,True,False,48,5.6,3.8,12,1,19.8,5940.07,1,8.689476196799038,1.74531138386547,2,0.251
Germany,Mobile,Bachelor,Gold,True,False,True,51,33.1,4.2,4,5,22.8,885.07,0,6.7856667379252,1.8128169798052736,0,0.3466
France,Mobile,PhD,Silver,True,False,True,19,10.3,3.8,7,2,18.0,982.26,0,6.8898560390943056,1.74531138386547,3,0.1018
USA,Desktop,Bachelor,Gold,True,True,False,37,8.1,4.9,6,2,17.2,743.68,1,6.611610834783437,1.920985627295474,0,0.3466
Spain,Mobile,Bachelor,Silver,True,True,False,62,18.7,4.2,8,1,19.5,3043.69,0,8.020825874110939,1.8128169798052736,0,0.3466
USA,Desktop,Bachelor,Platinum,True,False,False,39,7.6,4.6,7,2,0.2,2238.8,1,7.713695287017204,1.876052317839795,0,0.3466
Canada,Desktop,PhD,Bronze,True,False,False,28,12.0,2.4,2,1,25.0,7977.64,0,8.984397907355978,1.4650326891622956,3,0.1018
Japan,Mobile,Master,Silver,True,True,True,37,52.0,4.4,8,1,24.5,932.81,1,6.838201535950429,1.844934404062263,2,0.251
France,Desktop,High School,Silver,True,True,True,33,50.9,3.4,5,3,14.6,1914.82,0,7.557378902418892,1.672916754755899,1,0.3006
Germany,Mobile,Bachelor,Bronze,True,True,False,24,8.8,4.4,2,1,7.1,1232.17,1,7.11653212158712,1.844934404062263,0,0.3466
USA,Desktop,Bachelor,Gold,True,True,True,48,10.5,3.3,6,1,10.0,3189.67,1,8.067672742151887,1.6539684852930463,0,0.3466
USA,Mobile,Bachelor,Platinum,True,True,False,45,7.4,3.4,5,1,12.8,320.81,1,5.770849047576346,1.672916754755899,0,0.3466
USA,Desktop,Master,Silver,True,True,True,22,2.6,3.7,8,0,4.8,391.69,0,5.970470710603746,1.727698115361634,2,0.251
USA,Tablet,Master,Bronze,True,True,False,37,27.9,4.6,4,1,18.2,232.06,1,5.446995958919399,1.876052317839795,2,0.251
Brazil,Desktop,Master,Silver,True,True,True,31,84.5,4.3,9,2,4.6,1748.3,1,7.466399166203603,1.829004627509825,2,0.251
UK,Tablet,PhD,Gold,True,False,False,19,8.5,4.6,4,3,20.5,1171.53,0,7.066065865814588,1.876052317839795,3,0.1018
USA,Desktop,High School,Silver,True,False,False,21,6.3,4.9,9,0,16.9,758.58,0,6.631448264551861,1.920985627295474,1,0.3006
Canada,Mobile,Master,Bronze,True,True,True,23,423.7230816945768,3.5,4,4,25.1,1299.23,1,7.169527060273822,1.691512653766797,2,0.251
Australia,Desktop,Master,Silver,True,True,False,37,13.0,2.7,6,1,11.9,1491.13,0,7.307289500769428,1.5320566796070851,2,0.251
Australia,Tablet,Bachelor,Bronze,True,True,True,33,4.9,1.8,6,3,27.2,1202.86,1,7.09245733347515,1.3157873187768427,0,0.3466
Spain,Desktop,Master,Gold,True,True,False,26,8.4,3.0,9,3,19.6,2198.73,1,7.695635199933082,1.5948692441471295,2,0.251
USA,Desktop,High School,Bronze,True,False,True,33,27.4,3.7,6,6,0.0,909.9,0,6.813334703362645,1.727698115361634,1,0.3006
UK,Mobile,Master,Silver,True,False,True,47,13.5,4.4,8,1,13.1,622.21,1,6.433277656336955,1.844934404062263,2,0.251
Brazil,Desktop,Bachelor,Gold,True,False,False,42,33.7,3.7,6,1,29.0,1035.08,0,6.94223399739838,1.727698115361634,0,0.3466
Japan,Desktop,High School,Bronze,True,True,False,50,16.3,2.9,9,3,28.8,1388.85,0,7.236231345562166,1.574366995878342,1,0.3006
USA,Tablet,Master,Bronze,True,True,True,35,5.1,3.9,9,2,17.1,1579.31,1,7.364743321775167,1.7626197870713454,2,0.251
India,Tablet,Bachelor,Bronze,True,True,False,57,7.7,4.5,8,2,19.9,507.73,0,6.22994981022139,1.860614396637471,0,0.3466
USA,Desktop,High School,Bronze,True,True,True,42,14.9,3.1,5,3,7.1,661.85,1,6.49503894415978,1.6149595811994066,1,0.3006
USA,Tablet,High School,Bronze,True,True,False,32,5.0,4.3,6,3,9.6,590.73,1,6.381359060225188,1.829004627509825,1,0.3006
France,Mobile,Bachelor,Platinum,True,True,True,39,4.5,4.7,2,4,11.9,1540.68,1,7.339979156390992,1.891255528483568,0,0.3466
France,Desktop,Bachelor,Gold,True,False,False,23,4.7,4.5,4,1,12.4,679.4,0,6.521210055726484,1.860614396637471,0,0.3466
France,Mobile,Master,Gold,True,False,True,34,18.4,4.6,2,1,21.2,2040.02,0,7.620714890711772,1.876052317839795,2,0.251
USA,Mobile,PhD,Platinum,True,False,False,43,9.1,4.3,5,4,2.3,817.05,0,6.705700292497793,1.829004627509825,3,0.1018
India,Tablet,Bachelor,Bronze,True,True,True,45,31.4,3.7,2,1,1.4,275.76,1,5.61953092220861,1.727698115361634,0,0.3466
UK,Desktop,Master,Bronze,True,False,False,33,5.9,3.8,8,3,15.6,4063.71,1,8.309851628444479,1.74531138386547,2,0.251
USA,Mobile,Bachelor,Bronze,True,False,False,71,1.7,4.3,6,5,17.4,527.02,1,6.267238498485391,1.829004627509825,0,0.3466
Australia,Desktop,Master,Gold,True,True,True,137,11.0,0.0058879108598655,8,4,11.6,1854.32,0,7.525273331016422,0.6593693887616356,2,0.251
Canada,Desktop,High School,Silver,True,True,True,18,45.5,4.8,7,3,22.4,751.28,0,6.621778418496358,1.9062310586677143,1,0.3006
India,Desktop,Bachelor,Bronze,True,True,True,53,12.5,4.6,2,5,5.1,720.0,1,6.579251212010101,1.876052317839795,0,0.3466
India,Tablet,Bachelor,Bronze,True,True,False,45,4.1,3.9,5,4,29.7,916.51,0,6.820572978294975,1.7626197870713454,0,0.3466
Japan,Mobile,High School,Silver,True,False,True,41,3.3,3.9,5,1,10.5,1932.68,0,7.566662919720359,1.7626197870713454,1,0.3006
France,Mobile,Master,Silver,True,False,True,32,31.8,4.2,4,5,9.9,354.17,0,5.869777023850878,1.8128169798052736,2,0.251
USA,Mobile,Master,Gold,True,False,True,43,6.4,4.5,3,1,11.8,8589.95,1,9.058348194239592,1.860614396637471,2,0.251
Germany,Desktop,Bachelor,Bronze,True,False,False,57,41.8,4.8,6,1,25.1,935.07,1,6.840621392796505,1.9062310586677143,0,0.3466
UK,Desktop,Bachelor,Platinum,True,True,False,40,20.6,4.4,6,5,6.6,2537.26,0,7.838840037596163,1.844934404062263,0,0.3466
UK,Desktop,Master,Silver,True,True,True,20,6.6,3.9,3,3,13.7,695.56,0,6.544717276513868,1.7626197870713454,2,0.251
Brazil,Desktop,Master,Gold,True,False,False,18,31.0,5.0,9,2,8.0,2068.38,0,7.634520971165707,1.9355256601749082,2,0.251
Germany,Mobile,High School,Platinum,True,True,True,43,5.8,4.3,1,2,1.3,961.48,1,6.868473763980461,1.829004627509825,1,0.3006
USA,Mobile,Bachelor,Platinum,True,True,False,26,3.8,4.2,7,1,11.0,1292.73,0,7.164511540261278,1.8128169798052736,0,0.3466
USA,Desktop,Master,Bronze,True,False,True,37,6.1,3.7,8,4,2.3,2599.49,0,7.863070550922738,1.727698115361634,2,0.251
Japan,Desktop,Bachelor,Bronze,True,False,True,28,22.5,3.0,4,2,29.1,202.48,0,5.3106411162368685,1.5948692441471295,0,0.3466
USA,Desktop,High School,Silver,True,True,True,27,30.3,3.5,9,2,4.2,879.02,0,6.778807650554883,1.691512653766797,1,0.3006
India,Desktop,Bachelor,Silver,True,True,False,29,8.9,3.9,9,5,29.5,453.7,1,6.117436186669918,1.7626197870713454,0,0.3466
Germany,Tablet,Master,Silver,True,True,True,30,2.7,4.4,2,4,13.8,2844.99,0,7.953314831615765,1.844934404062263,2,0.251
Germany,Mobile,Master,Platinum,True,True,False,47,3.5,3.8,6,2,5.0,1163.97,1,7.059591854763372,1.74531138386547,2,0.251
France,Mobile,PhD,Bronze,True,False,True,45,5.2,4.5,5,3,8.0,3996.11,1,8.293076666917097,1.860614396637471,3,0.1018
India,Mobile,Master,Silver,True,True,False,24,4.3,4.3,8,2,11.6,8246.63,0,9.017559911027579,1.829004627509825,2,0.251
UK,Desktop,PhD,Bronze,True,False,True,25,15.1,4.3,11,1,20.4,321.8,1,5.773930234558283,1.829004627509825,3,0.1018
Japan,Desktop,High School,Gold,True,True,True,43,57.4,4.3,9,3,21.4,306.94,1,5.726652288746949,1.829004627509825,1,0.3006
France,Tablet,Master,Platinum,True,True,False,51,23.0,3.8,3,2,6.5,453.49,1,6.116973218595422,1.74531138386547,2,0.251
UK,Mobile,High School,Silver,True,False,True,50,4.9,3.7,12,3,5.9,1226.27,1,7.111732320634437,1.727698115361634,1,0.3006
India,Desktop,Master,Bronze,True,False,False,26,7.0,4.2,3,4,27.4,1985.1,0,7.593424569686124,1.8128169798052736,2,0.251
Brazil,Mobile,Bachelor,Gold,True,False,True,50,8.2,3.4,4,1,13.6,60.2,1,4.097672352314776,1.672916754755899,0,0.3466
Japan,Mobile,Bachelor,Silver,True,False,True,18,16.6,2.3,3,4,10.8,2181.91,1,7.687955918979567,1.4416544924686217,0,0.3466
India,Mobile,Master,Bronze,True,False,False,36,42.8,3.2,7,2,18.8,4769.11,1,8.469914983664424,1.6346542330120937,2,0.251
India,Tablet,Master,Gold,True,True,False,44,8.4,3.1,6,6,16.5,1697.48,1,7.436900077331042,1.6149595811994066,2,0.251
Japan,Mobile,High School,Platinum,True,True,True,18,41.7,4.3,6,2,26.8,210.57,1,5.34981813941044,1.829004627509825,1,0.3006
India,Mobile,Bachelor,Silver,True,True,False,63,65.6,4.1,5,5,4.8,2012.8,1,7.607282066506121,1.7963629745483078,0,0.3466
Japan,Desktop,Bachelor,Silver,True,False,False,54,9.2,3.6,4,2,13.5,643.19,1,6.466440170480215,1.7097690490891824,0,0.3466
Japan,Desktop,Bachelor,Bronze,True,False,False,46,9.0,2.3,7,1,6.0,463.07,0,6.137878230563462,1.4416544924686217,0,0.3466
France,Desktop,Master,Silver,True,False,False,26,9.1,4.1,7,1,3.2,1716.63,0,7.448118345538259,1.7963629745483078,2,0.251
Brazil,Desktop,Bachelor,Silver,True,False,False,37,12.8,3.4,5,4,8.6,2831.86,0,7.94868901856341,1.672916754755899,0,0.3466
USA,Mobile,PhD,Bronze,True,True,False,47,9.1,3.6,10,2,2.0,523.78,1,6.261071748832231,1.7097690490891824,3,0.1018
Australia,Mobile,High School,Bronze,True,False,False,25,24.7,4.7,11,2,18.1,1288.2,1,7.161001174112791,1.891255528483568,1,0.3006
India,Desktop,Master,Bronze,True,True,True,36,3.5,4.6,4,2,25.5,5450.03,1,8.603376392229295,1.876052317839795,2,0.251
USA,Mobile,Master,Bronze,True,True,False,49,7.9,3.0,8,2,9.1,1260.84,1,7.139533444488684,1.5948692441471295,2,0.251
India,Desktop,High School,Silver,True,True,False,20,15.9,3.2,7,1,19.0,197.72,0,5.2868518884387585,1.6346542330120937,1,0.3006
USA,Desktop,Bachelor,Silver,True,True,True,42,24.4,4.0,7,3,3.9,3827.71,0,8.250021992127337,1.7796336993958102,0,0.3466
UK,Desktop,Master,Silver,True,True,True,18,70.5,4.5,6,3,7.0,1390.1,1,7.237130965983047,1.860614396637471,2,0.251
Brazil,Desktop,Master,Bronze,True,True,False,27,4.3,4.5,4,3,20.3,1210.84,0,7.099069612611137,1.860614396637471,2,0.251
USA,Desktop,Bachelor,Silver,True,False,True,32,7.2,4.8,5,4,27.6,2893.82,0,7.970332707606764,1.9062310586677143,0,0.3466
India,Mobile,Bachelor,Gold,True,False,True,44,2.0,3.6,3,4,0.6,2359.41,0,7.766166866764446,1.7097690490891824,0,0.3466
India,Desktop,High School,Silver,True,True,False,30,5.0,4.7,2,2,19.3,1116.33,0,7.017801798155677,1.891255528483568,1,0.3006
Germany,Tablet,High School,Platinum,True,False,False,40,3.0,4.5,10,1,21.1,2887.84,1,7.968264096815938,1.860614396637471,1,0.3006
USA,Desktop,Bachelor,Silver,True,True,False,30,8.0,4.0,11,2,17.9,2102.28,0,7.650777749035731,1.7796336993958102,0,0.3466
UK,Desktop,High School,Silver,True,True,True,32,10.1,2.9,3,2,12.8,446.92,1,6.102379607679137,1.574366995878342,1,0.3006
France,Desktop,Master,Bronze,True,False,False,53,17.7,3.7,3,7,29.6,895.04,0,6.7968684100135945,1.727698115361634,2,0.251
Spain,Mobile,Master,Silver,True,False,True,24,9.6,2.9,4,2,8.2,5603.29,1,8.63110920421268,1.574366995878342,2,0.251
Japan,Desktop,PhD,Gold,True,False,True,47,17.7,3.5,6,0,14.0,435.78,0,6.077137528846132,1.691512653766797,3,0.1018
UK,Mobile,Master,Platinum,True,True,False,38,13.3,2.8,6,0,20.2,5603.23,0,8.63109849616058,1.5534355914115192,2,0.251
Japan,Mobile,PhD,Platinum,True,True,False,31,5.3,4.7,7,4,0.0,3021.21,0,8.013412692376884,1.891255528483568,3,0.1018
France,Mobile,Bachelor,Bronze,True,True,False,23,3.2,4.2,8,4,10.8,655.5,0,6.4853983032037545,1.8128169798052736,0,0.3466
Brazil,Mobile,Bachelor,Silver,True,True,False,24,19.4,4.0,6,3,11.8,636.14,0,6.45541866490216,1.7796336993958102,0,0.3466
USA,Desktop,PhD,Silver,True,False,False,29,45.5,4.4,3,4,0.3,526.41,0,6.2660803767911535,1.844934404062263,3,0.1018
Brazil,Desktop,Bachelor,Silver,True,True,True,36,92.6,2.9,8,1,0.8,2015.42,1,7.608582889385433,1.574366995878342,0,0.3466
France,Desktop,High School,Bronze,True,True,True,45,25.7,4.2,7,115,29.7,1804.99,1,7.498310330585429,1.8128169798052736,1,0.3006
Canada,Mobile,Master,Gold,True,True,False,34,39.1,3.1,8,1,3.3,485.37,1,6.184911486685355,1.6149595811994066,2,0.251
UK,Desktop,PhD,Platinum,True,True,False,35,17.6,4.1,6,4,7.1,593.01,0,6.385211262261948,1.7963629745483078,3,0.1018
Japan,Desktop,Master,Silver,True,True,False,37,15.5,4.5,4,4,4.2,2904.63,1,7.974061294564902,1.860614396637471,2,0.251
Australia,Tablet,Bachelor,Bronze,True,False,False,44,13.3,4.1,9,3,15.4,2677.75,0,7.892732168644739,1.7963629745483078,0,0.3466
USA,Desktop,Master,Bronze,True,True,True,46,11.2,2.8,8,2,22.1,1460.31,1,7.286404020930943,1.5534355914115192,2,0.251
Australia,Mobile,PhD,Silver,True,False,False,21,19.8,3.5,9,2,2.3,882.58,1,6.782849436256921,1.691512653766797,3,0.1018
Japan,Mobile,High School,Bronze,True,True,True,35,8.0,4.5,6,3,17.6,410.86,0,6.018252523864365,1.860614396637471,1,0.3006
USA,Desktop,Master,Platinum,True,False,True,53,10.8,3.3,7,1,10.6,855.0,0,6.75110146893676,1.6539684852930463,2,0.251
UK,Desktop,High School,Silver,True,True,True,22,4.7,3.4,4,3,14.7,1298.78,0,7.169180641280438,1.672916754755899,1,0.3006
Japan,Desktop,Bachelor,Silver,True,True,False,39,17.8,4.1,9,3,8.0,830.5,0,6.72202792905335,1.7963629745483078,0,0.3466
USA,Mobile,Bachelor,Silver,True,True,False,36,5.7,4.1,3,6,25.9,413.79,1,6.025358598755538,1.7963629745483078,0,0.3466
France,Mobile,High School,Bronze,True,True,False,31,12.5,3.5,4,4,13.6,952.6,0,6.85919508836676,1.691512653766797,1,0.3006
UK,Mobile,High School,Platinum,True,True,True,57,18.2,4.0,4,2,4.8,1094.08,0,6.997669106450936,1.7796336993958102,1,0.3006
Japan,Tablet,Bachelor,Silver,True,True,True,38,19.5,3.5,2,2,23.8,4314.02,0,8.369625463006969,1.691512653766797,0,0.3466
USA,Mobile,High School,Platinum,True,False,True,56,22.6,4.1,6,2,22.6,590.51,0,6.380986570295041,1.7963629745483078,1,0.3006
India,Desktop,High School,Silver,True,True,True,38,10.3,3.6,5,7,14.5,944.53,0,6.850687449274616,1.7097690490891824,1,0.3006
Canada,Desktop,Master,Gold,True,True,True,44,18.0,4.0,4,1,21.7,574.31,1,6.3531693202208315,1.7796336993958102,2,0.251
Canada,Mobile,Bachelor,Bronze,True,True,True,31,8.3,2.5,3,0,18.1,787.14,0,6.6684061233209935,1.487876807789161,0,0.3466
Brazil,Desktop,Bachelor,Silver,True,True,False,31,2.5,3.1,7,0,4.9,750.69,0,6.62099278358974,1.6149595811994066,0,0.3466
USA,Desktop,PhD,Gold,True,False,True,43,18.6,4.6,2,1,30.0,1791.32,0,7.490708057234371,1.876052317839795,3,0.1018
Brazil,Mobile,High School,Gold,True,False,True,43,15.5,3.6,4,1,23.2,677.61,1,6.51857190119825,1.7097690490891824,1,0.3006
USA,Desktop,Bachelor,Gold,True,True,False,45,27.4,4.9,5,3,20.0,1646.83,1,7.406607506878228,1.920985627295474,0,0.3466
USA,Tablet,Bachelor,Bronze,True,True,True,43,11.9,3.8,5,0,24.9,2277.09,1,7.7306535909743195,1.74531138386547,0,0.3466
UK,Mobile,Master,Platinum,True,True,True,22,3.4,3.8,7,1,27.8,794.25,0,6.677398273149626,1.74531138386547,2,0.251
Germany,Desktop,PhD,Platinum,True,True,False,28,11.3,4.6,10,0,17.3,993.66,1,6.9013950958294545,1.876052317839795,3,0.1018
Brazil,Tablet,PhD,Bronze,True,True,True,48,24.8,3.3,8,4,17.7,394.89,1,5.978607245105426,1.6539684852930463,3,0.1018
Japan,Desktop,Master,Platinum,True,True,False,18,17.8,3.3,10,2,0.7,1527.12,1,7.331138887592647,1.6539684852930463,2,0.251
Germany,Desktop,High School,Bronze,True,True,False,42,10.8,3.4,9,2,12.4,1161.43,0,7.057407283498087,1.672916754755899,1,0.3006
UK,Desktop,High School,Silver,True,False,False,37,3.2,3.4,8,3,15.3,335.06,1,5.814309620265386,1.672916754755899,1,0.3006
Spain,Desktop,Bachelor,Bronze,True,True,False,48,5.4,3.6,6,2,7.0,1544.55,0,7.342487884770869,1.7097690490891824,0,0.3466
Germany,Mobile,High School,Platinum,True,True,False,43,17.8,3.5,6,3,10.8,809.08,1,6.695897799684895,1.691512653766797,1,0.3006
Germany,Desktop,Master,Bronze,True,True,False,30,3.2,4.8,7,1,11.0,368.5,0,5.909440711629391,1.9062310586677143,2,0.251
USA,Desktop,Master,Silver,True,False,True,29,9.4,3.0,7,3,11.0,1373.14,0,7.224855367066464,1.5948692441471295,2,0.251
Brazil,Desktop,High School,Silver,True,False,False,32,12.6,3.7,5,2,28.7,1030.8,0,6.93809047877821,1.727698115361634,1,0.3006
Japan,Mobile,Master,Bronze,True,True,False,45,30.6,4.6,6,5,17.6,1663.59,0,7.416733196790339,1.876052317839795,2,0.251
USA,Mobile,High School,Silver,True,False,False,18,19.9,3.8,7,3,9.4,503.4,0,6.221385082701215,1.74531138386547,1,0.3006
USA,Desktop,Bachelor,Bronze,True,True,False,40,26.3,4.1,1,1,9.1,511.21,1,6.236780464687332,1.7963629745483078,0,0.3466
Japan,Desktop,Master,Gold,True,False,False,27,15.5,4.4,8,0,25.4,1400.8,1,7.244798780971642,1.844934404062263,2,0.251
Japan,Desktop,Bachelor,Platinum,True,True,False,40,6.2,2.2,6,2,19.3,473.63,0,6.160426426158207,1.4177166459929065,0,0.3466
UK,Desktop,Bachelor,Gold,True,True,False,42,7.5,3.7,8,4,25.5,3472.54,1,8.15264159364063,1.727698115361634,0,0.3466
Canada,Mobile,High School,Gold,True,True,False,18,5.8,4.2,5,2,19.3,6012.99,0,8.701677407974824,1.8128169798052736,1,0.3006
USA,Mobile,Bachelor,Bronze,True,True,False,35,19.5,4.6,3,5,27.4,119.23,1,4.78105440081804,1.876052317839795,0,0.3466
Germany,Desktop,Master,Bronze,True,True,True,40,7.0,3.9,5,3,12.1,2488.79,0,7.819551927574712,1.7626197870713454,2,0.251
Canada,Desktop,PhD,Silver,True,True,False,39,8.9,4.2,8,5,25.3,463.31,0,6.1383963764763045,1.8128169798052736,3,0.1018
Germany,Desktop,Bachelor,Bronze,True,False,True,37,12.4,4.0,5,2,5.3,1529.52,0,7.3327092396741484,1.7796336993958102,0,0.3466
Japan,Mobile,Bachelor,Platinum,True,False,False,23,45.3,4.0,5,1,20.1,838.16,0,6.731209013044709,1.7796336993958102,0,0.3466
UK,Desktop,Master,Bronze,True,True,False,25,20.6,4.3,8,4,10.9,1737.94,1,7.460455782789839,1.829004627509825,2,0.251
UK,Tablet,PhD,Platinum,True,True,False,21,6.6,3.8,5,1,15.7,973.25,1,6.880640986490565,1.74531138386547,3,0.1018
Spain,Mobile,High School,Bronze,True,True,True,45,13.8,4.8,8,2,22.1,924.5,0,6.829253050827179,1.9062310586677143,1,0.3006
Germany,Desktop,Bachelor,Gold,True,False,False,37,45.7,4.3,4,5,16.9,225.78,0,5.419561073833401,1.829004627509825,0,0.3466
Australia,Mobile,Master,Bronze,True,True,True,37,19.9,4.4,8,3,21.9,11212.89,1,9.324819288370847,1.844934404062263,2,0.251
USA,Tablet,Bachelor,Bronze,True,True,True,18,3.4,4.5,4,3,1.1,319.04,1,5.765316486773473,1.860614396637471,0,0.3466
USA,Mobile,High School,Gold,True,True,False,38,5.9,3.9,7,4,12.0,810.66,0,6.697848730699922,1.7626197870713454,1,0.3006
USA,Desktop,Bachelor,Bronze,True,True,True,46,5.5,3.2,5,5,28.6,2299.36,0,7.740386102325937,1.6346542330120937,0,0.3466
Japan,Desktop,High School,Gold,True,True,False,18,38.6,3.8,3,4,22.9,7866.5,1,8.970368515680478,1.74531138386547,1,0.3006
UK,Mobile,Bachelor,Silver,True,True,False,32,33.3,4.2,2,5,14.5,5226.26,0,8.561451196086788,1.8128169798052736,0,0.3466
India,Mobile,Bachelor,Bronze,True,False,False,19,7.4,4.3,4,2,21.3,137.24,0,4.921731217990249,1.829004627509825,0,0.3466
Germany,Mobile,Master,Platinum,True,True,False,33,7.3,2.8,3,1,0.8,3010.62,0,8.009901316598386,1.5534355914115192,2,0.251
Canada,Tablet,Bachelor,Silver,True,False,False,27,12.6,4.4,6,4,8.8,1429.45,1,7.26504503388587,1.844934404062263,0,0.3466
USA,Tablet,High School,Gold,True,True,True,43,12.9,4.6,5,3,27.1,2217.75,0,7.704248447400697,1.876052317839795,1,0.3006
India,Tablet,High School,Silver,True,False,False,40,5.6,2.8,7,0,14.9,518.27,0,6.25049634198467,1.5534355914115192,1,0.3006
Brazil,Desktop,Master,Silver,True,True,True,53,10.0,3.4,7,4,28.6,1928.05,1,7.5642644084441795,1.672916754755899,2,0.251
Brazil,Mobile,High School,Bronze,True,False,False,37,3.8,2.9,7,2,7.9,1780.95,0,7.484902208779911,1.574366995878342,1,0.3006
India,Mobile,Bachelor,Bronze,True,True,True,42,33.7,4.0,6,3,25.0,1329.9,0,7.192859030419117,1.7796336993958102,0,0.3466
Brazil,Mobile,High School,Silver,True,False,False,31,3.0,4.5,8,1,0.6,3102.21,0,8.039870039704248,1.860614396637471,1,0.3006
Japan,Mobile,Master,Silver,True,True,True,25,3.0,3.9,10,2,0.1,777.05,1,6.655504698361621,1.7626197870713454,2,0.251
USA,Desktop,Bachelor,Bronze,True,True,True,48,17.3,4.5,1,3,4.1,1734.4,0,7.4584168112453275,1.860614396637471,0,0.3466
USA,Mobile,Bachelor,Silver,True,True,False,53,4.5,4.9,4,1,7.8,666.92,1,6.502670098692258,1.920985627295474,0,0.3466
Australia,Mobile,Bachelor,Silver,True,False,False,46,8.2,3.9,8,4,1.3,1331.93,1,7.194384297166848,1.7626197870713454,0,0.3466
France,Desktop,Master,Bronze,True,True,False,40,12.8,4.1,8,5,6.3,674.02,1,6.5132597840625595,1.7963629745483078,2,0.251
Brazil,Mobile,Bachelor,Bronze,True,False,False,26,20.9,4.8,7,4,26.2,1088.37,0,6.992436443133403,1.9062310586677143,0,0.3466
Germany,Desktop,Master,Silver,True,True,False,52,10.2,4.8,5,4,27.5,2915.42,0,7.977769170738492,1.9062310586677143,2,0.251
USA,Desktop,Master,Bronze,True,True,True,45,50.6,2.7,6,1,3.6,1267.08,1,7.144470319606423,1.5320566796070851,2,0.251
USA,Desktop,PhD,Bronze,True,True,False,62,12.2,4.6,8,5,9.5,382.07,1,5.945603837892363,1.876052317839795,3,0.1018
Japan,Desktop,Bachelor,Bronze,True,False,False,24,31.6,3.5,7,1,18.3,635.17,0,6.4538926795984475,1.691512653766797,0,0.3466
Germany,Mobile,PhD,Platinum,True,True,False,48,15.2,3.5,3,3,19.8,3071.61,0,8.029957133083332,1.691512653766797,3,0.1018
USA,Mobile,High School,Gold,True,True,True,45,67.0,3.5,7,1,0.8,1884.92,0,7.541640658663193,1.691512653766797,1,0.3006
Germany,Mobile,Bachelor,Bronze,True,False,False,34,28.4,3.2,5,3,27.4,1696.19,1,7.436139838379034,1.6346542330120937,0,0.3466
USA,Mobile,Master,Bronze,True,True,False,54,12.6,4.7,4,3,12.8,219.74,1,5.392445029272735,1.891255528483568,2,0.251
France,Desktop,High School,Gold,True,True,False,43,20.1,4.6,2,7,13.2,431.31,0,6.066827089102611,1.876052317839795,1,0.3006
UK,Desktop,High School,Silver,True,True,False,27,9.9,4.0,9,3,2.6,4466.18,1,8.404288736110962,1.7796336993958102,1,0.3006
Brazil,Tablet,Bachelor,Gold,True,True,True,37,9.8,3.1,6,3,15.8,4672.3,0,8.449406734775307,1.6149595811994066,0,0.3466
UK,Desktop,Bachelor,Platinum,True,False,True,27,4.3,4.5,5,2,17.6,2009.92,1,7.605850199266016,1.860614396637471,0,0.3466
Germany,Tablet,Bachelor,Silver,True,True,True,32,6.4,4.3,10,3,13.7,2758.4,1,7.922406080469374,1.829004627509825,0,0.3466
USA,Mobile,Master,Bronze,True,True,False,46,63.4,4.4,2,1,26.6,232.92,1,5.450695046968919,1.844934404062263,2,0.251
USA,Mobile,Master,Gold,True,False,True,50,4.6,4.4,5,0,3.3,1889.12,1,7.5438663911588,1.844934404062263,2,0.251
UK,Tablet,Master,Platinum,True,False,False,41,7.2,3.5,3,1,5.5,162.99,0,5.093688849231541,1.691512653766797,2,0.251
Germany,Desktop,High School,Silver,True,True,False,29,11.3,3.4,4,1,11.3,3349.54,0,8.116578301957924,1.672916754755899,1,0.3006
France,Desktop,PhD,Silver,True,False,False,43,11.6,3.2,6,2,18.3,2753.32,0,7.920562735220177,1.6346542330120937,3,0.1018
UK,Mobile,High School,Bronze,True,True,False,47,16.6,4.6,3,2,12.7,428.9,1,6.061223791522835,1.876052317839795,1,0.3006
Japan,Desktop,High School,Bronze,True,False,False,18,8.4,4.1,7,3,25.5,744.74,1,6.613035164178639,1.7963629745483078,1,0.3006
India,Tablet,High School,Gold,True,False,False,39,17.4,3.4,6,5,6.4,2723.37,1,7.90962536298759,1.672916754755899,1,0.3006
Brazil,Desktop,Bachelor,Platinum,True,False,False,36,30.4,3.8,11,3,7.2,805.06,1,6.6909168088025215,1.74531138386547,0,0.3466
USA,Mobile,High School,Silver,True,False,False,49,33.6,4.5,5,3,26.7,337.53,1,5.82165439525109,1.860614396637471,1,0.3006
Germany,Mobile,High School,Gold,True,True,True,43,9.8,2.1,8,3,14.0,8024.12,1,8.99020728466454,1.393191696315046,1,0.3006
USA,Mobile,Bachelor,Bronze,True,True,True,141,466.01535676798994,4.0,10,3,19.6,2433.75,1,7.797188556686409,1.7796336993958102,0,0.3466
USA,Desktop,High School,Bronze,True,True,False,32,4.9,4.2,7,1,11.3,1552.11,0,7.347370574520219,1.8128169798052736,1,0.3006
Spain,Desktop,Bachelor,Silver,True,True,True,38,6.8,4.6,7,1,11.3,1441.29,0,7.2732938248841785,1.876052317839795,0,0.3466
USA,Mobile,Master,Bronze,True,True,True,49,4.8,4.3,8,4,4.3,1808.22,1,7.500098214965468,1.829004627509825,2,0.251
Germany,Desktop,Master,Silver,True,False,True,37,11.7,4.0,8,3,26.6,989.95,0,6.897654436802708,1.7796336993958102,2,0.251
France,Mobile,High School,Bronze,True,True,False,40,6.1,4.5,7,2,24.8,816.37,0,6.7048676835677155,1.860614396637471,1,0.3006
Japan,Mobile,High School,Gold,True,True,True,20,3.6,4.7,5,2,16.1,1212.18,0,7.100175670453506,1.891255528483568,1,0.3006
France,Mobile,PhD,Gold,True,True,False,37,8.9,4.2,7,4,1.2,3079.9,1,8.03265240790807,1.8128169798052736,3,0.1018
USA,Mobile,High School,Silver,True,True,True,18,3.1,4.3,3,4,6.7,937.65,0,6.843376745045931,1.829004627509825,1,0.3006
UK,Desktop,Master,Bronze,True,False,True,32,35.2,3.3,9,3,5.7,1425.14,1,7.262025333491001,1.6539684852930463,2,0.251
Germany,Mobile,High School,Silver,True,True,True,39,7.8,4.1,8,6,16.1,1387.64,1,7.235359741431337,1.7963629745483078,1,0.3006
USA,Tablet,PhD,Platinum,True,False,False,47,26.8,4.8,6,2,4.7,1266.65,0,7.144130899065065,1.9062310586677143,3,0.1018
UK,Desktop,Bachelor,Silver,True,True,True,26,8.2,4.0,5,3,13.0,782.06,0,6.661931463944707,1.7796336993958102,0,0.3466
USA,Tablet,Bachelor,Bronze,True,False,False,42,4.7,4.2,7,4,5.8,895.74,0,6.7976501922935535,1.8128169798052736,0,0.3466
USA,Mobile,Master,Bronze,True,True,False,56,31.2,3.0,8,6,8.6,5060.6,0,8.529240332326905,1.5948692441471295,2,0.251
UK,Desktop,Bachelor,Bronze,True,True,False,30,13.1,3.1,10,2,9.0,1316.99,1,7.183104108700027,1.6149595811994066,0,0.3466
USA,Desktop,Bachelor,Bronze,True,False,True,19,55.1,3.8,4,1,6.8,6573.26,0,8.790765183239673,1.74531138386547,0,0.3466
France,Tablet,Bachelor,Gold,True,True,True,41,8.4,3.5,8,1,7.9,1937.91,1,7.569365351743875,1.691512653766797,0,0.3466
Japan,Desktop,Master,Gold,True,True,True,24,8.5,2.9,9,2,4.6,306.78,1,5.726130878319963,1.574366995878342,2,0.251
India,Tablet,High School,Bronze,True,True,False,28,27.2,3.2,3,2,23.2,1074.97,1,6.9800480331956125,1.6346542330120937,1,0.3006
USA,Tablet,High School,Bronze,True,True,False,49,27.4,3.0,8,5,29.2,427.07,1,6.056947934219075,1.5948692441471295,1,0.3006
USA,Desktop,Bachelor,Bronze,True,True,False,61,13.8,3.8,5,3,23.5,3956.3,1,8.283064524043272,1.74531138386547,0,0.3466
USA,Desktop,High School,Platinum,True,False,False,26,120.0,4.0,5,3,11.0,547.31,0,6.305015369497659,1.7796336993958102,1,0.3006
Japan,Mobile,Master,Silver,True,True,False,29,9.7,4.3,2,4,22.7,1175.9,0,7.06978909082937,1.829004627509825,2,0.251
Japan,Desktop,High School,Silver,True,True,False,33,4.4,4.6,6,1,1.9,249.59,1,5.519819571590121,1.876052317839795,1,0.3006
USA,Mobile,Bachelor,Silver,True,True,False,31,5.5,2.9,11,4,10.6,1425.18,1,7.262053400515057,1.574366995878342,0,0.3466
Australia,Desktop,High School,Silver,True,True,True,61,9.8,4.2,5,2,11.9,1481.99,1,7.30114105819494,1.8128169798052736,1,0.3006
USA,Mobile,Bachelor,Bronze,True,False,True,32,41.1,4.6,5,3,0.4,2952.45,0,7.990390613127106,1.876052317839795,0,0.3466
France,Mobile,High School,Bronze,True,False,True,33,10.5,3.2,1,2,28.5,1722.21,0,7.451363628771743,1.6346542330120937,1,0.3006
Japan,Desktop,High School,Silver,True,False,False,57,42.6,3.2,5,1,13.9,615.47,1,6.422386203575545,1.6346542330120937,1,0.3006
India,Desktop,High School,Silver,True,False,False,45,17.2,4.3,5,66,29.6,127595.8265956974,0,11.756622942427672,1.829004627509825,1,0.3006
Japan,Desktop,PhD,Bronze,True,False,False,50,29.0,2.5,5,3,8.4,929.98,1,6.835163080539713,1.487876807789161,3,0.1018
India,Desktop,High School,Bronze,True,True,False,27,16.6,3.9,7,0,29.4,97.67,1,4.581594449459386,1.7626197870713454,1,0.3006
UK,Mobile,Master,Bronze,True,False,True,32,16.5,3.6,2,6,18.4,744.57,0,6.612806870538311,1.7097690490891824,2,0.251
India,Mobile,High School,Silver,True,True,False,26,22.2,4.7,2,2,12.5,1575.0,0,7.362010551259734,1.891255528483568,1,0.3006
USA,Desktop,High School,Silver,True,False,True,48,7.7,4.6,11,1,25.0,1472.2,0,7.294513159624605,1.876052317839795,1,0.3006
Australia,Mobile,Bachelor,Platinum,True,True,True,53,7.8,2.8,6,5,16.3,3704.37,1,8.217268482785835,1.5534355914115192,0,0.3466
France,Mobile,Bachelor,Bronze,True,True,False,31,16.1,4.4,8,2,24.8,394.68,0,5.978075309988966,1.844934404062263,0,0.3466
India,Desktop,PhD,Bronze,True,False,False,110,57.6,4.6,5,4,15.2,2229.57,0,7.709564020748905,1.876052317839795,3,0.1018
Germany,Desktop,PhD,Bronze,True,True,True,34,3.6,3.1,5,2,12.6,823.59,1,6.713672833263506,1.6149595811994066,3,0.1018
Japan,Tablet,Master,Silver,True,True,True,19,2.4,4.8,5,2,18.2,148.2,0,4.998562712861986,1.9062310586677143,2,0.251
France,Mobile,Bachelor,Silver,True,True,True,30,9.9,4.2,9,3,22.7,1662.51,0,7.416083787549513,1.8128169798052736,0,0.3466
Brazil,Mobile,Bachelor,Gold,True,False,True,47,27.8,4.4,11,3,1.4,501.73,1,6.218062126393706,1.844934404062263,0,0.3466
USA,Mobile,Bachelor,Bronze,True,True,False,27,12.7,4.6,6,2,12.1,884.44,0,6.784954676363955,1.876052317839795,0,0.3466
USA,Desktop,PhD,Silver,True,True,False,39,4.8,4.9,7,2,5.1,1495.05,0,7.309914930081575,1.920985627295474,3,0.1018
USA,Mobile,Bachelor,Gold,True,False,False,22,13.0,3.7,5,0,28.5,129.67,1,4.864992761560793,1.727698115361634,0,0.3466
USA,Mobile,Bachelor,Platinum,True,True,False,36,3.0,3.7,5,2,29.2,3407.87,1,8.133842741681741,1.727698115361634,0,0.3466
India,Mobile,High School,Platinum,True,False,False,31,20.1,3.0,4,2,27.3,635.76,0,6.454821133631924,1.5948692441471295,1,0.3006
USA,Desktop,High School,Gold,True,False,False,23,9.5,3.9,6,4,15.4,667.97,0,6.5042432623485125,1.7626197870713454,1,0.3006
Canada,Desktop,PhD,Platinum,True,True,True,47,11.4,3.8,4,3,22.7,1859.65,1,7.528143576957656,1.74531138386547,3,0.1018
UK,Desktop,Bachelor,Bronze,True,True,False,48,17.1,3.7,8,3,27.7,67.29,1,4.209011637200227,1.727698115361634,0,0.3466
USA,Tablet,Bachelor,Bronze,True,False,False,26,14.4,3.3,4,2,26.1,2295.93,0,7.738893269169816,1.6539684852930463,0,0.3466
Brazil,Desktop,High School,Bronze,True,True,False,35,7.9,4.0,9,3,16.1,885.82,0,6.786513769694357,1.7796336993958102,1,0.3006
Japan,Mobile,Master,Gold,True,False,False,39,27.9,3.2,8,4,4.5,5372.57,0,8.589061657747745,1.6346542330120937,2,0.251
Germany,Desktop,High School,Platinum,True,False,False,18,23.0,3.9,5,3,27.3,897.64,0,6.799769097055376,1.7626197870713454,1,0.3006
France,Desktop,Master,Bronze,True,True,True,21,2.9,4.6,4,3,24.6,177.17,1,5.177109723612346,1.876052317839795,2,0.251
Japan,Mobile,High School,Silver,True,True,True,53,10.1,3.3,6,3,12.0,316.32,1,5.756754359422307,1.6539684852930463,1,0.3006
USA,Mobile,Master,Gold,True,False,False,25,5.1,3.3,7,1,13.9,1074.53,0,6.979638635655584,1.6539684852930463,2,0.251
Spain,Mobile,Master,Platinum,True,False,False,53,4.4,4.2,5,2,29.7,477.69,0,6.168961986536444,1.8128169798052736,2,0.251
Canada,Desktop,High School,Silver,True,True,True,22,18.7,4.4,6,3,18.0,212.47,0,5.358800801927547,1.844934404062263,1,0.3006
Japan,Mobile,Bachelor,Platinum,True,True,False,46,8.7,3.8,7,5,5.1,1414.78,0,7.254729320957729,1.74531138386547,0,0.3466
USA,Desktop,Bachelor,Bronze,True,True,False,34,10.9,3.5,4,5,4.9,598.33,0,6.3941424412081105,1.691512653766797,0,0.3466
Japan,Desktop,High School,Bronze,True,False,False,36,7.1,2.7,8,2,1.9,520.28,0,6.25436712819554,1.5320566796070851,1,0.3006
USA,Mobile,Master,Silver,True,True,True,60,16.4,2.8,4,4,17.6,419.62,1,6.039349539828555,1.5534355914115192,2,0.251
USA,Desktop,Bachelor,Bronze,True,True,False,23,21.0,4.3,5,3,0.8,1633.04,0,7.398198587465329,1.829004627509825,0,0.3466
UK,Desktop,Bachelor,Bronze,True,True,True,45,69.1,3.6,5,1,24.5,547.65,1,6.3056363967697555,1.7097690490891824,0,0.3466
Germany,Mobile,High School,Gold,True,True,False,45,10.5,2.2,2,3,9.5,330.6,1,5.8009091853869235,1.4177166459929065,1,0.3006
India,Mobile,Bachelor,Gold,True,True,False,75,3.8,4.6,3,1,10.3,1407.54,1,7.2495987787929765,1.876052317839795,0,0.3466
Brazil,Mobile,Master,Gold,True,False,True,25,8.1,3.8,6,1,22.8,687.04,0,6.532392514690416,1.74531138386547,2,0.251
Brazil,Desktop,Bachelor,Bronze,True,False,False,30,24.0,4.2,5,1,3.2,515.19,1,6.244535764663881,1.8128169798052736,0,0.3466
Germany,Desktop,PhD,Silver,True,False,False,48,6.6,4.1,8,2,15.9,1104.37,0,7.007030315616061,1.7963629745483078,3,0.1018
UK,Desktop,PhD,Bronze,True,False,False,36,3.7,2.9,4,4,11.1,1758.17,1,7.472028774366262,1.574366995878342,3,0.1018
UK,Tablet,High School,Bronze,True,True,False,32,6.7,3.0,8,4,3.0,440.11,1,6.087024695667514,1.5948692441471295,1,0.3006
Spain,Mobile,High School,Silver,True,True,False,49,8.0,3.6,6,3,8.9,1069.33,1,6.974787563106454,1.7097690490891824,1,0.3006
USA,Mobile,Master,Bronze,True,False,True,35,5.1,4.3,5,4,18.9,1472.97,0,7.29503604965645,1.829004627509825,2,0.251
India,Desktop,Bachelor,Bronze,True,True,True,27,14.5,3.8,8,5,19.9,2896.61,0,7.971296366684211,1.74531138386547,0,0.3466
France,Mobile,High School,Gold,True,True,True,47,11.4,3.0,5,0,3.8,1125.41,1,7.025902692689219,1.5948692441471295,1,0.3006
Germany,Desktop,High School,Bronze,True,True,True,43,22.9,3.6,8,4,28.2,481.55,0,6.177010068006873,1.7097690490891824,1,0.3006
Brazil,Mobile,Bachelor,Platinum,True,True,True,34,8.5,4.0,6,2,5.5,667.13,0,6.502984929473315,1.7796336993958102,0,0.3466
Germany,Tablet,Master,Silver,True,True,True,34,19.0,4.0,9,3,19.9,6708.72,1,8.8111634517091,1.7796336993958102,2,0.251
India,Tablet,High School,Platinum,True,False,True,27,8.2,4.9,7,2,9.8,2210.99,0,7.701195658006874,1.920985627295474,1,0.3006
Australia,Mobile,High School,Bronze,True,False,False,47,4.9,3.2,4,1,21.1,1014.8,1,6.9224468277251265,1.6346542330120937,1,0.3006
Germany,Mobile,PhD,Silver,True,False,False,34,7.9,3.7,6,6,24.4,1089.38,0,6.993364006051475,1.727698115361634,3,0.1018
UK,Tablet,Master,Bronze,True,True,True,29,3.3,4.5,3,1,2.4,370.86,0,5.915824632899237,1.860614396637471,2,0.251
France,Mobile,Bachelor,Gold,True,False,False,23,50.9,4.5,8,3,23.9,1146.96,1,7.044870242938012,1.860614396637471,0,0.3466
Australia,Desktop,Master,Bronze,True,True,True,43,13.7,4.0,9,3,3.6,896.81,1,6.798844022454032,1.7796336993958102,2,0.251
USA,Mobile,Bachelor,Bronze,True,True,False,32,6.4,4.2,6,4,15.6,536.58,1,6.285215665586144,1.8128169798052736,0,0.3466
Japan,Desktop,Master,Gold,True,True,False,18,9.0,3.7,3,4,10.1,661.91,0,6.495129595033112,1.727698115361634,2,0.251
Japan,Mobile,Bachelor,Bronze,True,True,True,24,1.7,3.3,9,3,9.2,1861.32,1,7.52904119242466,1.6539684852930463,0,0.3466
Brazil,Mobile,High School,Bronze,True,False,False,35,38.4,3.9,7,4,4.6,481.69,1,6.177300753611678,1.7626197870713454,1,0.3006
USA,Mobile,Master,Bronze,True,True,True,36,35.5,4.6,6,2,20.3,128.49,0,4.855851080295389,1.876052317839795,2,0.251
Japan,Desktop,Bachelor,Silver,True,True,True,35,13.3,4.8,5,7,9.1,1223.69,1,7.109626163020666,1.9062310586677143,0,0.3466
Australia,Desktop,PhD,Bronze,True,False,True,33,15.7,3.2,10,2,15.2,618.3,1,6.426973776564523,1.6346542330120937,3,0.1018
USA,Mobile,Bachelor,Silver,True,False,False,20,4.4,4.2,5,145,0.5,1381.87,0,7.23119293333289,1.8128169798052736,0,0.3466
USA,Mobile,PhD,Bronze,True,True,False,28,4.7,3.6,3,0,18.1,569.18,0,6.344196728563943,1.7097690490891824,3,0.1018
Canada,Mobile,PhD,Silver,True,False,False,52,3.1,3.1,5,2,20.3,565.99,1,6.338576410202582,1.6149595811994066,3,0.1018
USA,Desktop,High School,Gold,True,False,True,50,10.7,3.7,3,3,1.9,1149.06,1,7.046699495806523,1.727698115361634,1,0.3006
India,Tablet,Master,Silver,True,True,False,45,28.5,3.5,4,2,16.0,1587.45,0,7.369884234207843,1.691512653766797,2,0.251
Germany,Tablet,Bachelor,Silver,True,False,False,44,9.0,3.8,5,4,21.4,1564.65,1,7.355417435790089,1.74531138386547,0,0.3466
USA,Desktop,PhD,Bronze,True,False,False,49,16.1,4.8,3,4,4.2,697.52,1,6.547531187119559,1.9062310586677143,3,0.1018
India,Desktop,Bachelor,Bronze,True,True,False,25,26.7,2.9,8,0,1.3,836.83,1,6.729620943528452,1.574366995878342,0,0.3466
Germany,Mobile,Master,Bronze,True,True,True,38,3.3,3.9,4,0,5.8,6385.97,0,8.761858675487307,1.7626197870713454,2,0.251
Germany,Mobile,Bachelor,Silver,True,True,False,25,53.3,4.5,7,0,10.5,1020.35,0,6.9279009846750945,1.860614396637471,0,0.3466
UK,Tablet,High School,Silver,True,True,False,25,30.7,4.4,9,5,12.8,3739.12,0,8.226605568604926,1.844934404062263,1,0.3006
France,Tablet,High School,Platinum,True,False,True,42,18.4,4.5,3,1,2.2,737.14,1,6.602777833443791,1.860614396637471,1,0.3006
USA,Mobile,Bachelor,Bronze,True,False,True,49,25.5,4.2,4,1,29.4,1642.13,0,7.403749458620235,1.8128169798052736,0,0.3466
UK,Mobile,Master,Silver,True,True,True,36,26.5,4.5,9,5,20.7,3997.8,1,8.293499488796547,1.860614396637471,2,0.251
Canada,Desktop,Bachelor,Silver,True,True,True,58,15.4,3.9,5,0,4.0,3757.16,1,8.231418631837776,1.7626197870713454,0,0.3466
UK,Desktop,Master,Silver,True,False,False,41,38.2,4.3,6,2,23.9,215.99,1,5.375232110316162,1.829004627509825,2,0.251
Japan,Mobile,High School,Gold,True,False,False,29,8.5,4.2,5,4,9.6,5548.77,1,8.621331560557158,1.8128169798052736,1,0.3006
UK,Mobile,Bachelor,Bronze,True,False,True,25,17.6,3.9,6,3,11.3,608.3,0,6.41066818132666,1.7626197870713454,0,0.3466
Brazil,Mobile,High School,Bronze,True,True,True,50,35.1,3.1,4,2,2.2,645.6,0,6.470180116955739,1.6149595811994066,1,0.3006
USA,Mobile,Master,Silver,True,False,True,40,1.4,4.1,10,1,12.7,719.4,0,6.578417531261524,1.7963629745483078,2,0.251
Canada,Desktop,PhD,Bronze,True,True,True,46,17.3,4.8,5,7,2.3,7426.37,0,8.912792458435206,1.9062310586677143,3,0.1018
Germany,Mobile,Bachelor,Bronze,True,False,True,18,21.8,4.2,4,4,20.4,773.64,0,6.651106649110529,1.8128169798052736,0,0.3466
USA,Desktop,High School,Bronze,True,True,False,41,3.1,3.0,2,3,10.3,834.41,0,6.726724888274383,1.5948692441471295,1,0.3006
USA,Desktop,High School,Bronze,True,True,False,32,15.3,3.2,11,2,8.9,1031.46,1,6.938730553281458,1.6346542330120937,1,0.3006
USA,Mobile,Master,Silver,True,True,True,21,6.5,3.2,6,3,19.5,1311.49,0,7.178919174420825,1.6346542330120937,2,0.251
Germany,Mobile,Bachelor,Bronze,True,True,True,37,16.7,3.5,4,2,20.6,1676.35,0,7.42437408978889,1.691512653766797,0,0.3466
UK,Tablet,Master,Silver,True,True,True,51,11.3,4.3,4,2,19.2,585.47,1,6.372414943467149,1.829004627509825,2,0.251
India,Desktop,High School,Silver,True,False,True,65,5.7,3.8,9,2,23.7,1334.48,0,7.1962969818458,1.74531138386547,1,0.3006
Germany,Mobile,Master,Silver,True,False,False,41,29.6,4.2,8,3,19.1,389.45,1,5.9647354873659575,1.8128169798052736,2,0.251
USA,Desktop,Master,Platinum,True,True,False,29,8.7,2.7,8,1,28.4,564.57,0,6.336064379444871,1.5320566796070851,2,0.251
France,Desktop,Bachelor,Bronze,True,True,False,29,15.1,2.5,6,3,17.0,1125.12,1,7.025644975616703,1.487876807789161,0,0.3466
Japan,Tablet,Bachelor,Platinum,True,True,True,50,34.9,2.1,2,4,26.5,2354.23,0,7.763968989079584,1.393191696315046,0,0.3466
USA,Mobile,High School,Silver,True,True,False,26,5.9,3.9,7,3,28.8,6004.16,0,8.70020784129901,1.7626197870713454,1,0.3006
USA,Tablet,Bachelor,Gold,True,True,False,45,12.3,3.7,8,2,4.9,454.18,1,6.118493595236523,1.727698115361634,0,0.3466
USA,Desktop,Master,Silver,True,True,True,42,8.2,2.8,3,4,20.3,3028.79,1,8.015918478811995,1.5534355914115192,2,0.251
Brazil,Tablet,Bachelor,Silver,True,True,False,40,9.8,4.8,3,4,19.7,355.11,1,5.872427600633912,1.9062310586677143,0,0.3466
Japan,Desktop,Master,Gold,True,True,True,19,68.4,3.7,9,1,26.1,493.32,0,6.201158050697788,1.727698115361634,2,0.251
Germany,Tablet,Bachelor,Gold,True,True,False,34,17.6,2.4,7,3,10.1,1103.96,1,7.0066589942965924,1.4650326891622956,0,0.3466
India,Desktop,High School,Bronze,True,True,False,103,15.7,4.0,12,4,11.8,2680.86,1,7.893892917551335,1.7796336993958102,1,0.3006
India,Desktop,Bachelor,Bronze,True,True,True,31,18.5,4.4,5,4,1.4,1085.52,0,6.989814413837697,1.844934404062263,0,0.3466
France,Mobile,Bachelor,Silver,True,True,True,49,17.2,4.3,6,3,23.0,1449.48,0,7.2789601504051875,1.829004627509825,0,0.3466
India,Tablet,Bachelor,Platinum,True,True,False,53,2.8,4.4,9,1,8.0,2627.92,1,7.873947937740848,1.844934404062263,0,0.3466
USA,Desktop,High School,Bronze,True,True,True,41,76.5,2.7,6,5,27.9,1319.86,0,7.185280949349532,1.5320566796070851,1,0.3006
USA,Desktop,Bachelor,Silver,True,False,False,31,3.8,4.6,5,3,19.9,2987.42,1,8.002165417638544,1.876052317839795,0,0.3466
UK,Tablet,High School,Gold,True,True,False,57,48.7,4.1,9,2,10.0,1644.84,1,7.40539839403129,1.7963629745483078,1,0.3006
USA,Desktop,High School,Gold,True,False,False,31,20.0,3.4,5,2,24.6,11055.96,0,9.3107249280559,1.672916754755899,1,0.3006
France,Desktop,Bachelor,Silver,True,True,True,24,14.1,4.7,2,3,24.5,1031.9,0,6.939157042121669,1.891255528483568,0,0.3466
Australia,Desktop,Bachelor,Silver,True,False,False,46,9.5,4.1,9,0,4.8,1675.31,1,7.423753501761836,1.7963629745483078,0,0.3466
USA,Desktop,PhD,Platinum,True,False,False,43,97.9,2.8,4,6,16.3,1069.88,1,6.975301771634013,1.5534355914115192,3,0.1018
USA,Tablet,Bachelor,Silver,True,True,True,31,19.8,4.6,11,1,0.3,384.07,0,5.950824827641287,1.876052317839795,0,0.3466
Germany,Mobile,Master,Gold,True,True,False,39,12.4,4.4,3,8,10.3,202.37,1,5.310097705083568,1.844934404062263,2,0.251
Australia,Mobile,Bachelor,Bronze,True,True,False,43,7.9,3.9,3,2,20.8,110.04,0,4.700843936056374,1.7626197870713454,0,0.3466
UK,Tablet,Master,Silver,True,False,False,40,7.2,3.8,8,5,9.9,941.79,1,6.847782319787485,1.74531138386547,2,0.251
Germany,Mobile,High School,Bronze,True,False,True,44,12.7,4.2,7,2,4.0,4964.12,0,8.509991320085494,1.8128169798052736,1,0.3006
USA,Desktop,PhD,Bronze,True,False,False,32,5.8,3.5,4,2,17.3,2427.2,0,7.7944936085942675,1.691512653766797,3,0.1018
USA,Desktop,Bachelor,Gold,True,True,True,44,21.0,3.2,3,4,28.8,1636.61,0,7.400382308303136,1.6346542330120937,0,0.3466
Spain,Desktop,Master,Silver,True,True,False,38,7.3,3.0,4,2,12.4,811.27,1,6.698600921027201,1.5948692441471295,2,0.251
Canada,Desktop,Bachelor,Silver,True,True,False,32,27.2,4.0,8,3,27.5,3258.3,1,8.0889608659541,1.7796336993958102,0,0.3466
USA,Tablet,High School,Bronze,True,True,True,35,26.7,3.7,6,5,27.2,2053.94,1,7.627515178766811,1.727698115361634,1,0.3006
Canada,Mobile,Master,Silver,True,True,False,37,11.7,3.4,8,3,20.1,291.89,1,5.6763770189656,1.672916754755899,2,0.251
Japan,Desktop,High School,Silver,True,False,True,21,19.4,4.0,7,2,2.1,2315.89,0,7.74754934188272,1.7796336993958102,1,0.3006
India,Mobile,Bachelor,Silver,True,True,False,30,20.2,3.7,6,3,19.6,608.61,0,6.411177668481348,1.727698115361634,0,0.3466
Germany,Mobile,High School,Bronze,True,True,False,39,3.8,4.0,7,2,17.7,1078.27,1,6.9831131839300085,1.7796336993958102,1,0.3006
Germany,Tablet,Bachelor,Gold,True,False,False,22,48.7,3.8,8,2,17.4,429.8,0,6.06331998420841,1.74531138386547,0,0.3466
Germany,Tablet,PhD,Gold,True,False,False,31,9.9,4.1,6,0,10.2,7288.14,1,8.894003648415005,1.7963629745483078,3,0.1018
Japan,Mobile,Bachelor,Bronze,True,False,False,67,21.3,3.2,4,1,22.5,349.73,1,5.857161428207895,1.6346542330120937,0,0.3466
USA,Mobile,Master,Bronze,True,True,False,24,21.7,3.9,7,2,26.5,2588.92,1,7.858996079312749,1.7626197870713454,2,0.251
USA,Mobile,Bachelor,Silver,True,True,False,33,1.7,4.2,8,2,20.2,3168.1,0,8.060887318092698,1.8128169798052736,0,0.3466
UK,Mobile,Bachelor,Silver,True,True,False,28,7.2,1.8,8,2,4.4,1640.25,0,7.402603948224987,1.3157873187768427,0,0.3466
Japan,Desktop,PhD,Gold,True,True,False,37,23.9,4.4,8,3,23.5,1717.91,0,7.448863714676055,1.844934404062263,3,0.1018
USA,Desktop,Master,Silver,True,True,False,28,12.8,4.0,4,1,4.7,620.06,0,6.429816247550366,1.7796336993958102,2,0.251
Japan,Mobile,Master,Bronze,True,True,False,35,21.1,4.6,5,2,24.0,921.69,0,6.826208941423566,1.876052317839795,2,0.251
Canada,Desktop,High School,Bronze,True,True,False,29,13.1,3.3,8,3,18.2,348.38,0,5.853293838049316,1.6539684852930463,1,0.3006
USA,Desktop,Bachelor,Bronze,True,False,False,51,32.6,4.1,7,3,10.3,1555.34,1,7.349449450230697,1.7963629745483078,0,0.3466
Japan,Mobile,High School,Bronze,True,False,True,39,13.3,4.1,4,5,17.0,1412.37,0,7.253024423386849,1.7963629745483078,1,0.3006
Germany,Desktop,Bachelor,Silver,True,True,True,26,38.1,3.4,5,1,24.7,596.48,1,6.3910457120571715,1.672916754755899,0,0.3466
India,Mobile,Bachelor,Bronze,True,True,False,48,5.6,4.8,4,5,15.4,1207.24,1,7.096092041430879,1.9062310586677143,0,0.3466
USA,Mobile,Master,Platinum,True,True,False,27,11.0,4.6,2,0,14.3,1462.11,1,7.287635876877467,1.876052317839795,2,0.251
Japan,Tablet,Master,Gold,True,True,False,19,7.6,2.7,2,2,6.4,604.87,0,6.405013558908621,1.5320566796070851,2,0.251
India,Mobile,Bachelor,Gold,True,False,True,38,16.6,2.9,6,1,11.0,1099.94,1,7.003010911844259,1.574366995878342,0,0.3466
Canada,Desktop,High School,Platinum,True,False,False,61,9.7,3.6,7,3,15.6,9516.42,0,9.160774006640553,1.7097690490891824,1,0.3006
Japan,Mobile,Master,Silver,True,True,False,18,10.1,3.5,7,5,3.4,724.16,0,6.585012362445172,1.691512653766797,2,0.251
Germany,Mobile,High School,Gold,True,True,False,22,6.9,4.4,7,0,21.4,279.86,0,5.634289478127568,1.844934404062263,1,0.3006
France,Tablet,Bachelor,Bronze,True,False,True,47,8.4,4.1,10,3,26.8,319.13,1,5.765598543280663,1.7963629745483078,0,0.3466
India,Desktop,High School,Bronze,True,True,True,30,12.1,4.0,9,0,23.7,838.53,0,6.731650358798553,1.7796336993958102,1,0.3006
France,Desktop,Bachelor,Gold,True,False,False,45,2.4,3.9,4,2,14.6,1728.32,1,7.454905117404526,1.7626197870713454,0,0.3466
USA,Tablet,PhD,Bronze,True,True,False,28,1.9,4.0,5,1,0.2,447.29,1,6.103207153828511,1.7796336993958102,3,0.1018
Australia,Desktop,High School,Platinum,True,True,True,40,12.8,3.7,7,0,13.7,1646.87,1,7.406631795671987,1.727698115361634,1,0.3006
Japan,Mobile,Bachelor,Silver,True,False,False,59,1.3,2.6,5,3,3.7,679.5,0,6.521357233591198,1.5102107064924273,0,0.3466
Japan,Desktop,Bachelor,Gold,True,False,False,24,10.4,4.7,3,4,22.3,923.77,0,6.828463122907602,1.891255528483568,0,0.3466
USA,Desktop,PhD,Bronze,True,False,True,50,9.0,3.9,12,1,3.8,219.64,1,5.391989842410672,1.7626197870713454,3,0.1018
Japan,Desktop,Master,Silver,True,True,False,46,18.8,3.7,7,1,3.7,897.09,0,6.799156191473792,1.727698115361634,2,0.251
UK,Desktop,High School,Bronze,True,True,False,20,7.1,0.1509575408267989,6,1,15.4,340.24,1,5.829651250945378,0.7317149148011455,1,0.3006
Japan,Mobile,High School,Gold,True,False,False,45,42.8,3.6,4,1,7.2,1351.32,1,7.208837171496935,1.7097690490891824,1,0.3006
USA,Tablet,Bachelor,Bronze,True,True,True,39,24.0,3.4,7,5,7.2,962.15,1,6.869170363666568,1.672916754755899,0,0.3466
Japan,Desktop,Bachelor,Silver,True,False,False,39,3.6,4.9,8,1,28.8,6530.23,1,8.784197443702261,1.920985627295474,0,0.3466
Spain,Mobile,Master,Bronze,True,False,True,42,9.7,3.4,6,2,8.8,566.8,0,6.3400065078165255,1.672916754755899,2,0.251
USA,Desktop,High School,Bronze,True,False,False,34,41.3,3.8,5,5,27.6,2299.47,0,7.740433940580458,1.74531138386547,1,0.3006
Canada,Mobile,High School,Silver,True,False,True,39,7.0,4.6,9,1,7.0,1088.29,1,6.992362936016963,1.876052317839795,1,0.3006
Germany,Desktop,Master,Bronze,True,True,True,41,11.7,2.7,6,2,27.0,2957.53,1,7.9921097395035465,1.5320566796070851,2,0.251
India,Tablet,High School,Gold,True,False,False,47,37.5,3.6,8,1,6.1,7269.4,0,8.891429036172593,1.7097690490891824,1,0.3006
Brazil,Mobile,Master,Bronze,True,True,False,20,7.9,2.5,4,2,5.2,895.94,1,6.797873446447008,1.487876807789161,2,0.251
France,Mobile,High School,Bronze,True,True,True,53,29.9,3.9,8,3,8.3,696.74,1,6.546412313908864,1.7626197870713454,1,0.3006
Brazil,Mobile,High School,Silver,True,True,True,24,5.9,4.1,9,3,12.7,1106.3,1,7.008776393040865,1.7963629745483078,1,0.3006
India,Mobile,PhD,Bronze,True,True,False,47,1.2,4.5,6,2,6.3,142.39,1,4.958569771792903,1.860614396637471,3,0.1018
Germany,Tablet,Bachelor,Bronze,True,True,True,39,32.6,3.6,7,2,18.5,1098.55,0,7.001746407402379,1.7097690490891824,0,0.3466
UK,Mobile,Master,Gold,True,True,False,23,17.3,4.5,8,2,14.0,484.68,1,6.183488879363322,1.860614396637471,2,0.251
Japan,Tablet,High School,Bronze,True,False,False,44,18.2,3.2,12,1,16.2,574.97,1,6.354317865523201,1.6346542330120937,1,0.3006
India,Mobile,Bachelor,Bronze,True,True,True,27,5.1,2.9,9,2,19.9,617.19,1,6.425176918154249,1.574366995878342,0,0.3466
Brazil,Desktop,Master,Bronze,True,True,False,51,5.4,4.0,10,3,13.9,2148.15,1,7.672362285592821,1.7796336993958102,2,0.251
Brazil,Mobile,Bachelor,Silver,True,True,False,29,30.6,4.9,6,2,2.8,1117.12,1,7.018509223916671,1.920985627295474,0,0.3466
Germany,Desktop,Master,Silver,True,True,True,20,14.8,3.7,6,3,10.6,760.35,0,6.633778853586468,1.727698115361634,2,0.251
India,Mobile,Bachelor,Bronze,True,True,True,56,11.1,4.9,8,1,15.5,570.31,1,6.346180072639659,1.920985627295474,0,0.3466
USA,Mobile,Bachelor,Gold,True,True,True,40,14.5,4.4,5,4,5.4,760.09,1,6.633436847321789,1.844934404062263,0,0.3466
France,Mobile,Bachelor,Bronze,True,False,True,48,40.7,4.5,6,2,14.8,3890.18,0,8.266210708035526,1.860614396637471,0,0.3466
USA,Desktop,Bachelor,Silver,True,False,True,28,21.7,4.8,4,6,3.7,619.69,0,6.429219352997455,1.9062310586677143,0,0.3466
UK,Desktop,High School,Bronze,True,True,False,18,8.3,4.1,7,1,10.6,2408.96,0,7.786950398076851,1.7963629745483078,1,0.3006
UK,Mobile,Bachelor,Silver,True,False,False,58,4.0,3.5,7,1,25.2,636.52,1,6.456015839341983,1.691512653766797,0,0.3466
UK,Tablet,Bachelor,Platinum,True,True,False,38,19.5,2.9,4,3,1.4,64.42,0,4.165424143903053,1.574366995878342,0,0.3466
Japan,Desktop,Bachelor,Silver,True,True,False,44,5.8,4.3,7,5,1.1,126.19,0,4.837788707664819,1.829004627509825,0,0.3466
UK,Desktop,Master,Platinum,True,True,True,46,4.7,4.4,9,2,12.0,642.78,0,6.465802519502522,1.844934404062263,2,0.251
Germany,Mobile,Bachelor,Bronze,True,True,False,34,34.9,4.0,2,2,27.4,2419.01,1,7.791113644541127,1.7796336993958102,0,0.3466
USA,Mobile,PhD,Bronze,True,True,False,41,24.5,4.2,8,2,18.4,770.03,0,6.646429475127729,1.8128169798052736,3,0.1018
UK,Desktop,High School,Bronze,True,True,True,57,16.6,3.8,4,2,20.6,390.41,1,5.967197468964984,1.74531138386547,1,0.3006
USA,Desktop,Bachelor,Bronze,True,False,False,38,4.5,4.9,3,0,16.7,721.55,0,6.581401675882087,1.920985627295474,0,0.3466
USA,Desktop,Master,Bronze,True,True,False,49,51.0,4.6,7,2,23.3,1954.16,0,7.5777157125667465,1.876052317839795,2,0.251
France,Tablet,Bachelor,Bronze,True,True,False,18,27.7,4.2,7,2,12.2,427.6,0,6.05818817915089,1.8128169798052736,0,0.3466
Japan,Desktop,Bachelor,Silver,True,True,True,51,9.6,3.6,4,1,22.5,1099.32,1,7.002447085815118,1.7097690490891824,0,0.3466
France,Desktop,High School,Bronze,True,True,False,20,8.1,4.3,8,3,28.0,442.51,0,6.09246306306269,1.829004627509825,1,0.3006
Germany,Desktop,Bachelor,Bronze,True,False,False,50,13.0,3.8,4,2,10.3,2881.27,1,7.965986448152537,1.74531138386547,0,0.3466
UK,Desktop,High School,Bronze,True,True,False,43,8.3,4.0,5,2,12.3,5470.78,1,8.60717648122825,1.7796336993958102,1,0.3006
India,Mobile,PhD,Gold,True,True,False,37,71.5,3.0,4,1,5.3,2122.04,1,7.660133169137643,1.5948692441471295,3,0.1018
Germany,Desktop,Bachelor,Bronze,True,True,False,37,8.9,4.2,9,3,3.5,406.23,0,6.006919501662843,1.8128169798052736,0,0.3466
Germany,Desktop,Master,Gold,True,True,True,35,5.2,4.4,2,3,22.5,686.83,0,6.532086808908012,1.844934404062263,2,0.251
USA,Mobile,Master,Silver,True,True,False,28,43.4,4.1,8,1,17.6,1021.97,1,6.929487416125371,1.7963629745483078,2,0.251
UK,Desktop,Bachelor,Silver,True,True,False,36,7.7,3.7,2,5,21.5,179.4,1,5.1896179496246955,1.727698115361634,0,0.3466
UK,Desktop,Bachelor,Bronze,True,True,True,64,22.9,2.4,4,1,5.0,2154.32,1,7.675230407499353,1.4650326891622956,0,0.3466
UK,Mobile,Master,Bronze,True,False,True,54,20.9,3.4,4,1,22.7,153.31,0,5.032462015322363,1.672916754755899,2,0.251
France,Mobile,Master,Silver,True,True,False,28,11.6,4.6,5,3,9.4,222.72,0,5.405915377146055,1.876052317839795,2,0.251
France,Tablet,High School,Bronze,True,False,False,41,5.6,2.4,11,3,18.6,419.05,0,6.037990244544916,1.4650326891622956,1,0.3006
France,Tablet,Bachelor,Bronze,True,False,True,39,11.7,4.4,5,3,25.4,293.49,1,5.681843567137447,1.844934404062263,0,0.3466
Brazil,Mobile,Bachelor,Bronze,True,True,False,36,4.8,3.9,7,3,18.5,2180.72,0,7.687410376483635,1.7626197870713454,0,0.3466
India,Desktop,High School,Gold,True,False,False,26,12.0,3.1,6,2,5.1,1087.28,0,6.991434443647091,1.6149595811994066,1,0.3006
Japan,Mobile,Bachelor,Silver,True,True,False,43,22.6,2.8,8,1,15.0,1144.77,0,7.042959022448138,1.5534355914115192,0,0.3466
Canada,Mobile,Master,Silver,True,False,False,48,48.1,4.3,5,1,7.6,2048.46,1,7.624843570313489,1.829004627509825,2,0.251
USA,Mobile,Bachelor,Silver,True,True,True,28,5.1,4.7,10,2,16.6,7122.19,1,8.870970541381341,1.891255528483568,0,0.3466
USA,Mobile,Master,Gold,True,False,False,61,10.0,4.0,3,2,2.4,552.01,1,6.313566162055032,1.7796336993958102,2,0.251
USA,Desktop,Bachelor,Silver,True,True,False,56,8.0,4.5,6,2,29.5,979.96,1,6.887511754505078,1.860614396637471,0,0.3466
Japan,Mobile,Bachelor,Silver,True,True,True,45,15.2,3.1,9,3,18.6,2464.56,1,7.809768571558149,1.6149595811994066,0,0.3466
Australia,Mobile,High School,Platinum,True,True,False,23,3.6,2.7,14,2,11.4,396.94,1,5.983785135764113,1.5320566796070851,1,0.3006
USA,Tablet,Master,Gold,True,True,False,43,5.8,4.1,9,3,10.3,2197.6,0,7.695121134781064,1.7963629745483078,2,0.251
Australia,Desktop,Master,Bronze,True,False,False,41,3.1,3.4,6,3,17.4,372.1,1,5.919162635352577,1.672916754755899,2,0.251
USA,Desktop,Master,Bronze,True,False,True,44,3.9,4.0,4,7,20.2,1145.01,1,7.043168649574656,1.7796336993958102,2,0.251
Australia,Desktop,High School,Gold,True,True,False,57,7.2,4.9,9,1,7.0,1186.85,0,7.079058017626961,1.920985627295474,1,0.3006
UK,Mobile,High School,Gold,True,True,True,36,46.4,4.4,10,4,16.5,925.33,0,6.830150430646622,1.844934404062263,1,0.3006
USA,Desktop,High School,Silver,True,False,False,63,16.1,4.6,7,3,25.7,403.4,1,5.999928625520111,1.876052317839795,1,0.3006
Germany,Desktop,Bachelor,Silver,True,False,True,43,12.8,4.2,5,3,24.3,2007.82,1,7.604804835359324,1.8128169798052736,0,0.3466
UK,Tablet,Master,Silver,True,True,True,35,35.8,4.8,7,5,5.5,2083.15,1,7.64163645019011,1.9062310586677143,2,0.251
UK,Desktop,High School,Silver,True,True,True,67,16.6,3.6,4,2,11.5,428.18,1,6.059543667918576,1.7097690490891824,1,0.3006
UK,Mobile,Master,Silver,True,True,False,48,17.9,2.9,12,4,23.7,3297.01,0,8.100771276127489,1.574366995878342,2,0.251
India,Desktop,Bachelor,Bronze,True,False,False,33,8.3,3.2,7,4,9.3,1329.76,0,7.192753753804716,1.6346542330120937,0,0.3466
France,Mobile,Master,Platinum,True,True,False,39,7.3,4.0,12,2,23.1,3033.79,1,8.01756794195595,1.7796336993958102,2,0.251
UK,Mobile,PhD,Gold,True,False,False,46,4.3,4.1,11,3,21.3,473.92,1,6.161038531079434,1.7963629745483078,3,0.1018
France,Tablet,High School,Silver,True,True,False,36,7.5,3.2,9,3,5.5,612.34,0,6.417287683804026,1.6346542330120937,1,0.3006
Japan,Tablet,PhD,Bronze,True,True,False,40,9.7,4.6,7,2,20.9,566.13,0,6.338823733809114,1.876052317839795,3,0.1018
UK,Desktop,High School,Bronze,True,True,True,28,16.1,3.7,6,3,25.1,3059.29,1,8.025938141880406,1.727698115361634,1,0.3006
Germany,Desktop,Bachelor,Silver,True,True,True,18,11.8,3.5,6,2,27.2,1076.85,0,6.981795391690602,1.691512653766797,0,0.3466
USA,Desktop,Master,Silver,True,False,False,39,9.1,4.4,4,4,7.3,481.59,1,6.177093129659433,1.844934404062263,2,0.251
USA,Mobile,PhD,Silver,True,True,False,40,5.9,4.6,7,0,29.9,673.46,0,6.512428602846897,1.876052317839795,3,0.1018
Japan,Tablet,Bachelor,Bronze,True,True,True,44,16.8,3.4,3,2,14.7,244.34,1,5.498560697975914,1.672916754755899,0,0.3466
USA,Mobile,Bachelor,Silver,True,False,False,31,8.2,4.4,6,2,7.5,2880.25,0,7.965632374918163,1.844934404062263,0,0.3466
France,Mobile,Master,Gold,True,False,False,22,16.2,4.2,4,3,21.7,4918.92,0,8.500844273194904,1.8128169798052736,2,0.251
Japan,Desktop,Master,Bronze,True,True,False,26,2.6,4.9,11,3,21.4,228.21,0,5.43026625767732,1.920985627295474,2,0.251
USA,Mobile,High School,Silver,True,True,False,51,15.9,4.7,7,2,18.4,834.1,1,6.726353299247566,1.891255528483568,1,0.3006
France,Tablet,Master,Gold,True,True,True,30,22.1,3.4,3,1,4.3,743.39,0,6.61122080606431,1.672916754755899,2,0.251
UK,Desktop,Bachelor,Silver,True,True,True,33,20.0,3.5,8,3,1.0,411.27,0,6.019249933115918,1.691512653766797,0,0.3466
Canada,Mobile,Bachelor,Silver,True,True,False,34,10.4,4.2,4,2,22.1,1311.06,0,7.17859124930683,1.8128169798052736,0,0.3466
Germany,Desktop,Bachelor,Silver,True,True,False,31,25.3,3.6,4,4,10.5,5294.18,1,8.574363382964606,1.7097690490891824,0,0.3466
India,Mobile,Bachelor,Platinum,True,True,False,30,4.4,3.8,5,2,2.9,1687.47,0,7.430985644810881,1.74531138386547,0,0.3466
France,Mobile,PhD,Bronze,True,True,True,28,11.3,3.9,11,3,27.9,54314.9,1,10.902553869754124,1.7626197870713454,3,0.1018
USA,Desktop,Bachelor,Silver,True,True,True,55,10.4,3.4,6,7,27.8,1569.14,0,7.358282977560537,1.672916754755899,0,0.3466
Japan,Desktop,PhD,Bronze,True,False,False,46,27.9,4.5,6,5,19.3,1102.51,0,7.005344677574651,1.860614396637471,3,0.1018
Canada,Desktop,High School,Bronze,True,True,True,53,2.4,3.4,6,1,7.3,467.37,0,6.147121235192447,1.672916754755899,1,0.3006
France,Mobile,Master,Bronze,True,True,False,55,5.2,3.2,8,2,29.5,3464.74,1,8.15039287273362,1.6346542330120937,2,0.251
India,Mobile,Master,Bronze,True,False,False,18,49.3,4.5,12,5,7.2,886.78,0,6.787596924488285,1.860614396637471,2,0.251
Australia,Desktop,Master,Platinum,True,False,True,42,1.7,4.4,9,0,0.3,2225.35,0,7.707669485600249,1.844934404062263,2,0.251
USA,Mobile,Bachelor,Platinum,True,True,False,31,23.4,4.6,5,3,27.0,1070.84,1,6.97619866619692,1.876052317839795,0,0.3466
USA,Mobile,Bachelor,Bronze,True,True,False,51,7.0,3.2,5,2,5.9,1749.61,0,7.46714818493836,1.6346542330120937,0,0.3466
France,Desktop,Master,Silver,True,True,True,29,14.9,3.0,6,4,18.9,199.4,1,5.295312857527738,1.5948692441471295,2,0.251
Germany,Desktop,Master,Silver,True,True,False,25,37.8,2.9,7,4,7.2,3294.65,0,8.1000552197469,1.574366995878342,2,0.251
India,Mobile,High School,Gold,True,False,False,21,15.4,3.8,4,2,13.4,2123.82,0,7.660971633007993,1.74531138386547,1,0.3006
Australia,Tablet,Master,Silver,True,True,False,34,38.4,3.7,12,4,12.1,554.93,0,6.31884197966574,1.727698115361634,2,0.251
UK,Desktop,Bachelor,Bronze,True,False,False,49,8.2,3.4,5,3,11.2,1253.07,0,7.133351819257413,1.672916754755899,0,0.3466
USA,Desktop,High School,Gold,True,True,False,41,9.1,3.6,5,1,9.5,893.1,1,6.79469855668984,1.7097690490891824,1,0.3006
Brazil,Desktop,Master,Gold,True,True,False,24,22.9,3.1,3,2,0.5,192.31,0,5.259108653322756,1.6149595811994066,2,0.251
UK,Mobile,Bachelor,Silver,True,True,True,64,8.6,3.8,9,2,6.4,260.29,1,5.561796394051649,1.74531138386547,0,0.3466
India,Desktop,Master,Platinum,True,True,True,46,19.6,3.6,5,4,29.8,799.17,1,6.683573689092255,1.7097690490891824,2,0.251
Germany,Desktop,High School,Platinum,True,True,False,47,31.4,4.7,5,2,0.2,604.23,0,6.403954920152899,1.891255528483568,1,0.3006
Japan,Mobile,High School,Silver,True,True,False,53,24.4,2.6,8,1,2.2,1481.35,1,7.30070911315323,1.5102107064924273,1,0.3006
USA,Mobile,Bachelor,Silver,True,True,True,18,3.4,2.3,11,1,1.0,2847.49,0,7.954193183462668,1.4416544924686217,0,0.3466
Japan,Desktop,High School,Platinum,True,True,True,27,9.3,3.4,4,0,15.4,811.18,1,6.698489977700636,1.672916754755899,1,0.3006
Germany,Desktop,Master,Bronze,True,True,False,48,15.3,4.1,5,3,1.1,667.98,1,6.504258232968671,1.7963629745483078,2,0.251
France,Mobile,High School,Bronze,True,False,True,28,10.0,4.0,5,0,16.1,254.93,1,5.540988997669792,1.7796336993958102,1,0.3006
USA,Desktop,Bachelor,Bronze,True,True,False,35,13.0,4.4,6,2,9.8,1007.78,1,6.915505170842197,1.844934404062263,0,0.3466
Brazil,Desktop,High School,Gold,True,True,True,37,15.4,3.6,6,4,26.3,2049.5,0,7.625351139944392,1.7097690490891824,1,0.3006
India,Tablet,High School,Gold,True,False,False,23,8.0,2.4,5,2,10.8,525.12,1,6.263626807901726,1.4650326891622956,1,0.3006
USA,Desktop,Master,Bronze,True,True,True,34,10.4,4.1,3,2,24.6,1490.13,1,7.306618643455739,1.7963629745483078,2,0.251
USA,Mobile,High School,Platinum,True,False,False,49,4.7,4.3,6,6,21.1,2455.01,1,7.8058861135400806,1.829004627509825,1,0.3006
USA,Tablet,Bachelor,Gold,True,True,True,47,8.3,3.6,8,2,29.1,155.09,1,5.044005593571361,1.7097690490891824,0,0.3466
Japan,Desktop,PhD,Gold,True,False,False,51,3.6,4.6,6,4,13.3,2508.16,1,7.827304695571212,1.876052317839795,3,0.1018
France,Desktop,Master,Bronze,True,True,False,50,13.4,4.5,4,3,28.6,396.72,0,5.983230742180878,1.860614396637471,2,0.251
France,Mobile,Master,Silver,True,True,True,43,10.4,4.3,2,4,19.4,2239.68,1,7.714088277501175,1.829004627509825,2,0.251
USA,Tablet,High School,Silver,True,True,True,42,5.9,3.2,4,4,11.5,4810.49,0,8.47855422901317,1.6346542330120937,1,0.3006
UK,Tablet,High School,Silver,True,False,True,41,50.8,3.7,2,2,14.7,258.5,0,5.554895693948484,1.727698115361634,1,0.3006
France,Mobile,Master,Silver,True,False,False,30,10.0,4.5,10,3,21.9,897.08,0,6.799145044258088,1.860614396637471,2,0.251
Germany,Desktop,Master,Gold,True,False,True,26,15.3,2.9,9,3,26.6,1511.27,0,7.320705635919183,1.574366995878342,2,0.251
Spain,Mobile,Bachelor,Bronze,True,True,True,30,7.3,2.7,8,4,12.2,2796.84,1,7.936245487418439,1.5320566796070851,0,0.3466
USA,Desktop,Master,Gold,True,False,False,34,8.7,3.6,8,1,28.3,511.6,1,6.237543069704688,1.7097690490891824,2,0.251
Japan,Mobile,Bachelor,Bronze,True,True,False,30,15.8,3.2,7,2,14.4,670.1,0,6.507426954979125,1.6346542330120937,0,0.3466
Germany,Desktop,High School,Bronze,True,True,True,43,9.3,4.5,12,3,23.1,362.33,1,5.892555398778768,1.860614396637471,1,0.3006
Germany,Desktop,Master,Bronze,True,True,True,40,12.2,4.0,3,1,27.2,1762.28,1,7.474363704200387,1.7796336993958102,2,0.251
Japan,Mobile,Master,Bronze,True,False,True,42,23.2,2.4,3,1,6.6,95.7,0,4.5612182984589085,1.4650326891622956,2,0.251
Japan,Mobile,Bachelor,Bronze,True,True,True,42,8.0,4.1,7,2,6.0,2284.7,1,7.733990003680437,1.7963629745483078,0,0.3466
Spain,Desktop,Master,Gold,True,False,True,52,4.2,4.3,10,4,20.5,2037.03,0,7.619248143658857,1.829004627509825,2,0.251
USA,Desktop,Bachelor,Silver,True,True,True,38,3.6,4.8,5,1,19.0,579.51,1,6.362182918886312,1.9062310586677143,0,0.3466
USA,Tablet,High School,Silver,True,True,True,50,38.5,3.7,6,1,24.9,745.1,1,6.613518437559682,1.727698115361634,1,0.3006
Brazil,Mobile,Master,Silver,True,False,True,44,25.7,4.1,9,0,16.2,1088.1,1,6.992188334956967,1.7963629745483078,2,0.251
France,Desktop,Master,Bronze,True,False,True,52,20.6,4.1,7,6,21.8,276.13,1,5.6208717693173975,1.7963629745483078,2,0.251
UK,Desktop,Bachelor,Bronze,True,True,False,57,8.6,4.3,6,1,5.1,975.61,1,6.883062916391735,1.829004627509825,0,0.3466
USA,Desktop,High School,Silver,True,True,False,45,4.2,3.7,7,4,16.4,1052.87,1,6.959275047722435,1.727698115361634,1,0.3006
USA,Tablet,High School,Silver,True,True,False,39,9.7,3.6,7,1,0.3,456.8,1,6.124245658341801,1.7097690490891824,1,0.3006
Australia,Mobile,Master,Gold,True,True,True,39,11.3,4.7,5,3,20.5,4747.26,1,8.465322888486009,1.891255528483568,2,0.251
USA,Mobile,Bachelor,Silver,True,True,False,32,4.9,3.2,5,0,29.1,227.71,0,5.428072889540573,1.6346542330120937,0,0.3466
UK,Mobile,Master,Gold,True,True,False,32,3.8,1.8,8,3,5.3,722.93,0,6.583312398661009,1.3157873187768427,2,0.251
USA,Desktop,PhD,Silver,True,True,False,49,3.1,2.3,5,2,4.1,7219.28,0,8.884510503922513,1.4416544924686217,3,0.1018
UK,Mobile,Master,Platinum,True,True,True,26,20.6,4.6,6,5,14.2,388.59,0,5.9625248032102744,1.876052317839795,2,0.251
USA,Mobile,Bachelor,Bronze,True,True,True,57,4.6,3.8,6,4,13.4,2147.8,1,7.6721993414241165,1.74531138386547,0,0.3466
Germany,Desktop,Master,Silver,True,False,True,36,15.6,3.7,4,1,13.3,761.37,1,6.635119442068922,1.727698115361634,2,0.251
USA,Desktop,Bachelor,Silver,True,True,False,72,8.9,4.3,6,3,8.7,2417.94,1,7.790671216971087,1.829004627509825,0,0.3466
India,Mobile,High School,Platinum,True,False,False,30,19.5,4.1,9,2,4.1,1160.12,1,7.056278727025869,1.7963629745483078,1,0.3006
USA,Tablet,High School,Bronze,True,False,False,41,15.9,3.5,6,7,27.7,1722.25,1,7.451386854473305,1.691512653766797,1,0.3006
France,Desktop,Bachelor,Silver,True,True,False,34,10.1,3.1,4,3,10.5,1000.56,0,6.908315122240651,1.6149595811994066,0,0.3466
Australia,Tablet,PhD,Bronze,True,True,True,28,13.5,4.6,5,2,12.2,1159.56,0,7.055795901799217,1.876052317839795,3,0.1018
Japan,Mobile,High School,Silver,True,False,False,51,11.2,4.5,5,1,12.6,947.83,1,6.854175161279875,1.860614396637471,1,0.3006
France,Desktop,High School,Bronze,True,True,False,25,7.4,2.8,2,4,3.8,1108.54,0,7.0107991132046035,1.5534355914115192,1,0.3006
UK,Desktop,PhD,Bronze,True,True,False,30,26.7,4.5,5,5,5.9,890.0,1,6.7912214627261855,1.860614396637471,3,0.1018
UK,Desktop,High School,Silver,True,False,False,45,8.7,4.5,7,2,0.4,1132.61,1,7.032279982883178,1.860614396637471,1,0.3006
Japan,Mobile,Master,Bronze,True,True,False,47,11.4,4.3,12,1,14.9,435.72,1,6.076999835214245,1.829004627509825,2,0.251
Spain,Desktop,Bachelor,Bronze,True,True,False,21,3.9,3.9,5,2,16.6,317.39,0,5.760131301609848,1.7626197870713454,0,0.3466
Japan,Desktop,High School,Bronze,True,False,False,45,15.2,3.6,8,2,6.4,375.34,1,5.927832281863126,1.7097690490891824,1,0.3006
France,Mobile,PhD,Bronze,True,True,False,40,7.5,3.9,3,5,12.7,3153.95,0,8.0564109145121,1.7626197870713454,3,0.1018
Brazil,Mobile,High School,Platinum,True,True,False,27,8.3,4.0,5,2,20.7,1170.25,0,7.06497268018018,1.7796336993958102,1,0.3006
Germany,Desktop,Bachelor,Silver,True,True,True,29,6.2,4.5,4,5,7.8,535.19,0,6.282621824035573,1.860614396637471,0,0.3466
USA,Desktop,High School,Gold,True,False,True,18,11.0,4.8,9,2,11.0,2731.88,0,7.9127452958607,1.9062310586677143,1,0.3006
France,Mobile,High School,Silver,True,True,False,59,2.4,3.8,6,3,21.1,531.62,1,6.2759289484037755,1.74531138386547,1,0.3006
Canada,Mobile,High School,Platinum,True,False,True,50,21.0,3.6,5,2,17.9,209.33,0,5.343911954106429,1.7097690490891824,1,0.3006
USA,Mobile,High School,Silver,True,True,True,23,11.8,4.7,5,2,15.2,1210.49,0,7.098780515294838,1.891255528483568,1,0.3006
Japan,Desktop,High School,Silver,True,False,False,48,8.4,3.9,3,3,26.0,657.71,1,6.48876410469225,1.7626197870713454,1,0.3006
USA,Mobile,Master,Silver,True,True,False,31,3.5,1.8,6,1,2.1,448.51,1,6.105930977794322,1.3157873187768427,2,0.251
France,Mobile,Bachelor,Gold,True,True,False,49,17.2,4.8,9,3,15.8,2895.67,1,7.970971796736538,1.9062310586677143,0,0.3466
USA,Mobile,Bachelor,Silver,True,False,False,32,7.3,4.6,4,2,21.0,2399.6,0,7.783057335778938,1.876052317839795,0,0.3466
Germany,Mobile,Bachelor,Bronze,True,False,True,34,34.6,4.0,4,1,8.3,964.56,0,6.871672038809055,1.7796336993958102,0,0.3466
Brazil,Desktop,PhD,Bronze,True,False,False,35,18.0,3.0,7,2,8.6,208.71,0,5.34094572860366,1.5948692441471295,3,0.1018
UK,Desktop,PhD,Silver,True,False,True,30,41.6,4.6,7,2,15.0,744.25,0,6.6123769998958855,1.876052317839795,3,0.1018
Japan,Mobile,Master,Silver,True,True,False,55,13.6,4.0,6,3,10.2,1688.04,1,7.431323371557605,1.7796336993958102,2,0.251
Brazil,Mobile,Master,Bronze,True,True,True,49,28.9,3.2,2,0,12.7,1429.76,0,7.265261877000727,1.6346542330120937,2,0.251
Australia,Mobile,Bachelor,Bronze,True,True,True,39,17.6,2.6,10,2,20.7,1723.34,1,7.452019547298836,1.5102107064924273,0,0.3466
USA,Desktop,Bachelor,Silver,True,True,True,50,8.5,3.9,8,1,11.2,834.17,1,6.726437218517278,1.7626197870713454,0,0.3466
UK,Tablet,Bachelor,Gold,True,True,True,18,14.2,2.9,6,3,0.8,635.19,1,6.453924166735955,1.574366995878342,0,0.3466
USA,Mobile,Bachelor,Bronze,True,False,False,23,6.3,3.3,11,3,2.8,1204.32,0,7.093670371286222,1.6539684852930463,0,0.3466
Spain,Desktop,Bachelor,Bronze,True,True,True,44,63.8,3.7,3,1,15.2,1330.42,1,7.193249960838482,1.727698115361634,0,0.3466
Australia,Desktop,Bachelor,Gold,True,True,False,47,11.2,4.7,5,2,28.1,1024.17,1,6.931637807445385,1.891255528483568,0,0.3466
France,Mobile,PhD,Silver,True,True,True,41,12.4,4.0,1,6,8.6,5335.48,1,8.582134131572413,1.7796336993958102,3,0.1018
India,Mobile,Master,Bronze,True,True,False,18,16.6,2.8,3,1,0.7,977.42,0,6.884916447078103,1.5534355914115192,2,0.251
France,Mobile,Bachelor,Gold,True,True,False,25,5.1,4.3,6,3,24.4,477.89,0,6.169380580485503,1.829004627509825,0,0.3466
Japan,Tablet,Master,Silver,True,True,True,43,35.1,3.9,10,4,23.2,292.1,1,5.677096209393695,1.7626197870713454,2,0.251
USA,Desktop,High School,Silver,True,False,False,67,5.4,2.8,5,5,26.1,667.73,1,6.50388390021243,1.5534355914115192,1,0.3006
Brazil,Desktop,High School,Platinum,True,False,False,53,4.5,4.3,4,3,14.0,224.25,1,5.412761500938905,1.829004627509825,1,0.3006
USA,Tablet,Bachelor,Platinum,True,True,False,57,10.7,3.8,7,1,2.3,2112.76,0,7.6557504285810625,1.74531138386547,0,0.3466
India,Tablet,Bachelor,Bronze,True,True,True,42,4.4,3.4,11,7,4.4,410.02,1,6.016205938996429,1.672916754755899,0,0.3466
Brazil,Mobile,High School,Bronze,True,False,True,42,42.5,2.8,4,0,28.8,1409.98,0,7.251330798874451,1.5534355914115192,1,0.3006
Japan,Tablet,Master,Bronze,True,True,True,26,10.1,4.7,5,3,25.7,1351.11,0,7.20868175581518,1.891255528483568,2,0.251
USA,Desktop,Bachelor,Bronze,True,True,True,49,0.9,3.6,6,5,18.2,3904.28,1,8.269828666272609,1.7097690490891824,0,0.3466
UK,Tablet,Bachelor,Bronze,True,True,False,37,14.3,3.7,9,3,1.6,907.16,1,6.810318840290662,1.727698115361634,0,0.3466
UK,Desktop,High School,Bronze,True,False,False,46,19.0,2.7,11,2,2.0,4142.7,1,8.329103028159414,1.5320566796070851,1,0.3006
UK,Desktop,High School,Platinum,True,True,True,38,8.7,4.7,7,3,5.5,366.16,1,5.903070396345386,1.891255528483568,1,0.3006
USA,Desktop,Master,Gold,True,True,True,41,4.1,3.7,7,0,19.8,702.26,1,6.5543037058260065,1.727698115361634,2,0.251
Australia,Desktop,Bachelor,Silver,True,False,False,37,11.2,3.8,8,0,29.2,874.25,0,6.7733663759434855,1.74531138386547,0,0.3466
France,Desktop,PhD,Silver,True,True,False,41,8.3,4.0,3,0,17.4,2862.49,1,7.959447154406611,1.7796336993958102,3,0.1018
UK,Desktop,PhD,Bronze,True,True,False,50,5.6,4.4,7,5,25.1,9453.0,0,9.154087430425385,1.844934404062263,3,0.1018
UK,Desktop,Bachelor,Bronze,True,True,False,23,5.2,4.4,5,3,23.0,135.36,0,4.907937895857914,1.844934404062263,0,0.3466
Germany,Desktop,High School,Bronze,True,False,False,20,13.8,3.8,2,2,7.9,9266.84,1,9.134197715871654,1.74531138386547,1,0.3006
France,Mobile,Master,Gold,True,True,False,43,25.1,3.0,5,4,17.5,2123.05,1,7.660609013003878,1.5948692441471295,2,0.251
Germany,Desktop,PhD,Bronze,True,False,False,55,17.6,3.7,6,3,21.2,1209.33,0,7.097821766223538,1.727698115361634,3,0.1018
Australia,Desktop,Bachelor,Gold,True,True,False,58,3.1,4.0,6,3,9.7,985.84,1,6.893494069629868,1.7796336993958102,0,0.3466
Germany,Mobile,Master,Silver,True,True,True,23,19.9,3.1,5,0,18.3,492.72,0,6.199941061378788,1.6149595811994066,2,0.251
Spain,Tablet,Master,Bronze,True,True,True,33,519.5914171561051,3.5,8,0,3.9,732.95,1,6.59707748673604,1.691512653766797,2,0.251
India,Mobile,Bachelor,Bronze,True,True,False,20,37.1,3.6,2,1,24.0,673.45,0,6.512413754044824,1.7097690490891824,0,0.3466
USA,Desktop,Bachelor,Silver,True,True,False,31,5.7,4.6,6,2,9.3,398.57,0,5.987883141524284,1.876052317839795,0,0.3466
Australia,Mobile,Master,Platinum,True,True,True,51,11.6,4.0,5,3,9.1,2509.35,1,7.827779034445399,1.7796336993958102,2,0.251
USA,Desktop,Master,Gold,True,True,False,38,19.2,3.6,5,4,21.9,788.03,1,6.6695361601991845,1.7097690490891824,2,0.251
India,Desktop,High School,Bronze,True,False,True,34,8.0,3.4,6,2,23.5,1272.29,1,7.148573705336268,1.672916754755899,1,0.3006
UK,Desktop,Bachelor,Silver,True,False,False,45,18.9,3.8,7,3,21.9,1848.32,0,7.522032397384297,1.74531138386547,0,0.3466
India,Mobile,High School,Bronze,True,False,True,28,12.0,3.9,6,2,10.0,1740.79,1,7.46209431215983,1.7626197870713454,1,0.3006
India,Desktop,High School,Platinum,True,True,False,57,6.2,3.0,6,3,27.6,1174.48,1,7.068580775431205,1.5948692441471295,1,0.3006
India,Desktop,PhD,Gold,True,True,False,38,6.6,3.9,9,6,17.9,864.29,1,6.7619083606349655,1.7626197870713454,3,0.1018
Brazil,Desktop,High School,Silver,True,True,True,33,33.1,4.5,7,1,10.8,2521.11,1,7.832454559714786,1.860614396637471,1,0.3006
UK,Tablet,High School,Silver,True,False,True,45,5.5,4.4,5,1,10.4,1952.55,0,7.5768914895805795,1.844934404062263,1,0.3006
USA,Mobile,Bachelor,Silver,True,True,False,49,4.8,4.0,6,1,2.4,762.88,0,6.637100744996876,1.7796336993958102,0,0.3466
Germany,Desktop,Bachelor,Bronze,True,False,True,57,16.0,4.1,8,3,5.0,210.11,1,5.347631203100958,1.7963629745483078,0,0.3466
USA,Mobile,Bachelor,Bronze,True,True,False,35,11.9,4.9,4,1,19.6,144.14,0,4.970785049496295,1.920985627295474,0,0.3466
Japan,Mobile,High School,Bronze,True,True,True,51,4.3,3.9,7,1,9.4,3884.83,1,8.264834503800579,1.7626197870713454,1,0.3006
UK,Mobile,High School,Platinum,True,False,False,39,8.0,4.1,7,2,7.7,1422.57,0,7.260220373928596,1.7963629745483078,1,0.3006
Canada,Desktop,High School,Silver,True,True,False,31,6.3,4.7,5,1,0.2,390.83,0,5.968272682831306,1.891255528483568,1,0.3006
Japan,Tablet,Bachelor,Bronze,True,False,True,29,7.3,3.8,5,0,25.3,175.75,1,5.169062530690774,1.74531138386547,0,0.3466
India,Desktop,High School,Gold,True,True,False,25,91.8,3.4,5,4,8.2,3866.34,1,8.260063602098857,1.672916754755899,1,0.3006
USA,Mobile,PhD,Bronze,True,True,False,29,9.6,4.2,5,1,9.2,930.68,0,6.835915501759092,1.8128169798052736,3,0.1018
India,Desktop,Bachelor,Bronze,True,True,False,51,6.0,3.7,7,3,29.8,2795.01,1,7.9355909634003305,1.727698115361634,0,0.3466
Australia,Desktop,High School,Bronze,True,True,False,46,61.4,4.2,6,2,14.4,807.97,1,6.694524929118937,1.8128169798052736,1,0.3006
Germany,Desktop,Master,Silver,True,True,True,23,24.8,2.8,5,2,16.1,8061.34,0,8.994835074783895,1.5534355914115192,2,0.251
France,Mobile,Bachelor,Silver,True,True,False,18,21.8,3.2,6,2,1.8,3031.61,1,8.016849110520639,1.6346542330120937,0,0.3466
Brazil,Desktop,Master,Silver,True,True,True,25,6.3,4.1,12,1,15.2,352.98,0,5.86641139810442,1.7963629745483078,2,0.251
USA,Mobile,High School,Gold,True,True,False,29,31.6,4.3,5,4,12.8,4728.17,1,8.4612935144463,1.829004627509825,1,0.3006
Germany,Desktop,Bachelor,Bronze,True,False,False,34,23.4,3.5,7,2,26.1,325.36,0,5.78493226159897,1.691512653766797,0,0.3466
UK,Mobile,Master,Gold,True,True,False,52,13.7,3.5,6,5,15.7,1765.36,1,7.476109914574825,1.691512653766797,2,0.251
USA,Mobile,PhD,Bronze,True,False,True,31,3.1,4.4,12,3,26.1,2239.65,0,7.714074882640783,1.844934404062263,3,0.1018
UK,Mobile,High School,Gold,True,False,False,58,12.0,4.3,8,3,22.6,739.2,0,6.605568520327474,1.829004627509825,1,0.3006
USA,Mobile,Bachelor,Silver,True,False,False,18,48.6,3.6,7,1,0.4,336.64,0,5.819014110109291,1.7097690490891824,0,0.3466
USA,Mobile,Bachelor,Silver,True,False,False,34,14.5,4.2,2,2,29.2,244.12,1,5.497659907676295,1.8128169798052736,0,0.3466
USA,Desktop,PhD,Silver,True,False,True,47,9.0,4.0,7,3,2.2,881.84,0,6.78201063365506,1.7796336993958102,3,0.1018
Canada,Mobile,PhD,Silver,True,False,False,48,10.1,3.6,2,2,1.0,2186.39,1,7.690007060874895,1.7097690490891824,3,0.1018
France,Desktop,High School,Bronze,True,True,True,34,10.7,3.4,7,3,9.3,1486.36,1,7.3040854570408555,1.672916754755899,1,0.3006
Canada,Mobile,High School,Gold,True,False,False,50,6.4,4.0,9,1,12.7,1260.94,0,7.1396127535481995,1.7796336993958102,1,0.3006
Germany,Mobile,Bachelor,Bronze,True,False,False,48,11.8,2.6,5,2,6.7,924.93,0,6.829718058973201,1.5102107064924273,0,0.3466
UK,Desktop,High School,Bronze,True,True,False,30,38.6,3.4,4,1,14.9,1068.42,1,6.973936200641278,1.672916754755899,1,0.3006
Germany,Desktop,Bachelor,Silver,True,False,False,42,35.3,4.1,4,2,29.0,359.44,1,5.884547264761904,1.7963629745483078,0,0.3466
Germany,Mobile,High School,Gold,True,False,False,46,6.7,2.7,7,1,16.7,6641.38,1,8.801075052201842,1.5320566796070851,1,0.3006
USA,Mobile,Bachelor,Bronze,True,True,True,31,33.8,3.3,5,2,3.4,2147.78,0,7.672190029526771,1.6539684852930463,0,0.3466
Japan,Tablet,PhD,Platinum,True,False,False,58,22.4,4.6,6,2,27.4,3191.75,0,8.06832463470046,1.876052317839795,3,0.1018
USA,Mobile,PhD,Platinum,True,False,False,28,458.42101189329475,2.9,9,0,3.3,810.3,0,6.69740454946668,1.574366995878342,3,0.1018
France,Mobile,Bachelor,Silver,True,True,False,40,17.2,4.7,3,1,13.7,930.86,0,6.836108890029622,1.891255528483568,0,0.3466
Japan,Tablet,Bachelor,Silver,True,True,False,23,5.8,3.4,4,3,13.9,756.87,0,6.629191508174884,1.672916754755899,0,0.3466
USA,Desktop,Master,Gold,True,True,False,39,8.8,4.5,5,6,21.8,1343.56,1,7.203078086529871,1.860614396637471,2,0.251
USA,Desktop,High School,Bronze,True,True,True,25,23.7,4.6,5,3,20.4,2710.74,1,7.904976939329532,1.876052317839795,1,0.3006
Brazil,Mobile,Master,Silver,True,True,False,34,4.6,3.4,5,2,18.5,1768.29,0,7.477768256895928,1.672916754755899,2,0.251
Germany,Mobile,Bachelor,Platinum,True,True,True,19,5.3,3.5,5,2,19.1,238.09,1,5.472648753450811,1.691512653766797,0,0.3466
USA,Tablet,High School,Platinum,True,False,False,48,15.6,4.5,3,3,22.8,2536.67,0,7.838607476247205,1.860614396637471,1,0.3006
Spain,Desktop,Bachelor,Platinum,True,True,False,42,6.5,4.8,11,3,5.2,161.99,1,5.0875346049320465,1.9062310586677143,0,0.3466
USA,Desktop,High School,Bronze,True,False,False,51,23.5,3.7,4,1,29.3,991.09,1,6.898805347562547,1.727698115361634,1,0.3006
Japan,Desktop,Master,Bronze,True,True,False,34,6.7,4.2,8,3,16.4,777.94,0,6.656649400381806,1.8128169798052736,2,0.251
Spain,Desktop,High School,Bronze,True,True,False,52,14.8,4.3,4,3,21.6,515.94,0,6.24599047965086,1.829004627509825,1,0.3006
USA,Desktop,Bachelor,Silver,True,True,False,38,15.8,4.3,8,0,17.4,155.22,1,5.044843465425993,1.829004627509825,0,0.3466
USA,Mobile,High School,Bronze,True,True,False,39,8.3,3.0,8,1,26.3,823.02,0,6.712980501718371,1.5948692441471295,1,0.3006
USA,Desktop,Master,Bronze,True,True,True,63,10.1,4.0,7,4,17.6,861.61,1,6.758802732088661,1.7796336993958102,2,0.251
UK,Mobile,Bachelor,Silver,True,False,False,32,7.1,4.5,8,2,2.9,411.68,0,6.020246348533434,1.860614396637471,0,0.3466
USA,Desktop,Bachelor,Gold,True,False,True,53,12.0,4.0,5,3,26.2,1077.72,1,6.982602977470859,1.7796336993958102,0,0.3466
Japan,Mobile,Bachelor,Gold,True,True,False,44,5.6,3.6,5,1,3.1,702.69,0,6.554915827272929,1.7097690490891824,0,0.3466
USA,Desktop,Bachelor,Gold,True,True,True,31,10.2,3.7,3,1,15.6,1473.6,0,7.2954636655010425,1.727698115361634,0,0.3466
Germany,Desktop,High School,Bronze,True,True,False,22,22.2,4.0,6,2,6.1,1180.48,0,7.073676414408311,1.7796336993958102,1,0.3006
Spain,Desktop,Master,Bronze,True,True,False,26,4.9,3.8,7,4,3.6,1244.81,0,7.126738186810883,1.74531138386547,2,0.251
India,Tablet,High School,Gold,True,True,True,52,8.3,4.5,2,3,3.7,3289.74,0,8.098563813280968,1.860614396637471,1,0.3006
France,Mobile,High School,Silver,True,True,False,59,18.4,4.6,7,1,26.0,185.4,1,5.2225156531317545,1.876052317839795,1,0.3006
UK,Mobile,Master,Silver,True,True,False,39,2.3,4.4,4,4,10.4,707.13,0,6.561214524523949,1.844934404062263,2,0.251
Japan,Desktop,High School,Bronze,True,True,False,40,53.8,3.3,7,3,10.6,482.74,1,6.1794782064384535,1.6539684852930463,1,0.3006
France,Tablet,Bachelor,Bronze,True,True,False,47,28.1,3.9,6,2,20.6,1009.45,1,6.917160907056233,1.7626197870713454,0,0.3466
Germany,Desktop,Bachelor,Silver,True,True,True,39,3.6,4.5,8,4,25.0,2753.73,0,7.9207116352667555,1.860614396637471,0,0.3466
USA,Desktop,Bachelor,Gold,True,True,True,51,2.3,4.1,11,2,24.6,4091.86,1,8.316754913387506,1.7963629745483078,0,0.3466
Australia,Mobile,Master,Platinum,True,True,True,41,12.5,4.3,6,3,19.4,695.19,0,6.544185189497899,1.829004627509825,2,0.251
Germany,Tablet,Bachelor,Silver,True,True,True,40,5.0,4.5,2,2,21.5,1199.3,1,7.089493332237676,1.860614396637471,0,0.3466
USA,Desktop,Bachelor,Silver,True,True,False,30,26.3,3.9,12,3,18.5,3143.47,0,8.05308256427511,1.7626197870713454,0,0.3466
UK,Desktop,Master,Gold,True,True,False,27,16.7,3.5,3,4,25.0,337.77,0,5.822365190483149,1.691512653766797,2,0.251
Germany,Tablet,High School,Silver,True,True,True,18,13.4,4.5,2,2,10.3,152.53,0,5.027361298011842,1.860614396637471,1,0.3006
India,Desktop,Bachelor,Silver,True,True,False,53,7.7,3.5,9,3,7.1,1577.71,1,7.363729707583944,1.691512653766797,0,0.3466
Brazil,Desktop,Bachelor,Platinum,True,False,False,36,43.8,4.5,6,0,5.9,2304.06,1,7.74242806314337,1.860614396637471,0,0.3466
Brazil,Mobile,Bachelor,Gold,True,True,False,33,22.3,3.9,6,3,18.1,683.53,0,6.527270546934513,1.7626197870713454,0,0.3466
USA,Tablet,PhD,Platinum,True,True,True,18,19.7,4.5,6,3,7.1,3347.03,0,8.11582866442183,1.860614396637471,3,0.1018
Germany,Mobile,Master,Bronze,True,True,False,30,31.8,3.3,7,5,3.9,3657.91,0,8.204647225039608,1.6539684852930463,2,0.251
Germany,Tablet,High School,Silver,True,True,True,29,5.4,3.3,4,3,28.9,1111.84,0,7.013771579566017,1.6539684852930463,1,0.3006
USA,Mobile,High School,Gold,True,True,False,28,34.0,3.4,3,3,11.3,1432.35,1,7.267071731064322,1.672916754755899,1,0.3006
UK,Desktop,High School,Bronze,True,True,False,42,9.9,3.9,5,1,26.8,420.13,1,6.040564187194326,1.7626197870713454,1,0.3006
Brazil,Tablet,High School,Gold,True,False,True,39,15.9,4.5,6,4,21.1,2437.41,0,7.798691279113405,1.860614396637471,1,0.3006
USA,Desktop,High School,Bronze,True,False,True,22,10.7,3.4,4,3,10.5,1178.11,1,7.071666738459831,1.672916754755899,1,0.3006
France,Desktop,Bachelor,Gold,True,True,False,22,2.7,2.3,8,3,4.3,4600.32,0,8.43388114527503,1.4416544924686217,0,0.3466
USA,Mobile,Master,Silver,True,True,False,22,26.2,4.7,4,2,25.2,436.32,0,6.078375919097279,1.891255528483568,2,0.251
USA,Desktop,Master,Bronze,True,False,False,60,2.8,3.0,5,5,26.7,1193.39,1,7.08455327563273,1.5948692441471295,2,0.251
USA,Desktop,High School,Silver,True,False,True,56,5.6,3.8,5,1,5.5,2164.81,1,7.68008787677023,1.74531138386547,1,0.3006
Canada,Desktop,Bachelor,Silver,True,True,False,28,8.5,3.5,3,7,18.9,3128.91,1,8.048439980072088,1.691512653766797,0,0.3466
India,Desktop,Bachelor,Silver,True,True,False,18,2.6,4.2,7,2,16.9,786.13,1,6.667122173155096,1.8128169798052736,0,0.3466
Canada,Mobile,Master,Silver,True,True,True,40,5.1,4.1,6,2,27.9,836.05,0,6.728688419908678,1.7963629745483078,2,0.251
Germany,Mobile,Master,Gold,True,True,False,39,14.8,4.1,2,3,19.4,1659.29,1,7.414145079012843,1.7963629745483078,2,0.251
USA,Tablet,PhD,Silver,True,True,False,42,9.2,3.9,9,2,8.1,2880.93,1,7.965868437670292,1.7626197870713454,3,0.1018
France,Desktop,Bachelor,Silver,True,True,True,47,9.9,3.6,8,0,21.5,724.87,1,6.585992328431825,1.7097690490891824,0,0.3466
Germany,Desktop,Master,Bronze,True,True,True,43,5.9,4.6,7,1,15.8,662.48,0,6.495990368725445,1.876052317839795,2,0.251
India,Desktop,High School,Platinum,True,True,True,25,12.6,3.3,7,4,10.4,2856.17,0,7.957236845497527,1.6539684852930463,1,0.3006
USA,Desktop,Bachelor,Bronze,True,True,False,42,9.4,4.3,4,2,18.2,901.14,0,6.803660628445544,1.829004627509825,0,0.3466
Germany,Desktop,High School,Silver,True,True,True,48,3.3,3.1,6,6,28.9,311.59,0,5.7416882210554325,1.6149595811994066,1,0.3006
USA,Mobile,Bachelor,Gold,True,False,True,29,10.4,3.2,6,3,24.5,1118.91,1,7.02011027612292,1.6346542330120937,0,0.3466
UK,Tablet,Bachelor,Bronze,True,False,False,42,4.5,4.2,4,3,22.3,713.84,0,6.570658847591896,1.8128169798052736,0,0.3466
Brazil,Tablet,High School,Silver,True,False,True,31,25.0,4.7,3,2,2.3,2854.29,1,7.956578404647606,1.891255528483568,1,0.3006
Germany,Desktop,High School,Bronze,True,True,False,62,8.9,2.9,5,2,3.6,482.7,1,6.179395342666448,1.574366995878342,1,0.3006
UK,Tablet,High School,Gold,True,True,True,107,426.0323124043167,3.2,1,5,18.4,1862.92,1,7.529900428187359,1.6346542330120937,1,0.3006
UK,Desktop,High School,Silver,True,True,True,52,26.4,3.8,4,4,1.0,1251.83,1,7.132361759693128,1.74531138386547,1,0.3006
Germany,Desktop,High School,Gold,True,False,True,18,11.0,3.1,13,3,19.3,1206.05,0,7.095105835797533,1.6149595811994066,1,0.3006
Brazil,Tablet,High School,Gold,True,True,False,60,19.4,4.0,4,4,9.1,4910.13,1,8.499055697016479,1.7796336993958102,1,0.3006
Australia,Mobile,High School,Silver,True,True,True,24,2.3,4.1,8,5,4.8,5251.49,0,8.566267124843174,1.7963629745483078,1,0.3006
Canada,Desktop,High School,Gold,True,True,False,40,26.3,3.0,3,2,1.4,2206.96,0,7.699371281942062,1.5948692441471295,1,0.3006
Brazil,Desktop,PhD,Silver,True,False,True,18,6.3,4.5,10,2,6.3,991.92,0,6.899642458871587,1.860614396637471,3,0.1018
UK,Desktop,Bachelor,Bronze,True,True,True,22,13.1,3.8,2,3,20.9,1222.88,1,7.1089640114945745,1.74531138386547,0,0.3466
Japan,Mobile,High School,Silver,True,True,False,49,6.8,3.0,3,1,13.5,2049.9,0,7.625546290454842,1.5948692441471295,1,0.3006
Germany,Mobile,Bachelor,Platinum,True,True,False,50,7.4,4.4,8,2,1.0,1524.36,1,7.32932992882337,1.844934404062263,0,0.3466
UK,Tablet,Master,Silver,True,True,True,41,10.5,4.6,5,3,2.1,1650.71,1,7.408960777371131,1.876052317839795,2,0.251
India,Desktop,Master,Bronze,True,True,False,47,13.0,3.8,8,5,17.5,280.14,1,5.6352894782109,1.74531138386547,2,0.251
USA,Desktop,High School,Bronze,True,True,True,51,11.9,4.3,7,4,25.1,2369.37,1,7.770379376007228,1.829004627509825,1,0.3006
Australia,Mobile,Bachelor,Silver,True,True,False,30,12.2,4.1,10,1,17.9,5707.77,1,8.649583683461133,1.7963629745483078,0,0.3466
Germany,Mobile,Master,Bronze,True,True,True,21,3.3,3.6,10,1,11.6,1796.31,0,7.4934898397581255,1.7097690490891824,2,0.251
Japan,Desktop,Master,Silver,True,False,False,38,78.7,3.0,7,1,13.1,1495.83,1,7.310436515713685,1.5948692441471295,2,0.251
Japan,Mobile,Master,Silver,True,True,False,31,14.7,4.6,6,2,12.0,28146.62,0,10.245182555310773,1.876052317839795,2,0.251
Australia,Tablet,Master,Silver,True,False,True,43,17.3,4.5,3,1,26.9,482.0,1,6.1779441140506,1.860614396637471,2,0.251
Japan,Tablet,Master,Bronze,True,False,True,45,9.3,3.9,4,1,4.6,3186.82,1,8.066778833374556,1.7626197870713454,2,0.251
France,Mobile,Bachelor,Silver,True,True,False,30,6.1,4.8,7,1,11.4,575.76,0,6.355690907199548,1.9062310586677143,0,0.3466
USA,Tablet,Bachelor,Gold,True,False,True,46,13.7,4.4,6,3,9.2,4069.24,0,8.311211528813283,1.844934404062263,0,0.3466
Germany,Mobile,Bachelor,Platinum,True,False,False,46,15.4,3.1,7,3,17.7,280.73,1,5.637393353325012,1.6149595811994066,0,0.3466
USA,Mobile,Master,Silver,True,True,True,47,34.5,4.1,8,1,20.8,4433.06,1,8.396845369505703,1.7963629745483078,2,0.251
Brazil,Desktop,High School,Bronze,True,True,False,33,64.2,3.7,6,2,15.5,1676.1,0,7.424224945133212,1.727698115361634,1,0.3006
Germany,Desktop,PhD,Platinum,True,False,False,47,39.7,4.4,4,2,29.7,802.31,0,6.6874950668474575,1.844934404062263,3,0.1018
Japan,Desktop,High School,Gold,True,True,False,44,3.0,3.9,5,3,7.6,432.29,0,6.0690966593218345,1.7626197870713454,1,0.3006
USA,Mobile,Bachelor,Bronze,True,False,False,46,8.4,4.5,6,3,0.6,2413.43,1,7.788804251158081,1.860614396637471,0,0.3466
USA,Desktop,Master,Bronze,True,False,True,58,15.9,3.9,9,3,21.7,10073.6,0,9.217673419342974,1.7626197870713454,2,0.251
Japan,Tablet,High School,Bronze,True,True,True,42,8.8,3.5,3,1,7.3,1234.92,1,7.118761469636,1.691512653766797,1,0.3006
USA,Desktop,Bachelor,Bronze,True,False,False,31,11.8,3.7,4,1,29.1,701.97,0,6.553890668069908,1.727698115361634,0,0.3466
USA,Desktop,High School,Bronze,True,True,False,25,2.2,4.1,5,2,24.1,2225.8,0,7.707871680539325,1.7963629745483078,1,0.3006
USA,Mobile,Bachelor,Platinum,True,False,True,52,25.3,3.4,3,6,18.8,111.46,1,4.7136657821413905,1.672916754755899,0,0.3466
Canada,Desktop,High School,Silver,True,True,False,42,2.7,3.7,5,1,21.1,4838.36,1,8.484331099315218,1.727698115361634,1,0.3006
Brazil,Desktop,Bachelor,Silver,True,True,False,58,3.5,3.6,4,2,24.0,1832.17,0,7.513256335688734,1.7097690490891824,0,0.3466
UK,Desktop,Bachelor,Gold,True,True,False,18,5.4,3.0,8,3,20.5,3107.96,1,8.04172184139185,1.5948692441471295,0,0.3466
UK,Mobile,PhD,Gold,True,True,False,49,11.3,3.0,10,3,9.4,2458.74,1,7.807404302587728,1.5948692441471295,3,0.1018
UK,Desktop,PhD,Gold,True,True,False,35,3.3,3.4,6,2,15.2,2743.07,0,7.916833010116179,1.672916754755899,3,0.1018
Brazil,Mobile,High School,Platinum,True,True,True,34,5.2,3.4,2,2,9.4,878.22,1,6.77789713172391,1.672916754755899,1,0.3006
Japan,Mobile,Master,Silver,True,False,False,29,30.5,3.0,5,1,21.1,500.16,0,6.214928047233112,1.5948692441471295,2,0.251
USA,Desktop,High School,Platinum,True,True,True,49,11.1,4.5,2,0,0.3,286.68,0,5.658366611125719,1.860614396637471,1,0.3006
USA,Desktop,High School,Gold,True,False,False,45,17.2,4.5,6,2,11.6,2181.9,1,7.687951335828605,1.860614396637471,1,0.3006
USA,Desktop,High School,Bronze,True,True,False,24,4.5,3.4,5,3,4.8,304.97,1,5.7202134111139475,1.672916754755899,1,0.3006
Japan,Mobile,PhD,Silver,True,True,False,40,11.7,4.2,6,2,28.5,2495.0,0,7.822044008185619,1.8128169798052736,3,0.1018
Brazil,Desktop,PhD,Silver,True,False,True,46,10.9,4.1,3,2,21.6,1217.25,0,7.10434949506281,1.7963629745483078,3,0.1018
UK,Desktop,High School,Platinum,True,True,False,40,6.4,4.1,4,2,15.1,297.39,0,5.695044408712916,1.7963629745483078,1,0.3006
USA,Mobile,High School,Bronze,True,False,False,51,11.7,4.0,7,1,7.3,415.17,1,6.028688074905949,1.7796336993958102,1,0.3006
USA,Mobile,High School,Silver,True,True,True,35,2.7,2.9,4,0,0.6,6469.88,1,8.774912840182298,1.574366995878342,1,0.3006
Canada,Desktop,Bachelor,Bronze,True,False,False,18,17.3,4.1,10,0,22.7,1877.2,0,7.537536583920263,1.7963629745483078,0,0.3466
UK,Desktop,Bachelor,Bronze,True,True,True,40,8.8,3.7,9,3,14.9,171.92,0,5.147029252334255,1.727698115361634,0,0.3466
Brazil,Tablet,High School,Bronze,True,False,True,40,9.9,3.8,8,2,2.7,829.13,1,6.720376958281329,1.74531138386547,1,0.3006
Japan,Tablet,Master,Silver,True,False,False,42,24.1,4.3,5,2,17.3,923.42,0,6.82808416892432,1.829004627509825,2,0.251
UK,Mobile,Bachelor,Gold,True,True,False,51,17.2,3.9,12,0,1.2,792.36,1,6.675015833994481,1.7626197870713454,0,0.3466
USA,Mobile,PhD,Bronze,True,False,False,18,9.4,3.8,8,1,13.0,123.25,0,4.814214812922799,1.74531138386547,3,0.1018
USA,Mobile,Master,Silver,True,True,True,35,5.0,4.5,7,2,13.2,1958.0,1,7.579678823090456,1.860614396637471,2,0.251
France,Tablet,Bachelor,Bronze,True,True,False,27,35.3,3.2,8,4,25.9,1955.79,1,7.578549482867865,1.6346542330120937,0,0.3466
Brazil,Tablet,Master,Bronze,True,False,True,24,4.2,3.4,6,1,29.6,436.07,0,6.077802780920904,1.672916754755899,2,0.251
Japan,Desktop,Master,Silver,True,True,True,37,20.2,3.6,4,3,4.3,62.12,1,4.129067998280486,1.7097690490891824,2,0.251
France,Mobile,High School,Bronze,True,False,False,46,3.4,4.0,5,2,21.1,920.62,0,6.825047356109139,1.7796336993958102,1,0.3006
USA,Desktop,Bachelor,Silver,True,False,True,42,25.4,-0.3909673195194301,6,3,26.2,5737.97,0,8.654860768225099,0.42964857442710125,0,0.3466
Canada,Desktop,PhD,Bronze,True,False,False,30,27.3,3.6,6,4,12.9,977.91,1,6.885417641260422,1.7097690490891824,3,0.1018
Brazil,Mobile,High School,Bronze,True,True,False,36,2.6,4.2,11,3,9.8,355.26,0,5.87284991577174,1.8128169798052736,1,0.3006
UK,Desktop,High School,Silver,True,False,True,49,17.5,3.2,6,2,0.6,3857.79,1,8.257849759635814,1.6346542330120937,1,0.3006
Canada,Tablet,Bachelor,Silver,True,True,False,46,16.3,4.2,8,4,16.9,5187.21,0,8.553951259361831,1.8128169798052736,0,0.3466
France,Desktop,Master,Bronze,True,True,False,31,21.4,3.4,7,4,5.4,647.57,0,6.473226895838541,1.672916754755899,2,0.251
France,Mobile,Master,Silver,True,True,True,31,16.3,3.1,8,1,2.2,2146.61,0,7.671645132566341,1.6149595811994066,2,0.251
Brazil,Tablet,PhD,Gold,True,True,True,18,5.6,4.3,7,2,0.1,1178.48,0,7.071980751506683,1.829004627509825,3,0.1018
India,Tablet,Bachelor,Gold,True,True,False,33,10.2,3.3,4,3,28.8,1285.38,0,7.158809673457183,1.6539684852930463,0,0.3466
Japan,Desktop,High School,Bronze,True,True,True,18,46.1,4.1,4,0,25.7,838.45,0,6.731554949193119,1.7963629745483078,1,0.3006
USA,Desktop,Bachelor,Silver,True,False,False,63,5.0,3.7,5,3,28.9,380.82,1,5.942326822546434,1.727698115361634,0,0.3466
UK,Mobile,Master,Silver,True,True,True,28,15.8,3.4,7,2,28.3,393.27,1,5.974496398877828,1.672916754755899,2,0.251
Australia,Desktop,High School,Bronze,True,True,True,51,30.6,4.4,5,2,18.8,396.97,1,5.98386071108125,1.844934404062263,1,0.3006
USA,Tablet,High School,Gold,True,True,False,60,5.5,4.0,13,2,18.2,1002.99,1,6.910740817822503,1.7796336993958102,1,0.3006
UK,Tablet,High School,Platinum,True,False,False,41,3.9,3.7,9,3,25.4,2335.72,0,7.756075473750274,1.727698115361634,1,0.3006
Germany,Desktop,Bachelor,Gold,True,False,True,37,4.4,4.9,5,5,28.4,5420.12,1,8.597873234410002,1.920985627295474,0,0.3466
Germany,Desktop,Master,Gold,True,True,True,22,16.7,3.8,7,1,17.7,1567.06,0,7.356956531348578,1.74531138386547,2,0.251
France,Desktop,Master,Gold,True,False,False,32,4.4,4.3,5,1,3.6,562.49,0,6.332373356142771,1.829004627509825,2,0.251
Canada,Tablet,PhD,Silver,True,True,False,57,10.9,3.8,3,2,3.9,799.31,1,6.683748855500791,1.74531138386547,3,0.1018
USA,Desktop,High School,Silver,True,False,False,42,36.5,2.9,4,1,19.8,3431.6,1,8.14078190369881,1.574366995878342,1,0.3006
USA,Desktop,PhD,Gold,True,True,False,38,11.7,3.9,6,4,2.4,6649.69,1,8.802325516021961,1.7626197870713454,3,0.1018
USA,Desktop,Master,Silver,True,True,True,54,6.5,4.5,9,2,18.4,381.62,1,5.944425349102196,1.860614396637471,2,0.251
Australia,Mobile,Bachelor,Bronze,True,False,False,46,13.5,3.8,7,3,28.9,438.41,0,6.083154545592635,1.74531138386547,0,0.3466
Japan,Desktop,PhD,Bronze,True,False,True,36,11.5,4.5,7,3,0.1,1063.56,0,6.969377050538307,1.860614396637471,3,0.1018
UK,Desktop,High School,Gold,True,True,True,41,17.5,3.9,6,1,5.6,6484.29,0,8.777137607333513,1.7626197870713454,1,0.3006
India,Tablet,Master,Bronze,True,False,True,29,44.5,4.0,9,2,28.3,2464.0,0,7.80954132465341,1.7796336993958102,2,0.251
India,Tablet,Master,Silver,True,True,False,31,16.7,3.2,2,1,14.7,1064.74,0,6.970485916883192,1.6346542330120937,2,0.251
India,Mobile,Master,Platinum,True,True,True,36,62.0,2.9,5,1,8.6,2757.01,0,7.921902038148159,1.574366995878342,2,0.251
Australia,Desktop,Bachelor,Gold,True,False,True,45,17.5,3.9,7,3,7.5,2836.67,1,7.950386107986751,1.7626197870713454,0,0.3466
UK,Desktop,High School,Platinum,True,True,False,23,6.6,4.8,3,5,25.9,701.49,0,6.553206644273412,1.9062310586677143,1,0.3006
Brazil,Mobile,Bachelor,Silver,True,True,False,39,76.0,3.9,3,1,12.9,808.21,1,6.694821925742783,1.7626197870713454,0,0.3466
Germany,Desktop,Bachelor,Bronze,True,True,True,33,11.0,4.1,4,4,19.1,1900.05,0,7.549635480597751,1.7963629745483078,0,0.3466
India,Tablet,Master,Gold,True,False,False,27,5.2,3.8,3,1,9.3,596.26,0,6.390676813550381,1.74531138386547,2,0.251
Brazil,Mobile,Master,Bronze,True,True,True,33,78.2,4.5,7,5,16.4,2209.52,1,7.700530576351507,1.860614396637471,2,0.251
Brazil,Desktop,PhD,Silver,True,True,False,18,6.8,4.0,8,1,23.9,3041.79,0,8.020201436905742,1.7796336993958102,3,0.1018
Japan,Tablet,High School,Bronze,True,True,False,29,6.6,4.4,1,8,10.2,723.99,0,6.584777580135632,1.844934404062263,1,0.3006
USA,Tablet,Master,Bronze,True,False,False,25,7.8,4.6,8,0,11.9,731.68,0,6.595343259909745,1.876052317839795,2,0.251
France,Desktop,PhD,Silver,True,False,False,35,13.9,3.3,4,2,13.3,738.99,0,6.605284389056917,1.6539684852930463,3,0.1018
Spain,Mobile,Master,Bronze,True,True,False,18,25.7,3.1,10,2,18.0,2480.07,0,7.816042064567139,1.6149595811994066,2,0.251
Australia,Desktop,High School,Silver,True,True,False,40,1.5,4.6,6,1,9.1,3501.02,1,8.160809633591876,1.876052317839795,1,0.3006
USA,Desktop,High School,Gold,True,True,False,49,25.6,3.9,5,3,13.4,1455.27,1,7.282946729400474,1.7626197870713454,1,0.3006
USA,Desktop,High School,Bronze,True,False,False,37,7.8,4.6,5,4,16.4,437.48,1,6.081030990467025,1.876052317839795,1,0.3006
USA,Mobile,Bachelor,Bronze,True,True,False,44,8.8,2.3,9,6,10.6,583.6,1,6.369215816648631,1.4416544924686217,0,0.3466
Brazil,Tablet,Bachelor,Silver,True,True,True,32,48.0,3.5,6,5,0.2,1530.52,1,7.333362825925046,1.691512653766797,0,0.3466
India,Mobile,PhD,Silver,True,True,False,19,14.4,4.8,7,5,8.1,167.38,0,5.120266676604728,1.9062310586677143,3,0.1018
USA,Desktop,Bachelor,Platinum,True,False,True,38,17.4,3.1,8,1,24.5,261.09,1,5.5648651754695315,1.6149595811994066,0,0.3466
Germany,Mobile,Bachelor,Bronze,True,True,True,46,11.7,4.1,4,1,8.5,641.35,1,6.46357532974586,1.7963629745483078,0,0.3466
India,Desktop,Bachelor,Gold,True,True,False,22,22.4,2.4,6,5,24.7,4340.89,0,8.375834675195076,1.4650326891622956,0,0.3466
Brazil,Tablet,Master,Silver,True,False,False,32,44.5,2.9,11,1,12.3,683.39,0,6.527065706855373,1.574366995878342,2,0.251
France,Desktop,PhD,Silver,True,True,True,35,1.7,4.8,9,2,26.0,222.45,1,5.4047023572520505,1.9062310586677143,3,0.1018
France,Desktop,Master,Bronze,True,True,True,72,29.0,4.3,9,0,11.3,1802.8,1,7.4970962908164935,1.829004627509825,2,0.251
Germany,Desktop,Bachelor,Silver,True,True,False,41,42.0,3.0,3,0,8.8,4651.9,0,8.445031017276813,1.5948692441471295,0,0.3466
UK,Mobile,Bachelor,Bronze,True,True,True,18,18.2,3.9,2,0,7.1,1017.53,0,6.925133400911589,1.7626197870713454,0,0.3466
France,Desktop,Master,Bronze,True,True,False,18,7.1,4.0,6,3,9.1,470.38,0,6.15354087867374,1.7796336993958102,2,0.251
Japan,Mobile,Bachelor,Silver,True,False,False,47,4.8,3.2,1,3,5.9,589.1,0,6.378595948527642,1.6346542330120937,0,0.3466
India,Desktop,High School,Gold,True,False,False,68,80.6,4.5,2,2,22.5,455.8,1,6.122054116811584,1.860614396637471,1,0.3006
Japan,Desktop,High School,Gold,True,True,False,35,5.9,4.2,5,3,29.5,13702.55,0,9.52533722588278,1.8128169798052736,1,0.3006
Brazil,Mobile,High School,Silver,True,False,True,34,41.0,4.3,3,4,11.9,463.04,0,6.137813443443119,1.829004627509825,1,0.3006
USA,Tablet,Master,Silver,True,True,True,43,16.6,4.5,7,1,10.0,1398.24,0,7.242969581879234,1.860614396637471,2,0.251
Germany,Tablet,High School,Silver,True,True,True,28,62.6,3.9,8,3,19.1,841.03,1,6.734627331155987,1.7626197870713454,1,0.3006
USA,Desktop,High School,Platinum,True,False,False,18,9.4,4.9,8,4,12.9,3283.2,1,8.096573835536395,1.920985627295474,1,0.3006
USA,Desktop,High School,Silver,True,True,False,50,3.4,3.9,12,4,1.4,956.38,1,6.863155323613111,1.7626197870713454,1,0.3006
Brazil,Desktop,Bachelor,Bronze,True,True,False,31,12.2,3.7,4,2,10.3,528.74,1,6.270496817652093,1.727698115361634,0,0.3466
Spain,Mobile,Bachelor,Bronze,True,False,False,51,3.7,3.3,6,3,24.0,5305.34,1,8.576469139475055,1.6539684852930463,0,0.3466
USA,Mobile,Master,Silver,True,True,False,29,103.7,3.9,7,2,2.1,623.17,1,6.434819354758556,1.7626197870713454,2,0.251
Germany,Tablet,High School,Silver,True,True,False,39,20.2,4.7,5,4,7.8,1631.33,0,7.39715091201407,1.891255528483568,1,0.3006
India,Tablet,High School,Bronze,True,True,False,48,22.7,4.0,9,7,29.2,658.53,1,6.490010078232158,1.7796336993958102,1,0.3006
USA,Desktop,Bachelor,Gold,True,True,True,51,22.7,4.2,6,2,8.5,678.13,0,6.519339009973532,1.8128169798052736,0,0.3466
France,Mobile,Bachelor,Gold,True,False,True,41,7.0,3.5,5,1,25.5,351.19,1,5.861327387551475,1.691512653766797,0,0.3466
Brazil,Tablet,High School,Silver,True,False,False,40,11.0,3.3,5,2,27.0,604.57,0,6.40451746153107,1.6539684852930463,1,0.3006
France,Mobile,High School,Bronze,True,False,True,45,13.3,2.8,7,2,20.5,1107.43,0,7.009797294504137,1.5534355914115192,1,0.3006
USA,Desktop,Master,Bronze,True,True,False,44,57.7,3.7,13,4,14.2,393.85,1,5.975970126149333,1.727698115361634,2,0.251
UK,Desktop,Master,Platinum,True,True,False,23,4.8,2.8,7,1,28.7,2947.88,0,7.98884154691764,1.5534355914115192,2,0.251
Brazil,Desktop,High School,Gold,True,False,True,23,6.8,4.5,7,3,28.9,1285.35,0,7.158786333783238,1.860614396637471,1,0.3006
France,Desktop,High School,Bronze,True,True,True,18,9.1,4.0,7,4,19.1,329.1,0,5.796361655949294,1.7796336993958102,1,0.3006
USA,Desktop,PhD,Bronze,True,False,False,47,7.1,4.7,8,2,22.4,1230.13,1,7.114875133838468,1.891255528483568,3,0.1018
Brazil,Desktop,Master,Silver,True,False,False,33,3.8,4.0,9,2,26.4,1599.99,1,7.377752658208341,1.7796336993958102,2,0.251
USA,Mobile,Bachelor,Bronze,True,True,True,48,1.4,3.4,7,1,3.2,1459.08,1,7.285561379096327,1.672916754755899,0,0.3466
Brazil,Desktop,Master,Silver,True,False,False,43,2.8,3.9,4,3,17.0,1037.08,0,6.944164350866301,1.7626197870713454,2,0.251
USA,Desktop,Master,Platinum,True,True,False,26,29.3,3.2,3,5,25.9,2473.32,0,7.813316656643206,1.6346542330120937,2,0.251
Canada,Desktop,Master,Bronze,True,False,True,37,12.1,3.7,7,2,27.4,627.67,0,6.442014550649397,1.727698115361634,2,0.251
UK,Mobile,Bachelor,Bronze,True,True,False,33,23.8,4.0,1,1,30.0,649.41,1,6.476064258379874,1.7796336993958102,0,0.3466
UK,Tablet,Bachelor,Gold,True,True,False,31,7.6,3.0,6,1,22.0,681.24,1,6.523914666970636,1.5948692441471295,0,0.3466
USA,Mobile,High School,Bronze,True,True,False,49,11.3,3.8,11,4,6.3,408.69,0,6.0129569224460795,1.74531138386547,1,0.3006
UK,Desktop,PhD,Platinum,True,True,True,68,44.3,4.2,6,0,19.0,1378.11,1,7.228468274222235,1.8128169798052736,3,0.1018
India,Tablet,Bachelor,Silver,True,True,True,51,42.2,4.5,3,2,29.7,2709.1,1,7.904371755394193,1.860614396637471,0,0.3466
Spain,Desktop,High School,Platinum,True,True,False,38,25.9,4.8,5,5,17.6,421.48,1,6.043772326731327,1.9062310586677143,1,0.3006
UK,Desktop,PhD,Bronze,True,True,False,53,14.3,4.2,8,4,11.6,9513.78,1,9.160496552907334,1.8128169798052736,3,0.1018
Germany,Desktop,PhD,Bronze,True,True,False,59,18.4,2.2,8,2,8.1,317.54,1,5.760603794649366,1.4177166459929065,3,0.1018
Brazil,Desktop,PhD,Silver,True,True,False,21,16.4,3.1,4,1,10.5,1735.02,0,7.4587742196920415,1.6149595811994066,3,0.1018
Australia,Desktop,Master,Silver,True,True,False,53,10.7,3.7,5,3,22.1,4349.38,0,8.377788585188911,1.727698115361634,2,0.251
France,Tablet,PhD,Bronze,True,False,False,47,8.8,2.6,6,4,6.3,9673.56,1,9.177151669611323,1.5102107064924273,3,0.1018
UK,Mobile,High School,Platinum,True,True,False,52,29.9,4.4,8,4,19.2,2460.88,0,7.80827428853582,1.844934404062263,1,0.3006
Germany,Desktop,Master,Gold,True,True,True,48,4.3,3.6,5,93,18.8,2866.2,1,7.960742389623971,1.7097690490891824,2,0.251
Japan,Tablet,Master,Silver,True,True,False,35,40.0,4.4,1,3,7.9,973.66,1,6.881062166725975,1.844934404062263,2,0.251
USA,Desktop,High School,Bronze,True,False,False,62,9.8,4.4,4,3,15.1,1861.95,1,7.5293796046300665,1.844934404062263,1,0.3006
France,Desktop,High School,Gold,True,False,False,42,4.3,2.9,1,2,26.0,1129.42,0,7.029459505599739,1.574366995878342,1,0.3006
UK,Mobile,PhD,Gold,True,False,True,33,7.9,3.9,7,1,23.9,1011.51,0,6.919199542866395,1.7626197870713454,3,0.1018
Brazil,Mobile,High School,Silver,True,True,False,44,6.1,3.1,9,1,17.6,915.07,1,6.819000565081577,1.6149595811994066,1,0.3006
USA,Desktop,Master,Platinum,True,False,False,50,7.7,3.7,3,2,20.0,1269.19,0,7.146134180699117,1.727698115361634,2,0.251
France,Desktop,High School,Bronze,True,True,True,39,7.6,3.4,5,3,1.1,1277.5,0,7.1526603220778595,1.672916754755899,1,0.3006
Germany,Mobile,High School,Bronze,True,False,True,43,7.3,3.8,5,1,2.7,222.32,0,5.404117785434249,1.74531138386547,1,0.3006
Japan,Mobile,Bachelor,Bronze,True,False,True,39,9.5,4.0,6,3,11.2,2569.37,1,7.851416011651708,1.7796336993958102,0,0.3466
USA,Mobile,High School,Gold,True,True,False,30,11.6,2.6,2,4,11.5,1153.75,0,7.050772785817062,1.5102107064924273,1,0.3006
France,Desktop,Master,Silver,True,True,False,28,22.4,4.3,5,2,8.9,407.19,1,6.009279906977984,1.829004627509825,2,0.251
France,Desktop,Bachelor,Bronze,True,False,True,21,10.0,3.1,6,3,19.5,1418.2,0,7.257143740869896,1.6149595811994066,0,0.3466
France,Desktop,High School,Bronze,True,True,False,56,15.8,4.1,8,0,18.2,2389.13,1,7.77868456191898,1.7963629745483078,1,0.3006
France,Desktop,High School,Bronze,True,False,False,35,12.3,4.0,10,4,20.5,337.45,1,5.821417351189416,1.7796336993958102,1,0.3006
Japan,Tablet,Bachelor,Bronze,True,False,True,18,18.8,4.4,6,3,6.9,1791.39,0,7.4907471337993226,1.844934404062263,0,0.3466
India,Mobile,High School,Silver,True,True,True,43,12.6,3.6,9,5,0.1,625.62,0,6.438743158029557,1.7097690490891824,1,0.3006
UK,Desktop,Master,Bronze,True,True,True,43,7.3,4.8,6,2,29.0,1079.67,1,6.9844107178711,1.9062310586677143,2,0.251
India,Mobile,Bachelor,Bronze,True,True,True,18,5.8,4.1,11,3,23.2,1052.81,0,6.959218059006186,1.7963629745483078,0,0.3466
Germany,Mobile,High School,Gold,True,True,True,28,14.4,4.5,9,2,13.7,951.03,1,6.857545607789159,1.860614396637471,1,0.3006
USA,Desktop,Bachelor,Silver,True,True,True,27,33.7,2.3,9,2,1.3,731.3,1,6.594823772276905,1.4416544924686217,0,0.3466
USA,Mobile,High School,Gold,True,False,False,29,10.1,2.9,8,2,6.0,1513.76,1,7.322351900956134,1.574366995878342,1,0.3006
UK,Tablet,High School,Bronze,True,False,True,53,7.0,3.7,7,0,1.6,278.06,1,5.627836917741397,1.727698115361634,1,0.3006
Brazil,Mobile,High School,Bronze,True,False,False,36,9.9,4.8,9,1,14.3,670.91,0,6.50863499980878,1.9062310586677143,1,0.3006
Japan,Desktop,Master,Silver,True,True,False,33,7.8,4.4,1,3,6.5,206.19,1,5.328798073801623,1.844934404062263,2,0.251
Brazil,Mobile,PhD,Bronze,True,False,False,51,7.1,4.6,4,1,16.2,565.38,1,6.33749807144672,1.876052317839795,3,0.1018
Germany,Mobile,Master,Bronze,True,False,False,44,3.8,2.9,4,1,1.9,378.62,1,5.936533063581764,1.574366995878342,2,0.251
Germany,Desktop,Bachelor,Gold,True,True,False,18,10.0,3.2,7,1,21.3,645.86,1,6.470582762029551,1.6346542330120937,0,0.3466
USA,Desktop,High School,Platinum,True,False,False,31,14.7,3.7,2,2,3.0,1183.91,1,7.076577799041264,1.727698115361634,1,0.3006
UK,Tablet,Bachelor,Bronze,True,False,False,42,5.1,4.2,5,3,9.3,1433.58,0,7.267930091230494,1.8128169798052736,0,0.3466
Germany,Desktop,Master,Bronze,True,False,False,27,6.0,3.9,2,2,19.4,5197.66,0,8.555963803289133,1.7626197870713454,2,0.251
USA,Mobile,PhD,Platinum,True,False,False,62,5.7,4.2,7,1,3.2,1665.22,1,7.417712525817995,1.8128169798052736,3,0.1018
USA,Mobile,High School,Bronze,True,True,False,39,4.0,3.5,7,5,29.4,228.76,0,5.4326734190471155,1.691512653766797,1,0.3006
France,Desktop,High School,Silver,True,True,False,29,5.7,4.3,4,2,5.7,575.83,0,6.355812478244949,1.829004627509825,1,0.3006
Brazil,Desktop,Master,Platinum,True,False,True,25,10.4,4.3,2,8,1.1,536.91,0,6.285830482697427,1.829004627509825,2,0.251
Spain,Mobile,Master,Platinum,True,False,False,49,4.2,3.7,10,0,20.1,387.48,0,5.9596642345581845,1.727698115361634,2,0.251
Australia,Desktop,Master,Silver,True,True,False,30,10.9,4.2,4,4,11.4,3408.87,0,8.134136137060521,1.8128169798052736,2,0.251
Japan,Mobile,Master,Bronze,True,True,False,43,6.9,4.4,4,2,29.0,1349.19,1,7.207259691360443,1.844934404062263,2,0.251
Germany,Mobile,PhD,Bronze,True,True,True,24,5.8,4.9,7,3,2.6,1689.31,0,7.432075440522835,1.920985627295474,3,0.1018
Japan,Mobile,Bachelor,Gold,True,True,True,39,16.5,4.4,8,0,10.7,302.23,0,5.711188316916794,1.844934404062263,0,0.3466
Brazil,Tablet,PhD,Platinum,True,False,False,30,7.3,3.9,9,2,17.8,1661.0,1,7.415175109613295,1.7626197870713454,3,0.1018
USA,Mobile,PhD,Silver,True,True,True,34,8.4,3.1,8,2,16.3,2247.07,0,7.717382424348071,1.6149595811994066,3,0.1018
Germany,Desktop,Master,Gold,True,True,True,28,34.4,4.3,6,2,14.6,1432.87,1,7.267434704941167,1.829004627509825,2,0.251
India,Tablet,Bachelor,Gold,True,False,True,50,5.8,4.1,5,1,11.5,770.62,0,6.647195385657495,1.7963629745483078,0,0.3466
UK,Mobile,High School,Silver,True,True,False,32,42.6,4.3,11,0,25.0,3676.99,1,8.209849761689197,1.829004627509825,1,0.3006
France,Desktop,Bachelor,Gold,True,False,True,36,9.2,3.9,10,3,4.1,3055.42,1,8.024672341697984,1.7626197870713454,0,0.3466
France,Desktop,Bachelor,Silver,True,False,False,37,4.9,3.0,12,4,15.0,881.32,0,6.781420783595988,1.5948692441471295,0,0.3466
USA,Mobile,Master,Silver,True,True,True,57,7.8,3.4,9,1,17.2,1475.04,1,7.296440387050284,1.672916754755899,2,0.251
UK,Desktop,High School,Bronze,True,True,True,49,12.9,3.5,3,3,26.5,866.88,1,6.764900558896731,1.691512653766797,1,0.3006
UK,Mobile,High School,Gold,True,False,True,47,33.2,3.6,10,1,8.5,272.2,1,5.6065370902173655,1.7097690490891824,1,0.3006
USA,Mobile,Master,Silver,True,True,False,19,23.1,3.1,6,6,8.2,444.0,1,6.095824562432225,1.6149595811994066,2,0.251
USA,Desktop,High School,Bronze,True,True,True,30,12.8,4.5,5,2,24.3,338.72,1,5.825173807386555,1.860614396637471,1,0.3006
India,Mobile,Bachelor,Gold,True,False,False,52,33.4,3.6,6,0,8.3,2323.33,1,7.750756780365201,1.7097690490891824,0,0.3466
UK,Desktop,Bachelor,Silver,True,True,False,24,2.7,4.3,4,1,1.6,364.71,0,5.8991025172358125,1.829004627509825,0,0.3466
Germany,Desktop,Bachelor,Platinum,True,True,False,39,14.9,4.5,6,2,15.7,813.73,1,6.701628615647781,1.860614396637471,0,0.3466
UK,Mobile,High School,Bronze,True,True,True,25,15.6,3.9,5,1,22.8,1246.08,0,7.12775790274378,1.7626197870713454,1,0.3006
Canada,Desktop,Master,Silver,True,True,False,26,15.8,4.1,9,1,4.6,644.11,0,6.467869518971837,1.7963629745483078,2,0.251
UK,Mobile,Bachelor,Bronze,True,True,False,58,3.4,4.5,9,3,22.9,2015.69,1,7.608716847526195,1.860614396637471,0,0.3466
Germany,Mobile,PhD,Platinum,True,True,False,47,5.4,3.6,3,2,10.6,1212.46,0,7.100406632576745,1.7097690490891824,3,0.1018
India,Mobile,Bachelor,Bronze,True,False,True,50,10.7,3.3,5,0,28.5,345.36,1,5.844587351247222,1.6539684852930463,0,0.3466
India,Desktop,High School,Silver,True,True,True,47,29.7,4.4,4,0,2.6,4144.2,1,8.329465045322982,1.844934404062263,1,0.3006
USA,Desktop,High School,Gold,True,False,True,36,56.4,3.6,3,1,9.5,2347.28,0,7.761012489970817,1.7097690490891824,1,0.3006
India,Mobile,High School,Bronze,True,False,False,30,7.2,4.0,2,0,6.3,1621.28,0,7.390971239700008,1.7796336993958102,1,0.3006
Germany,Tablet,Bachelor,Platinum,True,False,True,33,4.3,4.4,5,2,26.9,1343.74,1,7.203212049987817,1.844934404062263,0,0.3466
Germany,Mobile,High School,Gold,True,True,True,36,23.4,4.4,7,0,8.4,1376.98,1,7.227647974294926,1.844934404062263,1,0.3006
USA,Mobile,Bachelor,Bronze,True,False,True,59,98.6,3.4,6,4,8.0,1177.27,1,7.070953477724314,1.672916754755899,0,0.3466
USA,Desktop,Bachelor,Bronze,True,True,True,22,29.5,4.4,6,2,21.1,512.66,0,6.239612857411758,1.844934404062263,0,0.3466
Brazil,Desktop,High School,Bronze,True,True,True,31,6.7,3.8,4,5,28.5,558.31,0,6.3249143636730105,1.74531138386547,1,0.3006
Germany,Mobile,High School,Bronze,True,False,True,27,120.0,4.3,5,2,17.7,1111.11,1,7.013114794639463,1.829004627509825,1,0.3006
Germany,Desktop,Master,Gold,True,True,False,51,21.1,3.8,5,3,28.3,1306.8,1,7.175336679726915,1.74531138386547,2,0.251
Brazil,Desktop,PhD,Platinum,True,True,False,60,6.5,4.0,7,3,19.7,2971.02,1,7.996660607180105,1.7796336993958102,3,0.1018
Brazil,Tablet,High School,Bronze,True,True,True,42,57.3,4.5,7,3,5.9,572.08,1,6.349278841740141,1.860614396637471,1,0.3006
USA,Desktop,High School,Silver,True,False,False,43,6.1,4.3,4,2,22.3,7563.24,0,8.931054948791646,1.829004627509825,1,0.3006
France,Desktop,PhD,Silver,True,True,True,39,7.4,4.2,4,1,8.9,2204.34,1,7.698183423347965,1.8128169798052736,3,0.1018
USA,Desktop,High School,Bronze,True,True,False,43,21.8,4.0,6,1,9.3,1134.68,0,7.0341059518374305,1.7796336993958102,1,0.3006
Brazil,Tablet,PhD,Bronze,True,True,False,47,11.9,2.9,6,2,24.3,751.74,1,6.622390519485516,1.574366995878342,3,0.1018
Japan,Mobile,High School,Bronze,True,False,False,43,12.5,4.6,3,4,7.8,454.45,1,6.119087896564779,1.876052317839795,1,0.3006
Canada,Mobile,Master,Silver,True,True,True,44,12.6,2.6,3,3,10.0,1668.79,1,7.419854091898736,1.5102107064924273,2,0.251
USA,Tablet,Bachelor,Silver,True,True,True,47,29.7,3.0,7,4,29.6,930.07,1,6.8352598521319505,1.5948692441471295,0,0.3466
USA,Desktop,PhD,Gold,True,False,False,18,1.9,3.6,5,1,5.1,1332.76,0,7.195007258957407,1.7097690490891824,3,0.1018
UK,Mobile,Bachelor,Bronze,True,False,False,38,15.3,4.7,8,4,19.0,1150.22,0,7.047708507408778,1.891255528483568,0,0.3466
UK,Desktop,Master,Gold,True,True,False,42,9.7,4.6,6,1,11.8,618.65,0,6.427539684659985,1.876052317839795,2,0.251
USA,Desktop,High School,Silver,True,False,False,43,6.7,3.9,7,2,9.6,928.5,1,6.833570380792761,1.7626197870713454,1,0.3006
Australia,Mobile,High School,Gold,True,True,False,36,6.7,4.2,8,1,4.0,2045.1,1,7.62320196703685,1.8128169798052736,1,0.3006
USA,Mobile,Master,Silver,True,False,True,40,1.5,4.4,5,4,16.0,1691.95,1,7.433636988902111,1.844934404062263,2,0.251
UK,Desktop,Bachelor,Gold,True,True,True,29,6.4,3.9,4,1,17.1,614.31,0,6.420499686728578,1.7626197870713454,0,0.3466
Brazil,Desktop,PhD,Gold,True,False,False,18,34.2,4.6,7,3,20.6,1795.02,0,7.492771442921589,1.876052317839795,3,0.1018
Germany,Mobile,Bachelor,Silver,True,True,False,50,23.7,3.7,7,3,23.6,1149.73,0,7.047282411182849,1.727698115361634,0,0.3466
Brazil,Desktop,Master,Bronze,True,True,True,24,10.5,2.6,12,6,12.4,1498.53,0,7.31223990657634,1.5102107064924273,2,0.251
USA,Desktop,Bachelor,Platinum,True,True,True,36,3.9,3.9,13,4,16.2,761.93,0,6.635854687949874,1.7626197870713454,0,0.3466
Germany,Desktop,PhD,Gold,True,True,True,29,23.5,2.5,11,4,2.0,1837.44,0,7.516128577492644,1.487876807789161,3,0.1018
USA,Desktop,PhD,Platinum,True,False,False,57,34.7,-0.9276847063762876,2,3,12.5,1120.46,1,7.021494594254829,0.0,3,0.1018
USA,Mobile,Bachelor,Gold,True,False,False,37,27.9,3.9,6,1,4.0,927.99,1,6.833020956866072,1.7626197870713454,0,0.3466
Australia,Desktop,Master,Silver,True,True,False,34,5.6,4.1,5,3,0.0,4192.28,0,8.341000017663395,1.7963629745483078,2,0.251
USA,Desktop,Master,Bronze,True,True,True,47,6.1,3.5,5,0,1.8,1145.77,1,7.043832179051851,1.691512653766797,2,0.251
France,Mobile,High School,Bronze,True,True,True,64,45.8,4.2,7,5,0.7,820.66,0,6.710108894566446,1.8128169798052736,1,0.3006
Germany,Tablet,Bachelor,Platinum,True,True,False,43,4.6,4.1,8,3,11.8,4375.48,0,8.383771507059256,1.7963629745483078,0,0.3466
UK,Desktop,High School,Bronze,True,True,True,33,17.9,4.1,5,3,11.5,830.29,0,6.721775037355881,1.7963629745483078,1,0.3006
Australia,Desktop,Master,Bronze,True,True,False,46,2.9,3.8,5,0,6.0,2281.47,0,7.732575251037087,1.74531138386547,2,0.251
USA,Desktop,High School,Gold,True,False,True,19,9.6,4.5,5,1,14.0,2348.91,0,7.76170666974866,1.860614396637471,1,0.3006
Japan,Mobile,High School,Gold,True,True,False,39,19.5,4.2,2,2,2.4,934.25,1,6.839744068365594,1.8128169798052736,1,0.3006
Canada,Mobile,Bachelor,Bronze,True,True,False,62,11.9,3.7,6,4,8.8,315.45,1,5.754000190816819,1.727698115361634,0,0.3466
France,Mobile,Bachelor,Bronze,True,True,False,40,18.5,4.2,7,0,1.4,3722.84,1,8.222242096854671,1.8128169798052736,0,0.3466
Australia,Tablet,Master,Silver,True,False,False,39,4.6,1.6,3,3,0.2,945.84,0,6.8520734215548575,1.2606417652099418,2,0.251
USA,Mobile,PhD,Bronze,True,False,True,38,6.3,4.4,6,2,17.6,2638.05,0,7.877795286850483,1.844934404062263,3,0.1018
Germany,Mobile,Bachelor,Gold,True,False,False,33,17.9,4.1,11,3,21.5,876.16,0,6.775548722660029,1.7963629745483078,0,0.3466
UK,Mobile,High School,Bronze,True,True,True,42,21.3,4.6,6,0,7.8,977.97,1,6.885478994717709,1.876052317839795,1,0.3006
Brazil,Desktop,Master,Gold,True,True,False,47,14.5,4.3,3,1,20.8,561.32,0,6.330291152882935,1.829004627509825,2,0.251
Spain,Tablet,Bachelor,Gold,True,False,False,34,26.0,4.1,6,4,18.8,333.15,0,5.808592839008546,1.7963629745483078,0,0.3466
UK,Desktop,Bachelor,Silver,True,True,True,18,3.2,4.2,7,2,23.3,6843.21,0,8.831012198776229,1.8128169798052736,0,0.3466
Japan,Desktop,Bachelor,Bronze,True,True,True,44,8.4,3.7,3,3,6.2,3664.17,1,8.206357122097609,1.727698115361634,0,0.3466
USA,Mobile,Bachelor,Silver,True,True,False,64,52.4,2.9,2,2,14.4,1425.18,1,7.262053400515057,1.574366995878342,0,0.3466
France,Desktop,Bachelor,Silver,True,False,True,33,34.0,3.1,7,4,6.3,4401.83,1,8.389775642531049,1.6149595811994066,0,0.3466
Germany,Mobile,Master,Bronze,True,True,True,20,20.2,2.3,5,4,26.1,304.5,1,5.718671087149952,1.4416544924686217,2,0.251
Canada,Mobile,Bachelor,Gold,True,True,False,46,10.8,2.6,4,2,19.4,7482.8,1,8.920362332474749,1.5102107064924273,0,0.3466
France,Desktop,Master,Silver,True,False,True,59,27.9,2.3,6,4,2.6,373.76,1,5.923613880199808,1.4416544924686217,2,0.251
UK,Mobile,Bachelor,Gold,True,True,False,44,17.2,4.5,5,4,11.0,1216.92,1,7.104078355411906,1.860614396637471,0,0.3466
USA,Desktop,High School,Bronze,True,True,False,59,3.6,3.7,2,4,1.2,4748.77,0,8.465640916127608,1.727698115361634,1,0.3006
USA,Desktop,Master,Bronze,True,False,True,48,27.0,4.1,5,3,29.5,776.58,0,6.654899663682402,1.7963629745483078,2,0.251
USA,Mobile,Bachelor,Platinum,True,False,False,46,6.1,4.4,9,1,24.7,599.9,0,6.3967629746590475,1.844934404062263,0,0.3466
UK,Mobile,High School,Silver,True,True,False,32,22.4,4.5,10,5,10.6,1415.86,1,7.255492399309202,1.860614396637471,1,0.3006
India,Mobile,Bachelor,Silver,True,False,False,41,3.3,3.8,8,4,11.5,3314.08,1,8.105935337707212,1.74531138386547,0,0.3466
France,Desktop,Bachelor,Silver,True,False,True,38,43.8,4.0,8,5,11.1,1587.55,1,7.369947226333848,1.7796336993958102,0,0.3466
France,Mobile,Master,Bronze,True,True,True,37,9.8,3.7,3,7,19.7,1370.03,0,7.222587916392636,1.727698115361634,2,0.251
USA,Desktop,Bachelor,Gold,True,True,False,35,5.0,3.5,3,2,10.4,191.93,1,5.257130722217787,1.691512653766797,0,0.3466
India,Tablet,Master,Bronze,True,True,True,41,529.6076027022375,4.4,2,2,6.4,499.39,0,6.213387353616355,1.844934404062263,2,0.251
Brazil,Desktop,High School,Silver,True,True,False,22,9.3,4.5,6,0,8.0,784.52,0,6.66507206579331,1.860614396637471,1,0.3006
USA,Mobile,Bachelor,Silver,True,False,True,48,12.1,3.4,9,3,23.9,615.6,0,6.422597401964724,1.672916754755899,0,0.3466
Japan,Desktop,PhD,Platinum,True,True,True,27,35.0,3.9,7,1,3.1,552.31,1,6.314109482844985,1.7626197870713454,3,0.1018
France,Desktop,Master,Silver,True,True,True,35,12.9,3.0,4,3,12.9,940.01,0,6.845890513505336,1.5948692441471295,2,0.251
USA,Mobile,High School,Bronze,True,True,False,42,2.1,4.4,6,3,11.9,837.21,1,6.7300749350776705,1.844934404062263,1,0.3006
Germany,Tablet,High School,Silver,True,True,True,27,4.6,3.5,5,2,16.7,430.62,1,6.065226030670035,1.691512653766797,1,0.3006
Germany,Mobile,Bachelor,Bronze,True,False,False,18,110.6,3.9,6,4,1.8,2785.54,0,7.932197029436746,1.7626197870713454,0,0.3466
USA,Tablet,Master,Bronze,True,True,True,33,13.6,4.1,5,1,1.0,752.46,0,6.623347839064014,1.7963629745483078,2,0.251
Canada,Mobile,Master,Bronze,True,False,False,21,26.1,4.1,4,4,20.8,1398.22,1,7.24295527808086,1.7963629745483078,2,0.251
India,Mobile,Master,Silver,True,True,False,47,9.5,3.4,2,8,15.7,908.11,0,6.811365516638235,1.672916754755899,2,0.251
Japan,Desktop,Bachelor,Bronze,True,False,False,24,5.5,4.4,3,2,3.6,1316.0,0,7.182352111885263,1.844934404062263,0,0.3466
Germany,Mobile,Master,Silver,True,False,False,56,8.3,2.6,6,4,11.6,226.08,1,5.4208889189362175,1.5102107064924273,2,0.251
Germany,Desktop,Bachelor,Platinum,True,True,False,38,13.5,4.2,2,3,15.7,760.95,0,6.634567652680809,1.8128169798052736,0,0.3466
Japan,Tablet,High School,Gold,True,True,True,39,8.4,3.4,6,2,10.6,291.37,0,5.674593937191527,1.672916754755899,1,0.3006
France,Tablet,Bachelor,Bronze,True,True,False,18,56.5,3.0,5,3,3.4,587.46,0,6.375808158594035,1.5948692441471295,0,0.3466
USA,Tablet,PhD,Bronze,True,True,False,40,7.4,3.9,7,2,4.5,332.04,1,5.805255443586835,1.7626197870713454,3,0.1018
Germany,Mobile,Master,Silver,True,True,False,37,5.2,4.5,9,1,7.4,1641.24,1,7.40320733268146,1.860614396637471,2,0.251
India,Mobile,Bachelor,Gold,True,True,True,22,23.3,4.7,5,2,0.0,2331.49,1,7.754262827154897,1.891255528483568,0,0.3466
Germany,Mobile,Bachelor,Bronze,True,True,False,39,25.7,4.4,4,1,21.9,2225.66,0,7.707808779828077,1.844934404062263,0,0.3466
USA,Desktop,PhD,Gold,True,False,False,33,12.5,3.9,8,5,20.6,848.96,1,6.744012070949375,1.7626197870713454,3,0.1018
Brazil,Mobile,Bachelor,Silver,True,True,False,35,7.5,4.4,6,1,26.4,1143.97,1,7.04225994781967,1.844934404062263,0,0.3466
USA,Desktop,Bachelor,Silver,True,True,True,38,2.7,2.4,5,0,3.4,859.98,0,6.756909133163179,1.4650326891622956,0,0.3466
UK,Mobile,PhD,Platinum,True,True,False,32,32.3,4.3,3,2,18.5,388.48,1,5.962241688431079,1.829004627509825,3,0.1018
USA,Desktop,Master,Gold,True,True,False,41,24.4,2.4,10,2,21.7,4611.14,1,8.436230393923186,1.4650326891622956,2,0.251
UK,Desktop,Bachelor,Gold,True,True,True,37,8.6,3.9,6,2,18.2,229.39,0,5.435423611766036,1.7626197870713454,0,0.3466
Brazil,Desktop,Bachelor,Bronze,True,True,False,44,12.8,2.8,6,0,10.7,303.6,1,5.715711045521475,1.5534355914115192,0,0.3466
Germany,Desktop,Bachelor,Silver,True,True,False,32,10.2,4.4,9,2,9.8,336.31,0,5.818033353659475,1.844934404062263,0,0.3466
USA,Mobile,High School,Silver,True,True,False,25,44.8,4.2,6,4,4.2,2063.15,0,7.63198922007418,1.8128169798052736,1,0.3006
India,Desktop,PhD,Bronze,True,True,True,29,5.3,3.5,7,1,29.1,271.43,0,5.603704279243263,1.691512653766797,3,0.1018
India,Mobile,Bachelor,Silver,True,False,False,55,7.4,4.4,6,0,3.3,842.21,0,6.736029389321549,1.844934404062263,0,0.3466
India,Desktop,Master,Bronze,True,True,False,49,6.9,4.0,6,1,20.5,2397.1,1,7.782014952379364,1.7796336993958102,2,0.251
USA,Mobile,High School,Bronze,True,True,False,53,15.6,4.1,6,5,26.6,698.47,1,6.548892228597867,1.7963629745483078,1,0.3006
Germany,Mobile,Bachelor,Bronze,True,False,True,53,12.7,4.5,7,0,27.0,314.3,1,5.750347943803522,1.860614396637471,0,0.3466
Spain,Mobile,High School,Gold,True,True,False,32,14.3,3.6,8,1,27.7,672.11,1,6.510422017603516,1.7097690490891824,1,0.3006
Brazil,Mobile,Master,Platinum,True,True,False,42,6.0,4.1,6,4,19.8,359.69,1,5.8852425493698926,1.7963629745483078,2,0.251
USA,Desktop,Bachelor,Silver,True,True,True,39,40.0,4.5,4,0,3.9,424.27,1,6.050370045018507,1.860614396637471,0,0.3466
USA,Mobile,Bachelor,Silver,True,True,True,46,8.5,3.6,5,4,15.6,2458.56,1,7.80733109167927,1.7097690490891824,0,0.3466
Germany,Desktop,High School,Bronze,True,False,True,35,31.5,4.6,7,1,13.2,973.11,0,6.880497128211273,1.876052317839795,1,0.3006
Australia,Mobile,High School,Platinum,True,True,False,39,120.0,4.8,3,3,20.2,2987.36,1,8.002145333217026,1.9062310586677143,1,0.3006
France,Mobile,High School,Silver,True,False,False,39,6.1,3.1,5,1,13.8,1512.37,0,7.321433235797825,1.6149595811994066,1,0.3006
Germany,Desktop,High School,Gold,True,False,False,44,16.0,4.4,6,1,24.7,3873.14,1,8.26182082655057,1.844934404062263,1,0.3006
USA,Mobile,Bachelor,Gold,True,True,True,46,11.0,2.8,10,2,12.4,497.09,0,6.208771096221559,1.5534355914115192,0,0.3466
Japan,Mobile,Bachelor,Bronze,True,False,True,39,61.8,3.6,5,2,22.6,428.15,0,6.059473601472201,1.7097690490891824,0,0.3466
India,Desktop,Bachelor,Silver,True,False,True,39,9.7,3.3,5,2,28.5,425.53,1,6.053335450815944,1.6539684852930463,0,0.3466
UK,Desktop,Bachelor,Platinum,True,True,False,41,14.9,4.4,6,2,21.8,1308.44,0,7.176590866887539,1.844934404062263,0,0.3466
Brazil,Desktop,High School,Bronze,True,True,True,58,14.6,3.6,3,4,22.9,4676.97,1,8.450405743337129,1.7097690490891824,1,0.3006
Canada,Tablet,High School,Silver,True,True,True,18,11.2,4.3,4,2,21.3,369.01,0,5.9108237439443245,1.829004627509825,1,0.3006
USA,Mobile,High School,Platinum,True,True,True,26,22.3,3.3,8,7,25.2,1541.92,0,7.340783672102978,1.6539684852930463,1,0.3006
France,Desktop,Master,Bronze,True,True,True,46,13.1,4.5,5,4,8.8,1135.42,1,7.034757905518951,1.860614396637471,2,0.251
UK,Desktop,Bachelor,Gold,True,False,True,41,17.9,3.9,5,2,29.8,643.73,0,6.467279383534162,1.7626197870713454,0,0.3466
Brazil,Mobile,High School,Platinum,True,True,False,41,14.5,4.6,7,5,23.9,580.39,1,6.3637002913647045,1.876052317839795,1,0.3006
France,Mobile,High School,Gold,True,True,False,46,7.5,3.8,5,2,22.7,535.7,0,6.283574302886914,1.74531138386547,1,0.3006
Japan,Desktop,Master,Bronze,True,False,False,41,9.8,4.5,6,4,2.7,55.91,0,4.0237432550385535,1.860614396637471,2,0.251
Brazil,Desktop,Master,Bronze,True,True,False,31,19.0,4.3,4,2,10.0,720.91,0,6.580514302863776,1.829004627509825,2,0.251
UK,Tablet,Master,Bronze,True,True,False,46,18.9,4.2,4,9,7.6,2966.35,0,7.9950875197818005,1.8128169798052736,2,0.251
Australia,Desktop,Bachelor,Gold,True,False,False,38,33.0,4.7,1,2,3.4,717.42,0,6.575661443159544,1.891255528483568,0,0.3466
France,Desktop,High School,Gold,True,False,True,33,53.9,3.8,6,0,27.4,429.52,0,6.062668306114314,1.74531138386547,1,0.3006
USA,Tablet,PhD,Silver,True,False,False,46,8.0,2.7,9,2,18.3,161.63,1,5.085309772421717,1.5320566796070851,3,0.1018
Japan,Mobile,Master,Bronze,True,True,False,46,13.6,4.2,3,3,26.9,3835.16,1,8.251966433921934,1.8128169798052736,2,0.251
Brazil,Desktop,Bachelor,Bronze,True,True,False,41,10.4,3.0,4,1,16.0,2076.85,0,7.638607601720731,1.5948692441471295,0,0.3466
UK,Desktop,Master,Gold,True,True,False,59,5.0,3.8,2,2,27.3,1704.92,0,7.441273467795686,1.74531138386547,2,0.251
India,Desktop,Master,Gold,True,True,False,54,19.1,3.7,5,2,27.8,158.8,1,5.067645548813036,1.727698115361634,2,0.251
Australia,Desktop,High School,Platinum,True,True,True,50,22.7,4.2,7,3,19.6,3239.57,0,8.083195883929438,1.8128169798052736,1,0.3006
UK,Tablet,Bachelor,Gold,True,True,False,69,5.1,3.8,5,1,15.0,1140.6,1,7.039309718722438,1.74531138386547,0,0.3466
Spain,Desktop,High School,Gold,True,True,False,36,9.0,3.5,4,4,6.6,415.0,1,6.028278520230698,1.691512653766797,1,0.3006
USA,Mobile,High School,Gold,True,True,False,32,8.4,3.0,5,3,27.4,137.49,0,4.923551187189142,1.5948692441471295,1,0.3006
USA,Tablet,Master,Silver,True,True,True,48,3.6,3.0,8,5,23.4,5868.84,1,8.677412278302246,1.5948692441471295,2,0.251
USA,Desktop,High School,Silver,True,True,True,35,11.8,2.3,8,5,10.1,2246.7,1,7.717217751923431,1.4416544924686217,1,0.3006
Australia,Desktop,Master,Platinum,True,True,False,38,4.9,3.0,5,1,20.0,1017.75,0,6.925349587383089,1.5948692441471295,2,0.251
Japan,Mobile,PhD,Silver,True,True,True,26,13.8,4.6,8,1,18.3,162.34,1,5.08969290133303,1.876052317839795,3,0.1018
USA,Tablet,High School,Bronze,True,True,True,45,15.1,2.8,7,1,3.2,465.55,1,6.143219502334539,1.5534355914115192,1,0.3006
Germany,Mobile,Bachelor,Bronze,True,True,False,20,16.7,3.6,7,1,27.9,373.1,0,5.921846480227112,1.7097690490891824,0,0.3466
France,Desktop,Master,Bronze,True,True,False,37,17.3,3.8,8,5,0.2,1070.3,1,6.97569426199033,1.74531138386547,2,0.251
USA,Mobile,Master,Silver,True,True,False,38,41.5,4.5,6,6,24.8,1532.6,1,7.334720918536304,1.860614396637471,2,0.251
Australia,Mobile,Master,Bronze,True,True,False,33,6.4,4.5,1,1,15.3,1410.43,0,7.251649901418988,1.860614396637471,2,0.251
India,Tablet,Bachelor,Bronze,True,True,True,18,6.6,3.6,6,1,24.8,1750.36,0,7.467576760046992,1.7097690490891824,0,0.3466
Germany,Desktop,Bachelor,Silver,True,False,False,18,20.6,2.7,10,3,16.7,1414.83,0,7.254764661517033,1.5320566796070851,0,0.3466
Canada,Mobile,Bachelor,Bronze,True,False,False,29,11.0,3.2,9,1,4.6,4071.86,1,8.311855176499824,1.6346542330120937,0,0.3466
Germany,Tablet,PhD,Gold,True,True,False,44,30.0,3.3,11,0,14.2,1856.91,1,7.526669094911668,1.6539684852930463,3,0.1018
Spain,Desktop,Bachelor,Silver,True,False,False,41,19.1,4.4,6,2,26.4,2104.75,1,7.6519519742177735,1.844934404062263,0,0.3466
Japan,Mobile,PhD,Silver,True,True,True,38,56.5,3.2,4,4,6.9,7482.46,0,8.920316893905682,1.6346542330120937,3,0.1018
Japan,Desktop,High School,Bronze,True,True,False,27,11.3,3.2,4,4,3.6,1592.92,0,7.37332408893776,1.6346542330120937,1,0.3006
USA,Desktop,PhD,Bronze,True,True,False,42,3.7,3.6,3,4,12.4,631.78,0,6.448541232279725,1.7097690490891824,3,0.1018
Australia,Desktop,Master,Silver,True,True,True,18,16.0,4.4,4,3,24.3,1883.12,0,7.540685254720072,1.844934404062263,2,0.251
Germany,Tablet,Bachelor,Gold,True,True,False,18,11.5,4.7,4,0,21.2,603.55,0,6.402828887147136,1.891255528483568,0,0.3466
USA,Desktop,Bachelor,Gold,True,True,False,35,18.7,4.3,6,3,29.9,574.23,1,6.353030012926128,1.829004627509825,0,0.3466
USA,Mobile,High School,Bronze,True,True,False,31,20.7,4.4,10,2,26.4,2069.28,0,7.634955999666934,1.844934404062263,1,0.3006
France,Mobile,High School,Silver,True,True,False,50,7.9,3.6,5,2,5.1,185.73,1,5.22429400619925,1.7097690490891824,1,0.3006
France,Desktop,High School,Bronze,True,False,False,40,5.4,4.4,9,5,23.6,751.11,1,6.621552112409756,1.844934404062263,1,0.3006
Japan,Mobile,High School,Platinum,True,False,False,58,10.8,4.7,4,4,21.5,1639.34,1,7.402049000793538,1.891255528483568,1,0.3006
Australia,Mobile,Bachelor,Platinum,True,True,False,31,1.8,4.5,7,5,5.9,1753.8,0,7.469540141345255,1.860614396637471,0,0.3466
USA,Tablet,Master,Silver,True,True,False,44,13.0,3.4,5,0,23.4,1196.45,1,7.087114117925325,1.672916754755899,2,0.251
Brazil,Mobile,Bachelor,Silver,True,True,False,35,8.8,4.1,3,1,7.3,544.14,1,6.299206566687531,1.7963629745483078,0,0.3466
USA,Mobile,High School,Gold,True,True,True,55,24.3,3.5,11,4,13.7,6021.56,0,8.703101640945503,1.691512653766797,1,0.3006
India,Desktop,Master,Gold,True,True,False,36,2.5,2.9,9,1,8.3,1001.67,0,6.909423886082683,1.574366995878342,2,0.251
India,Tablet,Bachelor,Silver,True,True,True,48,12.2,3.5,2,3,13.5,657.07,1,6.487790557710171,1.691512653766797,0,0.3466
France,Desktop,PhD,Platinum,True,False,True,25,43.0,4.1,8,1,9.1,3943.22,0,8.279752927401027,1.7963629745483078,3,0.1018
Japan,Mobile,Master,Silver,True,True,False,33,20.9,3.7,5,1,19.8,396.38,0,5.9823733470962015,1.727698115361634,2,0.251
UK,Desktop,High School,Silver,True,True,True,37,26.7,4.9,5,0,24.1,1057.82,1,6.963965465618957,1.920985627295474,1,0.3006
Germany,Tablet,Bachelor,Gold,True,True,True,53,16.0,3.5,13,0,0.6,360.15,1,5.886520611335372,1.691512653766797,0,0.3466
India,Mobile,Bachelor,Silver,True,True,False,18,3.2,3.9,9,3,12.1,408.05,0,6.011389715915252,1.7626197870713454,0,0.3466
Germany,Mobile,High School,Gold,True,True,True,34,13.9,3.8,10,2,4.4,885.58,1,6.786242797580246,1.74531138386547,1,0.3006
UK,Desktop,High School,Bronze,True,True,False,34,16.9,4.3,9,4,0.6,1244.37,0,7.126384656729022,1.829004627509825,1,0.3006
Germany,Desktop,High School,Bronze,True,True,False,18,5.1,3.9,3,4,29.5,2081.37,0,7.6407816097242724,1.7626197870713454,1,0.3006
India,Mobile,High School,Bronze,True,True,True,32,11.0,3.7,8,0,20.2,398.7,1,5.988209254387309,1.727698115361634,1,0.3006
UK,Mobile,Bachelor,Silver,True,True,False,20,1.2,3.9,5,3,13.6,4486.36,0,8.408796961525947,1.7626197870713454,0,0.3466
USA,Desktop,Bachelor,Silver,True,False,True,18,9.3,3.7,5,5,12.9,967.27,0,6.874477670544418,1.727698115361634,0,0.3466
Japan,Tablet,High School,Platinum,True,False,True,35,8.6,3.9,7,2,25.2,810.27,0,6.697367525456605,1.7626197870713454,1,0.3006
India,Tablet,Master,Silver,True,True,True,34,37.4,2.3,3,1,17.1,2786.13,1,7.932408815131952,1.4416544924686217,2,0.251
USA,Desktop,Bachelor,Gold,True,True,False,35,7.5,4.3,4,3,22.5,1753.46,0,7.469346257800229,1.829004627509825,0,0.3466
USA,Mobile,High School,Bronze,True,True,True,41,9.8,3.6,8,3,27.6,611.44,1,6.415816830934629,1.7097690490891824,1,0.3006
USA,Mobile,High School,Gold,True,True,False,27,11.4,3.3,3,1,26.5,1566.46,1,7.356573575434888,1.6539684852930463,1,0.3006
UK,Mobile,High School,Silver,True,True,False,59,7.6,4.3,9,5,2.8,988.42,1,6.89610770863252,1.829004627509825,1,0.3006
Germany,Desktop,Bachelor,Silver,True,True,False,38,21.7,4.0,8,4,14.6,853.78,0,6.749673549359876,1.7796336993958102,0,0.3466
Brazil,Mobile,High School,Bronze,True,False,True,53,2.5,3.5,7,4,19.0,214.26,1,5.367190230834412,1.691512653766797,1,0.3006
Japan,Mobile,Bachelor,Silver,True,True,False,18,30.2,4.6,8,1,13.9,722.64,0,6.582911172841588,1.876052317839795,0,0.3466
Japan,Desktop,Bachelor,Silver,True,True,False,28,12.1,3.5,5,1,8.7,2089.31,0,7.64458914690881,1.691512653766797,0,0.3466
UK,Mobile,Bachelor,Silver,True,False,False,46,34.5,4.6,2,2,27.5,1685.19,0,7.429633596073488,1.876052317839795,0,0.3466
India,Mobile,High School,Platinum,True,False,False,35,1.4,2.3,10,1,27.0,1961.83,1,7.581632990091996,1.4416544924686217,1,0.3006
Germany,Mobile,Bachelor,Gold,True,True,True,25,1.7,4.4,5,1,25.3,995.7,1,6.903446007394039,1.844934404062263,0,0.3466
Canada,Desktop,Bachelor,Platinum,True,True,False,18,9.6,4.4,5,1,28.0,3869.92,0,8.260989113975537,1.844934404062263,0,0.3466
Japan,Tablet,Master,Silver,True,True,False,47,18.3,4.2,2,6,22.3,1101.41,1,7.0043464561407145,1.8128169798052736,2,0.251
USA,Mobile,Master,Platinum,True,True,True,46,7.8,2.9,8,2,11.7,728.99,0,6.591660014493448,1.574366995878342,2,0.251
Japan,Desktop,Bachelor,Gold,True,True,False,41,19.4,3.2,5,1,14.9,2155.62,0,7.675833664175513,1.6346542330120937,0,0.3466
UK,Desktop,Bachelor,Bronze,True,True,True,32,26.7,4.0,6,3,24.7,1467.86,0,7.291560836779247,1.7796336993958102,0,0.3466
Japan,Mobile,Bachelor,Silver,True,True,False,25,20.8,4.5,6,1,27.3,1137.38,0,7.0364826507546745,1.860614396637471,0,0.3466
USA,Tablet,Master,Bronze,True,True,False,37,13.2,4.1,7,0,20.1,7032.02,0,8.858229283502038,1.7963629745483078,2,0.251
USA,Desktop,High School,Bronze,True,False,False,22,13.2,2.8,6,1,17.4,8736.65,0,9.075282099978693,1.5534355914115192,1,0.3006
India,Mobile,PhD,Bronze,True,True,False,29,7.4,4.3,5,2,26.8,1945.45,1,7.573248591760245,1.829004627509825,3,0.1018
USA,Desktop,Master,Bronze,True,True,True,53,11.7,4.0,5,2,22.5,1252.69,1,7.13304851806104,1.7796336993958102,2,0.251
India,Mobile,Master,Gold,True,True,False,18,5.4,4.3,3,1,27.4,827.21,0,6.718058592655948,1.829004627509825,2,0.251
UK,Tablet,High School,Silver,True,True,True,46,6.5,3.8,4,0,26.5,951.75,1,6.858302395262607,1.74531138386547,1,0.3006
Japan,Mobile,Bachelor,Bronze,True,False,False,56,18.4,4.7,4,3,9.9,2065.39,0,7.6330743495484255,1.891255528483568,0,0.3466
Japan,Desktop,Bachelor,Gold,True,False,False,48,8.4,2.6,7,1,3.9,502.78,1,6.220152698677542,1.5102107064924273,0,0.3466
Germany,Mobile,High School,Gold,True,True,True,43,6.8,2.9,11,4,21.1,777.84,1,6.656520847501402,1.574366995878342,1,0.3006
UK,Desktop,High School,Platinum,True,True,True,32,17.5,4.1,3,1,28.0,1132.99,1,7.032615434863725,1.7963629745483078,1,0.3006
USA,Desktop,Master,Silver,True,True,True,30,16.5,4.8,5,2,27.3,513.67,0,6.241581035923618,1.9062310586677143,2,0.251
USA,Mobile,Bachelor,Silver,True,False,True,18,10.3,4.1,8,1,27.6,209.33,1,5.343911954106429,1.7963629745483078,0,0.3466
UK,Mobile,Bachelor,Bronze,True,True,False,38,10.8,4.7,3,3,26.1,92.49,1,4.527100530566169,1.891255528483568,0,0.3466
Japan,Desktop,High School,Bronze,True,False,True,33,17.0,4.3,8,5,13.2,690.29,1,6.5371117991493355,1.829004627509825,1,0.3006
Australia,Tablet,Master,Bronze,True,True,False,30,26.4,4.7,11,2,28.1,675.53,1,6.515497567961092,1.891255528483568,2,0.251
India,Mobile,Master,Silver,True,False,False,38,14.3,4.4,11,1,19.1,1481.05,0,7.300506574670226,1.844934404062263,2,0.251
Brazil,Desktop,Bachelor,Platinum,True,True,True,39,4.7,4.4,9,1,24.9,310.54,1,5.738312717553024,1.844934404062263,0,0.3466
Brazil,Mobile,Bachelor,Bronze,True,True,False,30,10.2,4.7,7,2,9.0,233.17,0,5.451767801260901,1.891255528483568,0,0.3466
Japan,Mobile,Bachelor,Bronze,True,True,True,57,8.8,4.6,6,1,15.0,1874.02,1,7.53584113510001,1.876052317839795,0,0.3466
UK,Mobile,Bachelor,Bronze,True,False,False,47,5.2,4.1,4,3,3.5,580.91,0,6.364595839517213,1.7963629745483078,0,0.3466
Australia,Mobile,High School,Gold,True,True,False,49,18.1,3.5,5,4,4.6,1182.78,1,7.075622878805941,1.691512653766797,1,0.3006
Japan,Mobile,PhD,Bronze,True,True,False,37,19.3,3.4,10,3,24.2,3751.8,0,8.229991003801308,1.672916754755899,3,0.1018
France,Desktop,Bachelor,Silver,True,False,False,44,21.8,3.4,6,3,28.3,269.55,1,5.596753901897678,1.672916754755899,0,0.3466
USA,Mobile,Bachelor,Bronze,True,True,False,27,5.5,2.7,4,0,15.8,1516.2,0,7.3239624836222035,1.5320566796070851,0,0.3466
Germany,Mobile,Bachelor,Silver,True,True,False,46,13.8,4.2,6,5,14.6,727.84,0,6.590081243821694,1.8128169798052736,0,0.3466
Germany,Desktop,Master,Bronze,True,True,True,36,12.1,2.6,3,2,28.3,476.18,1,6.165795934010756,1.5102107064924273,2,0.251
India,Mobile,High School,Silver,True,False,False,26,15.6,3.3,5,2,24.9,1366.86,1,7.220271417433918,1.6539684852930463,1,0.3006
France,Tablet,High School,Bronze,True,True,False,38,13.5,4.4,6,4,5.5,1192.81,0,7.08406714705053,1.844934404062263,1,0.3006
UK,Tablet,Master,Gold,True,True,True,34,12.1,4.0,5,3,1.3,2766.87,1,7.925471996391933,1.7796336993958102,2,0.251
Canada,Desktop,Bachelor,Silver,True,True,True,66,11.0,4.6,7,0,28.5,891.58,1,6.792995169676452,1.876052317839795,0,0.3466
USA,Desktop,Master,Gold,True,False,False,43,29.5,4.6,10,4,16.2,561.37,1,6.3303802246659435,1.876052317839795,2,0.251
Germany,Mobile,High School,Silver,True,True,True,57,6.1,4.0,7,3,19.4,273.22,1,5.610277331459341,1.7796336993958102,1,0.3006
USA,Desktop,Master,Bronze,True,True,False,52,10.6,4.0,7,1,15.9,389.12,1,5.963887779337748,1.7796336993958102,2,0.251
Brazil,Tablet,High School,Bronze,True,False,False,38,28.9,3.7,7,3,22.2,471.79,1,6.15653397132716,1.727698115361634,1,0.3006
Australia,Desktop,High School,Silver,True,True,True,33,6.4,4.9,7,2,26.9,230.89,1,5.441941406630912,1.920985627295474,1,0.3006
UK,Desktop,Master,Silver,True,True,True,18,6.6,4.5,8,4,29.8,453.46,0,6.1169070627984965,1.860614396637471,2,0.251
India,Desktop,Bachelor,Silver,True,False,False,28,21.9,3.6,8,3,10.9,1178.75,0,7.072209833947667,1.7097690490891824,0,0.3466
UK,Desktop,Bachelor,Gold,True,True,False,46,3.9,4.1,5,3,15.6,296.93,0,5.693496420787701,1.7963629745483078,0,0.3466
Australia,Mobile,High School,Gold,True,True,False,34,20.7,4.9,6,0,26.5,3628.12,1,8.196469886762998,1.920985627295474,1,0.3006
Brazil,Mobile,Bachelor,Gold,True,False,False,43,8.2,2.6,11,4,13.1,2285.29,1,7.734248209936152,1.5102107064924273,0,0.3466
India,Desktop,Bachelor,Bronze,True,False,True,18,16.9,3.0,4,1,10.8,963.52,0,6.870593245293369,1.5948692441471295,0,0.3466
USA,Desktop,PhD,Silver,True,True,False,43,4.6,4.1,9,0,29.1,4429.67,1,8.396080368165185,1.7963629745483078,3,0.1018
Canada,Mobile,PhD,Bronze,True,True,False,51,31.4,4.3,12,4,22.0,338.46,1,5.82440591697994,1.829004627509825,3,0.1018
Brazil,Desktop,Bachelor,Silver,True,False,False,18,4.6,3.2,4,5,15.2,497.37,0,6.209334215919483,1.6346542330120937,0,0.3466
UK,Mobile,Bachelor,Bronze,True,True,True,42,21.8,3.4,3,4,23.9,209.7,0,5.345677937907874,1.672916754755899,0,0.3466
India,Mobile,Bachelor,Bronze,True,True,False,54,4.8,3.4,10,1,9.6,517.22,0,6.248468315910294,1.672916754755899,0,0.3466
UK,Mobile,Master,Gold,True,False,True,58,51.8,3.3,9,2,17.7,984.38,1,6.892012001366178,1.6539684852930463,2,0.251
India,Tablet,High School,Silver,True,True,True,32,11.5,3.7,5,1,21.3,1082.74,0,6.987250144309764,1.727698115361634,1,0.3006
USA,Tablet,Bachelor,Bronze,True,True,False,47,58.0,4.1,3,4,21.5,4834.8,1,8.483595041985302,1.7963629745483078,0,0.3466
Japan,Tablet,High School,Bronze,True,False,True,55,6.3,4.1,5,2,5.9,770.73,0,6.647338117678369,1.7963629745483078,1,0.3006
France,Desktop,High School,Silver,True,True,True,43,8.5,4.3,6,5,29.8,1898.48,0,7.548808844983763,1.829004627509825,1,0.3006
USA,Desktop,High School,Platinum,True,True,False,53,32.1,3.9,6,3,22.6,895.81,1,6.797728336916964,1.7626197870713454,1,0.3006
USA,Desktop,Bachelor,Silver,True,False,False,38,3.9,4.1,7,1,22.3,1592.42,1,7.373010150705667,1.7963629745483078,0,0.3466
USA,Tablet,Master,Platinum,True,False,True,43,7.0,4.8,9,3,17.6,761.57,1,6.635382091945017,1.9062310586677143,2,0.251
Germany,Tablet,Bachelor,Bronze,True,False,False,31,18.1,4.4,4,5,10.3,523.53,0,6.260594335258889,1.844934404062263,0,0.3466
UK,Tablet,Bachelor,Silver,True,False,False,36,5.4,3.4,2,4,14.7,3743.83,0,8.227864430583693,1.672916754755899,0,0.3466
France,Desktop,High School,Gold,True,False,False,43,18.5,3.8,7,2,12.8,2213.17,1,7.702181155898649,1.74531138386547,1,0.3006
UK,Tablet,Bachelor,Silver,True,True,True,30,14.0,4.5,11,1,3.4,1150.61,0,7.048047515509103,1.860614396637471,0,0.3466
UK,Desktop,High School,Bronze,True,True,False,35,3.6,4.2,6,2,27.7,3824.12,1,8.249083654432065,1.8128169798052736,1,0.3006
Brazil,Desktop,Bachelor,Silver,True,False,False,47,26.4,3.1,10,5,15.2,771.3,1,6.648077402939953,1.6149595811994066,0,0.3466
USA,Desktop,PhD,Silver,True,True,False,63,4.4,4.7,8,3,1.3,1694.31,1,7.435030857289121,1.891255528483568,3,0.1018
Australia,Desktop,High School,Gold,True,False,True,18,22.6,3.1,4,1,12.6,739.47,0,6.6059337133766345,1.6149595811994066,1,0.3006
India,Mobile,High School,Gold,True,False,False,62,13.5,4.0,8,7,12.6,653.77,1,6.4827556076454105,1.7796336993958102,1,0.3006
Japan,Desktop,Bachelor,Gold,True,False,False,35,8.5,4.5,3,2,2.6,787.52,0,6.668888767202691,1.860614396637471,0,0.3466
France,Mobile,PhD,Silver,True,True,False,50,5.0,4.3,6,0,5.9,1925.16,1,7.562764360150985,1.829004627509825,3,0.1018
Australia,Mobile,Master,Bronze,True,True,False,52,15.9,3.2,6,2,2.3,53.98,0,3.9886136075898584,1.6346542330120937,2,0.251
USA,Tablet,Master,Silver,True,True,False,57,6.1,2.1,3,2,4.8,565.63,0,6.337940154194126,1.393191696315046,2,0.251
USA,Mobile,Bachelor,Gold,True,True,True,29,32.0,4.3,6,1,3.4,10771.48,0,9.284657179465144,1.829004627509825,0,0.3466
USA,Desktop,PhD,Platinum,True,False,True,35,33.0,3.0,5,1,27.1,7318.75,1,8.898194827346028,1.5948692441471295,3,0.1018
Brazil,Mobile,High School,Bronze,True,False,True,37,45.3,2.8,5,4,23.3,378.78,0,5.936955561607589,1.5534355914115192,1,0.3006
USA,Tablet,High School,Silver,True,True,False,34,15.3,3.8,7,1,26.2,603.11,0,6.402099601317654,1.74531138386547,1,0.3006
France,Desktop,Master,Bronze,True,False,False,54,8.8,4.0,7,2,4.2,4154.43,0,8.331930513763425,1.7796336993958102,2,0.251
Spain,Mobile,PhD,Bronze,True,True,True,37,9.6,4.5,7,4,20.1,724.57,0,6.5855783754509725,1.860614396637471,3,0.1018
India,Desktop,High School,Silver,True,False,False,19,9.1,4.1,5,2,27.1,2708.83,0,7.90427208633231,1.7963629745483078,1,0.3006
France,Desktop,High School,Silver,True,True,True,30,14.9,4.3,4,6,28.6,2135.51,0,7.666460773014645,1.829004627509825,1,0.3006
USA,Mobile,High School,Bronze,True,True,True,19,17.3,3.7,6,1,1.7,1123.14,0,7.023883613041293,1.727698115361634,1,0.3006
India,Tablet,High School,Gold,True,False,True,35,32.6,4.1,8,3,11.4,798.54,1,6.68278506032652,1.7963629745483078,1,0.3006
France,Desktop,High School,Gold,True,True,False,46,12.4,3.5,3,2,10.9,3605.94,0,8.190337764689726,1.691512653766797,1,0.3006
USA,Mobile,PhD,Platinum,True,True,False,30,4.0,3.4,5,2,5.6,607.79,0,6.409829427566824,1.672916754755899,3,0.1018
USA,Tablet,Master,Bronze,True,False,False,33,8.8,3.9,7,1,4.6,986.55,0,6.89421400841547,1.7626197870713454,2,0.251
Australia,Tablet,Master,Silver,True,True,True,35,42.3,4.2,4,5,11.1,1485.15,0,7.303271056236634,1.8128169798052736,2,0.251
Japan,Desktop,Master,Silver,True,False,True,40,3.5,3.4,3,1,21.4,1062.32,1,6.968210474682072,1.672916754755899,2,0.251
India,Tablet,Bachelor,Bronze,True,False,True,44,22.0,3.2,8,1,21.9,2017.25,0,7.609490476728616,1.6346542330120937,0,0.3466
India,Desktop,Master,Silver,True,False,False,48,8.9,1.7,3,1,17.3,1232.32,1,7.116653850626544,1.2885946228469085,2,0.251
France,Mobile,Bachelor,Gold,True,True,True,65,6.0,2.6,8,1,23.6,1151.47,1,7.048794665946974,1.5102107064924273,0,0.3466
Germany,Desktop,Bachelor,Bronze,True,False,True,39,16.7,3.3,3,2,21.1,1085.0,1,6.98933526597456,1.6539684852930463,0,0.3466
Germany,Desktop,Bachelor,Platinum,True,False,False,47,42.5,2.9,1,2,23.9,623.94,0,6.436054209900196,1.574366995878342,0,0.3466
UK,Mobile,Bachelor,Gold,True,True,False,19,16.0,2.0,4,4,29.2,1151.63,0,7.04893360911076,1.3680501190364096,0,0.3466
Germany,Desktop,Master,Gold,True,False,True,33,9.9,2.7,10,2,17.4,586.99,1,6.375007783907858,1.5320566796070851,2,0.251
Brazil,Desktop,PhD,Gold,True,True,False,35,4.3,4.2,8,5,23.0,192.68,1,5.26103078176202,1.8128169798052736,3,0.1018
France,Desktop,Bachelor,Bronze,True,False,False,26,11.3,3.8,9,1,25.0,2178.13,1,7.6862219894986215,1.74531138386547,0,0.3466
Australia,Mobile,Master,Gold,True,True,False,32,4.2,3.9,2,1,27.4,1227.7,0,7.1128977791867944,1.7626197870713454,2,0.251
Germany,Desktop,High School,Bronze,True,True,True,37,9.5,4.5,5,2,16.4,830.86,1,6.722461308941676,1.860614396637471,1,0.3006
France,Mobile,Master,Gold,True,True,False,32,11.6,4.6,11,4,27.6,2654.3,0,7.883936245429356,1.876052317839795,2,0.251
Japan,Desktop,Bachelor,Bronze,True,False,False,69,1.8,3.6,5,1,16.2,295.19,0,5.687619216813782,1.7097690490891824,0,0.3466
France,Desktop,High School,Bronze,True,True,True,44,37.0,3.8,5,2,20.8,1276.23,1,7.151665698445214,1.74531138386547,1,0.3006
Japan,Desktop,Bachelor,Silver,True,True,True,62,4.5,4.7,4,1,10.4,3279.07,1,8.095315124588726,1.891255528483568,0,0.3466
USA,Mobile,Bachelor,Bronze,True,False,True,56,10.5,4.5,12,1,29.6,5073.95,1,8.53187488595222,1.860614396637471,0,0.3466
Germany,Desktop,High School,Silver,True,False,False,30,18.7,4.6,3,1,6.5,632.21,0,6.449221617435602,1.876052317839795,1,0.3006
USA,Desktop,PhD,Silver,True,False,False,38,34.7,3.1,1,1,7.7,1017.18,0,6.9247893715379165,1.6149595811994066,3,0.1018
UK,Tablet,High School,Gold,True,True,True,33,6.5,3.6,5,0,7.6,1317.64,0,7.1835975366297085,1.7097690490891824,1,0.3006
Germany,Mobile,PhD,Silver,True,True,True,36,1.6,3.6,4,1,12.6,416.38,0,6.031598304847628,1.7097690490891824,3,0.1018
Japan,Desktop,Master,Bronze,True,False,False,26,28.9,3.4,6,0,23.0,1649.91,0,7.408476019952423,1.672916754755899,2,0.251
Canada,Desktop,Bachelor,Bronze,True,False,False,33,4.5,4.0,7,1,29.5,1292.25,0,7.164140164076149,1.7796336993958102,0,0.3466
France,Tablet,Bachelor,Silver,True,False,False,42,16.2,4.6,8,2,18.5,1156.36,1,7.05303241943671,1.876052317839795,0,0.3466
Brazil,Desktop,Master,Silver,True,False,True,42,17.1,3.2,5,2,18.5,2693.1,0,7.898448225430752,1.6346542330120937,2,0.251
Germany,Desktop,Bachelor,Gold,True,True,False,41,0.9,4.0,4,4,15.8,585.63,1,6.372688190843112,1.7796336993958102,0,0.3466
Japan,Mobile,Master,Bronze,True,True,False,37,3.3,2.4,4,5,27.1,585.13,0,6.371834044766378,1.4650326891622956,2,0.251
USA,Mobile,Bachelor,Bronze,True,False,False,48,8.4,3.5,3,4,10.0,6046.71,1,8.707269601458249,1.691512653766797,0,0.3466
UK,Mobile,Bachelor,Bronze,True,True,False,35,1.5,4.5,3,3,5.7,443.8,0,6.095374010498493,1.860614396637471,0,0.3466
UK,Desktop,PhD,Bronze,True,True,False,55,4.2,2.9,8,4,6.9,1098.44,0,7.001646270396665,1.574366995878342,3,0.1018
Germany,Desktop,High School,Bronze,True,True,True,18,13.4,4.0,7,3,25.8,2699.61,0,7.900862597114872,1.7796336993958102,1,0.3006
USA,Mobile,Bachelor,Gold,True,True,True,46,11.3,3.9,5,3,5.1,2965.03,1,7.994642429424483,1.7626197870713454,0,0.3466
USA,Desktop,High School,Bronze,True,False,False,44,15.5,3.6,7,6,15.0,2538.64,0,7.839383783546241,1.7097690490891824,1,0.3006
UK,Mobile,Master,Silver,True,True,False,30,17.5,4.3,9,4,9.7,1297.19,0,7.167955665491948,1.829004627509825,2,0.251
Canada,Mobile,Master,Silver,True,False,False,34,3.2,4.8,2,0,5.5,945.21,0,6.851407125028264,1.9062310586677143,2,0.251
UK,Desktop,High School,Bronze,True,True,True,44,4.4,3.7,6,3,17.2,530.57,0,6.273951900338904,1.727698115361634,1,0.3006
Germany,Tablet,High School,Gold,True,True,False,49,22.4,4.1,6,7,25.7,1062.77,1,6.96863398616321,1.7963629745483078,1,0.3006
USA,Mobile,High School,Silver,True,False,True,18,41.2,4.5,4,2,9.6,2311.96,0,7.745850928604541,1.860614396637471,1,0.3006
France,Mobile,Bachelor,Silver,True,True,True,46,5.6,3.8,4,1,3.6,1192.96,0,7.084192892617117,1.74531138386547,0,0.3466
UK,Desktop,Bachelor,Gold,True,True,False,33,15.0,2.7,9,4,18.7,750.1,0,6.620206530975591,1.5320566796070851,0,0.3466
USA,Desktop,PhD,Bronze,True,True,True,52,23.2,3.8,3,5,22.2,1503.95,1,7.315850259276317,1.74531138386547,3,0.1018
Germany,Mobile,Bachelor,Gold,True,True,True,18,14.7,3.7,11,3,16.8,482.27,0,6.178504123191311,1.727698115361634,0,0.3466
USA,Desktop,High School,Silver,True,False,False,67,10.0,3.9,10,1,3.5,1194.8,1,7.0857340863419545,1.7626197870713454,1,0.3006
USA,Tablet,Master,Silver,True,True,False,27,7.3,3.2,2,4,0.1,426.44,1,6.0554716770822745,1.6346542330120937,2,0.251
USA,Desktop,Bachelor,Gold,True,True,False,55,59.6,2.9,9,5,2.6,1646.12,1,7.406176282589367,1.574366995878342,0,0.3466
USA,Mobile,Bachelor,Gold,True,True,False,37,13.2,4.2,6,1,27.7,1500.46,1,7.313527006744357,1.8128169798052736,0,0.3466
USA,Desktop,High School,Silver,True,True,False,28,16.6,4.0,4,3,17.3,2125.79,1,7.661898776977024,1.7796336993958102,1,0.3006
UK,Mobile,Bachelor,Gold,True,False,False,41,15.8,4.4,11,3,11.2,2429.98,1,7.7956383058480485,1.844934404062263,0,0.3466
India,Desktop,PhD,Silver,True,False,False,50,6.4,4.6,7,2,5.5,1011.59,0,6.91927862941678,1.876052317839795,3,0.1018
France,Desktop,Bachelor,Silver,True,True,False,19,12.7,4.5,9,2,21.0,1351.3,0,7.2088223710440404,1.860614396637471,0,0.3466
Germany,Desktop,Bachelor,Bronze,True,True,True,46,9.4,3.6,6,1,22.9,679.65,0,6.521577959781257,1.7097690490891824,0,0.3466
UK,Tablet,Bachelor,Bronze,True,True,True,38,9.3,4.4,6,5,24.2,880.93,1,6.780978167614865,1.844934404062263,0,0.3466
Australia,Desktop,PhD,Gold,True,True,True,45,15.7,3.8,5,3,0.6,1176.75,0,7.0705116802812515,1.74531138386547,3,0.1018
UK,Tablet,High School,Bronze,True,True,False,38,5.9,4.5,4,1,23.1,827.52,1,6.718433276143438,1.860614396637471,1,0.3006
USA,Mobile,Bachelor,Bronze,True,True,True,31,4.6,3.6,7,1,4.8,2586.1,0,7.857906228344394,1.7097690490891824,0,0.3466
France,Desktop,PhD,Gold,True,True,True,25,18.2,4.0,8,1,23.9,2646.26,0,7.880902601374387,1.7796336993958102,3,0.1018
USA,Mobile,High School,Bronze,True,True,False,46,8.0,4.3,4,2,4.5,316.92,0,5.758649376097042,1.829004627509825,1,0.3006
UK,Desktop,Master,Bronze,True,True,True,46,9.2,4.3,3,4,7.3,841.46,0,6.735138478335895,1.829004627509825,2,0.251
Germany,Tablet,Bachelor,Silver,True,True,False,46,2.6,4.3,1,1,23.3,2705.27,0,7.902957001456497,1.829004627509825,0,0.3466
India,Mobile,Master,Silver,True,False,True,43,26.3,3.6,5,2,18.9,458.36,0,6.127654901558247,1.7097690490891824,2,0.251
Germany,Desktop,Bachelor,Gold,True,False,True,49,18.5,4.0,1,1,1.0,469.97,1,6.152668862879663,1.7796336993958102,0,0.3466
Japan,Desktop,Bachelor,Silver,True,False,True,55,21.5,4.1,5,3,5.0,2913.92,0,7.977254532706363,1.7963629745483078,0,0.3466
Spain,Desktop,Master,Silver,True,False,False,18,16.6,2.6,3,1,6.9,2780.07,0,7.930231386223791,1.5102107064924273,2,0.251
USA,Tablet,High School,Gold,True,False,False,18,3.6,4.4,4,1,25.3,1371.36,1,7.223558227150573,1.844934404062263,1,0.3006
UK,Desktop,Bachelor,Silver,True,True,False,59,14.6,4.5,2,6,18.4,413.57,0,6.0248267867143825,1.860614396637471,0,0.3466
UK,Mobile,High School,Silver,True,True,False,22,7.5,4.1,8,3,5.5,708.43,1,6.563051253967379,1.7963629745483078,1,0.3006
Germany,Desktop,High School,Gold,True,False,False,25,5.6,4.5,2,3,7.7,215.94,0,5.375000591318995,1.860614396637471,1,0.3006
Germany,Tablet,PhD,Silver,True,True,False,35,18.2,3.8,9,2,13.6,3306.29,0,8.103581993832103,1.74531138386547,3,0.1018
Australia,Desktop,Bachelor,Bronze,True,True,True,18,45.9,4.3,6,2,2.5,1682.62,0,7.428107381412409,1.829004627509825,0,0.3466
Japan,Mobile,PhD,Bronze,True,False,False,33,40.2,2.9,9,1,12.4,1486.85,1,7.304415067128563,1.574366995878342,3,0.1018
France,Mobile,High School,Silver,True,True,True,27,20.0,3.8,4,1,23.8,499.78,0,6.214168001593787,1.74531138386547,1,0.3006
UK,Mobile,Bachelor,Bronze,True,False,False,35,11.9,4.2,6,3,11.9,607.95,0,6.410092641742427,1.8128169798052736,0,0.3466
India,Desktop,High School,Silver,True,True,False,41,10.3,3.4,7,2,23.6,1686.7,1,7.430529236263969,1.672916754755899,1,0.3006
Canada,Desktop,Master,Gold,True,False,True,34,5.9,4.9,5,2,18.7,691.0,0,6.53813982376767,1.920985627295474,2,0.251
India,Desktop,Master,Silver,True,True,True,33,9.8,4.3,3,2,12.1,4752.46,0,8.466417657704334,1.829004627509825,2,0.251
USA,Mobile,High School,Bronze,True,True,False,41,25.2,3.5,8,3,26.8,425.5,1,6.053264948013429,1.691512653766797,1,0.3006
Japan,Desktop,PhD,Gold,True,False,True,51,52.4,4.3,7,4,13.2,1307.89,1,7.176170430621394,1.829004627509825,3,0.1018
USA,Mobile,High School,Bronze,True,True,False,57,6.3,3.9,3,2,22.0,1299.53,1,7.169757939617304,1.7626197870713454,1,0.3006
UK,Desktop,Bachelor,Gold,True,False,True,35,2.5,4.1,3,2,24.0,551.41,0,6.312478634079945,1.7963629745483078,0,0.3466
USA,Tablet,PhD,Silver,True,True,True,60,8.0,2.8,5,2,27.5,3334.77,1,8.112158990454253,1.5534355914115192,3,0.1018
France,Tablet,Master,Bronze,True,True,False,49,25.1,3.8,5,3,8.3,827.75,0,6.718711176427355,1.74531138386547,2,0.251
Japan,Mobile,PhD,Platinum,True,True,True,23,63.9,4.7,11,2,6.0,2624.61,1,7.872687592559325,1.891255528483568,3,0.1018
USA,Desktop,Bachelor,Bronze,True,False,True,23,34.7,4.1,5,1,13.4,1729.39,1,7.455524024157351,1.7963629745483078,0,0.3466
UK,Desktop,High School,Platinum,True,False,True,31,34.1,4.6,11,1,26.3,245.67,0,5.503989171950207,1.876052317839795,1,0.3006
Germany,Desktop,High School,Bronze,True,True,True,55,6.2,3.9,1,4,9.9,1325.58,1,7.189605378490992,1.7626197870713454,1,0.3006
UK,Desktop,Bachelor,Bronze,True,False,True,32,6.3,3.9,5,2,8.2,231.37,0,5.444018160719591,1.7626197870713454,0,0.3466
USA,Mobile,Master,Bronze,True,True,False,18,4.2,3.9,8,4,1.1,1446.93,0,7.277199349511088,1.7626197870713454,2,0.251
Germany,Mobile,High School,Bronze,True,True,False,35,7.2,3.0,7,1,21.0,982.37,1,6.889968019467317,1.5948692441471295,1,0.3006
Brazil,Tablet,Master,Gold,True,True,True,18,25.3,4.6,8,3,21.0,360.56,0,5.887658378382393,1.876052317839795,2,0.251
USA,Desktop,Bachelor,Silver,True,False,True,25,44.7,3.9,6,2,25.0,496.34,1,6.207261175759138,1.7626197870713454,0,0.3466
USA,Mobile,Bachelor,Gold,True,True,False,31,16.1,4.4,9,2,14.9,7934.05,1,8.978918903045848,1.844934404062263,0,0.3466
UK,Mobile,Master,Bronze,True,True,False,40,9.9,3.9,7,2,26.7,1451.92,0,7.280642097448145,1.7626197870713454,2,0.251
Canada,Mobile,Bachelor,Silver,True,True,True,50,5.2,3.9,3,3,2.6,3361.87,1,8.12025264576111,1.7626197870713454,0,0.3466
Japan,Desktop,Master,Silver,True,True,False,46,592.2703653146499,4.1,7,1,16.9,111662.26762934872,1,11.623234126999074,1.7963629745483078,2,0.251
Japan,Mobile,High School,Silver,True,False,False,24,14.3,4.2,2,2,14.3,845.44,0,6.739857201893906,1.8128169798052736,1,0.3006
UK,Mobile,Master,Silver,True,False,False,34,3.8,3.7,5,3,26.9,606.21,1,6.407226460693515,1.727698115361634,2,0.251
France,Mobile,High School,Silver,True,False,True,39,25.5,3.9,7,2,27.2,1035.07,1,6.942224336262713,1.7626197870713454,1,0.3006
USA,Tablet,High School,Bronze,True,True,False,35,8.7,3.1,7,5,29.3,310.86,1,5.739342650054752,1.6149595811994066,1,0.3006
Japan,Desktop,Master,Gold,True,False,False,35,24.3,4.3,4,5,10.6,2399.94,0,7.783199016023532,1.829004627509825,2,0.251
Australia,Desktop,Master,Gold,True,True,True,18,12.1,2.9,5,1,11.4,1999.68,1,7.600742446740717,1.574366995878342,2,0.251
France,Mobile,High School,Silver,True,True,True,24,15.5,3.2,7,5,5.8,886.33,0,6.787089341755503,1.6346542330120937,1,0.3006
India,Mobile,Bachelor,Bronze,True,True,False,33,6.9,4.4,8,5,22.3,773.98,0,6.651546033462592,1.844934404062263,0,0.3466
Brazil,Desktop,Bachelor,Bronze,True,False,False,18,9.2,3.9,6,4,25.0,847.91,0,6.7427744980840245,1.7626197870713454,0,0.3466
USA,Mobile,High School,Bronze,True,True,False,46,20.4,4.3,3,0,25.6,851.19,1,6.74663537039807,1.829004627509825,1,0.3006
Australia,Tablet,Master,Bronze,True,True,True,22,11.0,3.2,1,2,29.7,2362.39,0,7.767429097437347,1.6346542330120937,2,0.251
USA,Tablet,Master,Bronze,True,False,False,46,5.0,4.4,4,2,16.9,5090.24,0,8.535080259709996,1.844934404062263,2,0.251
France,Desktop,High School,Gold,True,False,False,45,13.3,4.5,8,2,6.4,627.57,1,6.441855218569139,1.860614396637471,1,0.3006
USA,Tablet,Bachelor,Silver,True,True,True,31,16.6,3.4,7,0,18.0,4180.46,0,8.338176567310871,1.672916754755899,0,0.3466
USA,Mobile,Master,Silver,True,True,True,50,36.5,3.3,4,0,10.9,1019.61,1,6.927175480221616,1.6539684852930463,2,0.251
Germany,Mobile,Bachelor,Bronze,True,False,False,47,30.6,4.3,5,3,10.0,184.97,0,5.220193649766458,1.829004627509825,0,0.3466
UK,Mobile,Bachelor,Platinum,True,False,False,34,11.6,4.3,6,3,21.0,2188.66,1,7.691044763394272,1.829004627509825,0,0.3466
Germany,Mobile,High School,Bronze,True,False,False,33,7.9,3.8,6,1,6.1,484.24,1,6.182580651583431,1.74531138386547,1,0.3006
France,Mobile,Bachelor,Gold,True,True,False,51,10.1,3.0,5,2,16.3,1416.17,0,7.255711323544635,1.5948692441471295,0,0.3466
USA,Desktop,High School,Platinum,True,True,False,41,8.0,2.8,2,1,4.2,179.93,1,5.192567886364428,1.5534355914115192,1,0.3006
USA,Mobile,Master,Gold,True,True,False,51,18.3,2.7,2,2,26.7,1135.4,0,7.034740290736626,1.5320566796070851,2,0.251
France,Mobile,Bachelor,Platinum,True,True,False,18,28.0,4.2,3,1,2.7,5695.68,0,8.647463271738388,1.8128169798052736,0,0.3466
UK,Desktop,High School,Silver,True,True,False,39,32.8,3.8,5,2,28.0,471.55,1,6.156025140989894,1.74531138386547,1,0.3006
Brazil,Tablet,Master,Bronze,True,True,True,19,8.8,3.6,5,1,30.0,1290.69,0,7.162932238077341,1.7097690490891824,2,0.251
Japan,Mobile,High School,Bronze,True,False,True,38,8.1,3.3,4,2,7.1,1379.86,0,7.229737323729562,1.6539684852930463,1,0.3006
India,Mobile,Bachelor,Bronze,True,True,False,47,8.7,3.8,6,2,2.8,705.85,1,6.559402750330209,1.74531138386547,0,0.3466
Japan,Desktop,Bachelor,Bronze,True,False,True,59,2.6,3.5,8,3,0.9,1767.28,0,7.477196920433929,1.691512653766797,0,0.3466
Germany,Mobile,High School,Silver,True,True,True,27,4.7,4.0,4,1,4.4,1575.32,0,7.362213705225743,1.7796336993958102,1,0.3006
Japan,Desktop,PhD,Bronze,True,False,True,32,11.9,3.8,11,4,27.5,504.22,0,6.2230126807660024,1.74531138386547,3,0.1018
UK,Desktop,Master,Gold,True,False,False,37,16.5,3.8,3,2,21.9,367.8,1,5.907539312170221,1.74531138386547,2,0.251
UK,Mobile,High School,Bronze,True,False,False,26,18.0,4.1,6,1,2.8,432.3,0,6.069119791673586,1.7963629745483078,1,0.3006
Brazil,Desktop,Master,Silver,True,True,False,50,6.5,3.2,7,1,28.8,431.41,0,6.067058914029465,1.6346542330120937,2,0.251
Germany,Mobile,Bachelor,Platinum,True,True,False,37,8.2,4.2,9,1,19.6,1581.88,1,7.366369292100399,1.8128169798052736,0,0.3466
Brazil,Desktop,PhD,Bronze,True,True,False,39,9.8,4.2,8,1,27.9,2682.57,1,7.894530569224961,1.8128169798052736,3,0.1018
India,Desktop,Bachelor,Gold,True,True,True,45,9.0,3.6,2,2,21.4,1424.97,1,7.2619060398495625,1.7097690490891824,0,0.3466
India,Desktop,Bachelor,Gold,True,True,False,37,21.1,3.7,5,2,11.3,1281.4,0,7.1557085092049215,1.727698115361634,0,0.3466
Australia,Tablet,Bachelor,Bronze,True,True,True,28,4.3,4.7,6,5,2.0,5617.99,1,8.633729227669726,1.891255528483568,0,0.3466
Germany,Mobile,Bachelor,Silver,True,False,False,37,4.9,3.1,7,5,0.5,164.46,1,5.1026673795427495,1.6149595811994066,0,0.3466
UK,Mobile,Bachelor,Bronze,True,True,True,28,9.6,4.6,4,2,18.3,842.26,0,6.736088755175515,1.876052317839795,0,0.3466
France,Desktop,High School,Gold,True,False,False,39,4.1,4.8,8,2,15.1,2735.33,0,7.914007365712758,1.9062310586677143,1,0.3006
UK,Desktop,Master,Silver,True,True,True,50,2.7,3.5,7,3,17.4,1062.54,1,6.968417547148762,1.691512653766797,2,0.251
France,Tablet,Bachelor,Silver,True,True,False,24,3.7,4.0,5,3,28.9,1090.5,1,6.994391585641684,1.7796336993958102,0,0.3466
Japan,Desktop,PhD,Gold,True,True,True,20,10.0,3.0,8,3,27.1,711.11,0,6.566827129510323,1.5948692441471295,3,0.1018
Japan,Desktop,High School,Bronze,True,False,False,39,20.2,2.4,6,2,10.7,2159.32,0,7.677548636298809,1.4650326891622956,1,0.3006
UK,Mobile,Master,Gold,True,True,True,29,20.5,3.1,4,4,9.6,826.82,0,6.71758701716188,1.6149595811994066,2,0.251
USA,Desktop,PhD,Gold,True,True,False,38,43.4,4.0,5,1,8.5,3288.35,0,8.098141198199482,1.7796336993958102,3,0.1018
Germany,Mobile,Master,Gold,True,True,True,42,13.2,3.8,9,1,28.2,4893.62,1,8.495687594890741,1.74531138386547,2,0.251
USA,Mobile,Master,Gold,True,True,True,18,14.7,2.8,8,2,27.2,882.65,1,6.782928746035292,1.5534355914115192,2,0.251
Australia,Desktop,Master,Silver,True,False,True,46,10.0,3.9,3,2,28.1,617.47,1,6.425630484325989,1.7626197870713454,2,0.251
UK,Desktop,Bachelor,Platinum,True,True,False,24,10.4,4.5,9,3,7.0,568.93,0,6.343757403711299,1.860614396637471,0,0.3466
USA,Desktop,Bachelor,Bronze,True,False,True,38,64.4,3.4,7,1,14.1,1824.7,0,7.50917086894249,1.672916754755899,0,0.3466
USA,Tablet,High School,Silver,True,True,False,30,15.0,4.2,6,3,10.7,1816.41,0,7.504617304603929,1.8128169798052736,1,0.3006
Japan,Mobile,Bachelor,Bronze,True,False,False,31,16.1,4.0,5,1,9.7,1213.45,0,7.1012228211863455,1.7796336993958102,0,0.3466
Japan,Desktop,High School,Platinum,True,True,False,58,4.9,4.3,5,2,2.9,884.58,1,6.785112956089783,1.829004627509825,1,0.3006
UK,Desktop,Master,Gold,True,True,False,42,16.9,3.4,4,5,25.2,2253.91,1,7.720421764787453,1.672916754755899,2,0.251
USA,Mobile,Bachelor,Gold,True,True,True,49,20.6,4.8,4,6,8.9,3390.63,0,8.128771023816215,1.9062310586677143,0,0.3466
Germany,Mobile,Bachelor,Bronze,True,True,False,40,29.6,4.2,6,2,10.5,103.36,0,4.638218040034292,1.8128169798052736,0,0.3466
UK,Desktop,High School,Gold,True,False,False,45,20.2,3.9,6,1,18.2,5485.33,0,8.60983253498341,1.7626197870713454,1,0.3006
Japan,Desktop,PhD,Gold,True,True,True,43,11.0,4.6,6,0,27.8,423.98,1,6.049686284308106,1.876052317839795,3,0.1018
France,Desktop,High School,Silver,True,True,True,41,10.6,4.3,9,4,21.7,1666.49,1,7.41847489712973,1.829004627509825,1,0.3006
UK,Mobile,High School,Bronze,True,True,True,51,11.5,3.6,7,4,19.3,2112.19,1,7.655480602901015,1.7097690490891824,1,0.3006
USA,Tablet,High School,Silver,True,False,True,40,13.3,2.8,6,2,2.9,1205.48,1,7.094633106857303,1.5534355914115192,1,0.3006
Spain,Desktop,PhD,Bronze,True,False,False,65,33.6,4.5,3,2,18.7,983.76,1,6.891381964864192,1.860614396637471,3,0.1018
Germany,Mobile,PhD,Silver,True,False,True,50,28.7,3.6,6,3,8.0,586.22,0,6.373695145743232,1.7097690490891824,3,0.1018
Japan,Desktop,Master,Bronze,True,True,True,24,22.2,3.1,6,2,19.2,1561.04,0,7.353107544786743,1.6149595811994066,2,0.251
USA,Desktop,Master,Bronze,True,False,False,36,61.8,4.2,5,0,9.8,2012.88,1,7.607321811344266,1.8128169798052736,2,0.251
Germany,Desktop,High School,Bronze,True,True,False,43,1.5,3.7,8,1,2.3,1131.65,0,7.031432023675735,1.727698115361634,1,0.3006
USA,Mobile,PhD,Bronze,True,True,True,39,8.4,4.0,3,0,25.3,226.63,1,5.423318731710839,1.7796336993958102,3,0.1018
Germany,Mobile,High School,Bronze,True,True,True,46,12.1,3.9,2,3,16.6,1781.22,0,7.485053801769868,1.7626197870713454,1,0.3006
Canada,Mobile,High School,Platinum,True,False,False,48,7.1,3.2,6,1,8.4,1039.56,1,6.946552825690049,1.6346542330120937,1,0.3006
UK,Desktop,High School,Silver,True,True,False,22,5.8,4.0,6,4,10.7,968.94,0,6.8762026904690305,1.7796336993958102,1,0.3006
USA,Desktop,Bachelor,Bronze,True,True,True,53,3.1,3.8,5,4,18.5,1080.33,0,6.985021829001229,1.74531138386547,0,0.3466
USA,Desktop,Master,Silver,True,True,False,32,9.5,4.8,11,2,20.4,1058.13,0,6.96425847821587,1.9062310586677143,2,0.251
UK,Mobile,Bachelor,Silver,True,True,False,31,24.9,3.2,2,3,14.6,285.59,0,5.654557215846823,1.6346542330120937,0,0.3466
USA,Desktop,PhD,Platinum,True,False,True,31,22.6,4.2,8,0,15.8,904.98,1,6.807912844008216,1.8128169798052736,3,0.1018
USA,Mobile,Bachelor,Bronze,True,True,False,48,582.5198464445209,4.4,3,0,3.2,1128.14,0,7.0283255378317415,1.844934404062263,0,0.3466
Brazil,Desktop,High School,Bronze,True,False,False,35,14.5,4.1,7,6,4.4,469.73,1,6.152158061548986,1.7963629745483078,1,0.3006
Germany,Desktop,Bachelor,Platinum,True,True,True,30,36.1,4.0,7,1,6.3,3184.29,0,8.065984623218716,1.7796336993958102,0,0.3466
UK,Mobile,Master,Bronze,True,True,True,33,3.6,3.2,7,2,15.9,3544.09,0,8.173036706436383,1.6346542330120937,2,0.251
Australia,Desktop,Master,Bronze,True,False,True,18,10.7,4.2,4,3,12.6,4301.89,1,8.366809739998214,1.8128169798052736,2,0.251
USA,Desktop,Bachelor,Bronze,True,True,True,28,15.3,2.9,4,1,17.1,3421.29,0,8.137772951919716,1.574366995878342,0,0.3466
Canada,Desktop,Bachelor,Bronze,True,True,True,23,12.3,4.3,3,6,5.2,252.54,1,5.531569652010535,1.829004627509825,0,0.3466
UK,Mobile,High School,Platinum,True,True,True,35,24.1,4.1,3,3,29.0,1337.51,0,7.198564955377726,1.7963629745483078,1,0.3006
Australia,Mobile,Bachelor,Bronze,True,False,False,46,3.7,3.2,9,5,18.5,2043.17,1,7.62225780232005,1.6346542330120937,0,0.3466
France,Desktop,PhD,Platinum,True,False,True,45,5.4,4.7,8,3,3.8,1640.65,1,7.402847783759128,1.891255528483568,3,0.1018
India,Mobile,High School,Platinum,True,True,False,53,21.0,2.7,6,3,11.1,5543.84,1,8.62044268042442,1.5320566796070851,1,0.3006
Spain,Desktop,Master,Silver,True,False,True,50,3.1,3.4,8,0,29.4,191.84,1,5.256661691279204,1.672916754755899,2,0.251
UK,Desktop,Bachelor,Bronze,True,True,False,32,23.3,4.8,6,1,29.0,1825.78,0,7.509762571968673,1.9062310586677143,0,0.3466
Canada,Desktop,High School,Bronze,True,False,False,38,17.5,4.3,7,5,2.1,326.21,0,5.787541345756266,1.829004627509825,1,0.3006
UK,Tablet,PhD,Silver,True,False,False,38,22.1,4.3,9,1,24.9,1553.54,0,7.348291476811887,1.829004627509825,3,0.1018
UK,Desktop,Bachelor,Silver,True,True,True,18,8.4,4.6,3,1,19.3,97.44,0,4.579236803961587,1.876052317839795,0,0.3466
UK,Desktop,Bachelor,Silver,True,True,True,23,18.3,4.0,5,2,5.6,1815.44,0,7.504083141561367,1.7796336993958102,0,0.3466
France,Desktop,High School,Silver,True,True,True,36,4.8,3.7,7,4,25.0,6811.52,1,8.826370575412625,1.727698115361634,1,0.3006
USA,Desktop,High School,Platinum,True,True,False,36,8.7,4.4,10,2,19.2,1875.95,0,7.536870476758962,1.844934404062263,1,0.3006
France,Mobile,Master,Silver,True,True,False,44,12.5,3.8,4,2,3.4,1865.81,0,7.531450554143755,1.74531138386547,2,0.251
France,Desktop,Bachelor,Silver,True,True,False,44,5.9,4.7,7,3,25.4,736.63,1,6.602085730849279,1.891255528483568,0,0.3466
Brazil,Desktop,PhD,Gold,True,True,False,18,14.5,4.1,4,2,22.8,3124.01,1,8.04687271197878,1.7963629745483078,3,0.1018
India,Mobile,High School,Bronze,True,True,True,44,4.9,4.4,4,2,0.2,1650.2,1,7.408651771670243,1.844934404062263,1,0.3006
Germany,Desktop,High School,Bronze,True,True,True,40,15.1,4.5,3,2,7.6,866.71,0,6.764704434091505,1.860614396637471,1,0.3006
UK,Mobile,High School,Bronze,True,True,False,45,49.1,4.7,6,6,8.1,837.24,1,6.730110767739146,1.891255528483568,1,0.3006
UK,Mobile,Bachelor,Bronze,True,True,False,51,4.5,2.7,7,7,13.8,2047.36,1,7.624306437321098,1.5320566796070851,0,0.3466
USA,Desktop,PhD,Silver,True,False,False,36,12.0,3.5,5,1,6.9,942.26,1,6.848281244985595,1.691512653766797,3,0.1018
USA,Mobile,Master,Bronze,True,False,False,53,3.3,3.1,4,3,24.8,3519.37,1,8.166037275301072,1.6149595811994066,2,0.251
UK,Desktop,Bachelor,Silver,True,False,True,27,6.3,4.2,5,2,21.1,739.72,0,6.606271736216676,1.8128169798052736,0,0.3466
UK,Mobile,Master,Platinum,True,False,True,27,21.4,2.6,6,1,0.9,1242.45,0,7.124840515712383,1.5102107064924273,2,0.251
Canada,Desktop,Master,Bronze,True,False,True,43,8.6,4.2,5,3,21.2,1698.67,0,7.437600870905356,1.8128169798052736,2,0.251
France,Desktop,High School,Silver,True,True,False,34,22.1,4.2,8,5,28.5,1772.39,1,7.480084197242165,1.8128169798052736,1,0.3006
UK,Mobile,Master,Bronze,True,True,False,41,16.2,3.2,7,3,14.8,1120.14,0,7.021208956477292,1.6346542330120937,2,0.251
France,Tablet,Bachelor,Bronze,True,False,False,62,11.6,4.0,7,5,5.5,866.31,0,6.764242812174732,1.7796336993958102,0,0.3466
USA,Tablet,High School,Silver,True,True,False,43,5.3,4.6,7,2,26.4,3652.93,0,8.203284864279354,1.876052317839795,1,0.3006
Germany,Mobile,High School,Platinum,True,True,True,41,21.1,4.2,5,2,19.8,329.47,1,5.797485302756558,1.8128169798052736,1,0.3006
Japan,Desktop,Bachelor,Bronze,True,True,True,28,15.5,4.4,3,0,12.8,3151.85,0,8.055744861012897,1.844934404062263,0,0.3466
Germany,Desktop,Bachelor,Bronze,True,True,True,18,3.6,4.1,9,2,12.4,166.91,0,5.117454744990326,1.7963629745483078,0,0.3466
Germany,Desktop,High School,Bronze,True,True,False,37,5.6,4.1,10,2,8.5,1539.94,1,7.339498733609713,1.7963629745483078,1,0.3006
Spain,Mobile,High School,Bronze,True,False,True,51,1.3,4.4,4,3,3.2,691.79,1,6.539282441353783,1.844934404062263,1,0.3006
Australia,Desktop,Master,Bronze,True,False,False,34,4.1,2.8,4,2,26.2,548.53,0,6.307241972841284,1.5534355914115192,2,0.251
Japan,Tablet,PhD,Silver,True,False,False,43,9.5,2.7,12,5,29.5,8812.96,0,9.083978644339785,1.5320566796070851,3,0.1018
France,Desktop,Master,Bronze,True,True,False,55,5.2,3.3,5,3,28.4,441.05,1,6.089158247704776,1.6539684852930463,2,0.251
Japan,Desktop,High School,Silver,True,True,False,55,6.3,4.8,3,3,5.1,406.78,1,6.008272498757349,1.9062310586677143,1,0.3006
USA,Desktop,High School,Silver,True,False,True,43,37.1,3.9,7,5,12.6,530.82,0,6.27442298072335,1.7626197870713454,1,0.3006
UK,Mobile,High School,Silver,True,False,True,40,27.7,2.6,8,1,8.8,4661.44,1,8.447079692260584,1.5102107064924273,1,0.3006
USA,Mobile,High School,Bronze,True,True,False,20,7.0,3.8,12,0,10.3,1206.09,0,7.095139001368357,1.74531138386547,1,0.3006
Germany,Mobile,Bachelor,Platinum,True,True,False,30,427.45747831406067,4.5,7,5,9.7,1295.72,1,7.166821804187474,1.860614396637471,0,0.3466
France,Desktop,Bachelor,Bronze,True,True,False,35,32.2,4.0,2,3,27.9,473.85,0,6.160890815916204,1.7796336993958102,0,0.3466
USA,Mobile,Master,Gold,True,True,False,28,20.0,3.3,4,4,28.4,272.28,1,5.60683094857975,1.6539684852930463,2,0.251
Canada,Desktop,Master,Bronze,True,True,False,41,15.5,2.5,5,2,1.2,612.73,1,6.417924382136652,1.487876807789161,2,0.251
Australia,Tablet,High School,Silver,True,False,True,61,29.3,4.4,9,1,16.1,820.69,1,6.710145449841071,1.844934404062263,1,0.3006
Brazil,Mobile,Bachelor,Bronze,True,True,False,56,22.5,4.6,6,2,19.9,762.39,0,6.636458235779679,1.876052317839795,0,0.3466
France,Desktop,Master,Bronze,True,False,True,41,4.6,4.6,4,2,7.4,1061.48,0,6.9674194397034475,1.876052317839795,2,0.251
India,Mobile,Bachelor,Bronze,True,True,False,47,10.5,4.1,3,0,1.8,1358.34,1,7.2140186449702695,1.7963629745483078,0,0.3466
USA,Mobile,High School,Bronze,True,True,False,29,7.8,4.7,7,3,2.3,397.43,0,5.985018817957919,1.891255528483568,1,0.3006
Brazil,Desktop,Bachelor,Gold,True,False,False,56,30.6,4.5,4,2,22.1,1383.09,1,7.232075405469321,1.860614396637471,0,0.3466
USA,Tablet,High School,Silver,True,True,True,19,7.7,4.6,6,7,11.0,568.35,1,6.34273742613272,1.876052317839795,1,0.3006
Brazil,Desktop,High School,Bronze,True,True,False,49,6.7,3.5,4,4,16.9,779.85,0,6.659101593497835,1.691512653766797,1,0.3006
UK,Desktop,Master,Silver,True,False,False,44,27.7,4.9,7,5,9.5,4386.46,1,8.386277802639366,1.920985627295474,2,0.251
India,Desktop,Master,Gold,True,False,True,29,15.0,4.7,7,1,24.4,344.25,1,5.8413681376087645,1.891255528483568,2,0.251
Canada,Desktop,High School,Gold,True,False,False,35,66.0,3.7,3,1,2.8,3904.54,1,8.269895257639831,1.727698115361634,1,0.3006
USA,Mobile,High School,Bronze,True,True,True,24,6.1,3.0,9,2,0.5,2573.43,1,7.852994918412013,1.5948692441471295,1,0.3006
Germany,Desktop,Master,Gold,True,True,False,25,8.0,3.0,8,6,13.2,289.09,1,5.666738058316819,1.5948692441471295,2,0.251
Spain,Mobile,High School,Bronze,True,True,True,19,29.9,4.4,7,2,12.1,499.08,1,6.212766403542821,1.844934404062263,1,0.3006
Germany,Desktop,Bachelor,Silver,True,True,False,47,4.4,3.4,6,3,0.5,664.38,1,6.498854274938072,1.672916754755899,0,0.3466
India,Tablet,High School,Silver,True,True,False,52,35.0,4.1,9,3,24.9,381.22,0,5.943376636300927,1.7963629745483078,1,0.3006
France,Mobile,High School,Gold,True,True,False,18,4.6,4.5,2,4,16.1,1618.25,0,7.389100597425619,1.860614396637471,1,0.3006
UK,Mobile,Master,Platinum,True,True,False,60,19.8,3.2,2,2,25.2,749.46,1,6.619352947205873,1.6346542330120937,2,0.251
UK,Desktop,Master,Platinum,True,True,True,38,2.8,3.4,4,1,13.7,255.82,1,5.544474072171247,1.672916754755899,2,0.251
USA,Desktop,High School,Bronze,True,True,True,41,12.6,4.5,9,4,18.6,871.55,0,6.770273235660874,1.860614396637471,1,0.3006
Brazil,Desktop,Bachelor,Platinum,True,False,False,20,4.1,3.5,6,4,0.8,935.56,1,6.841145280482693,1.691512653766797,0,0.3466
UK,Mobile,High School,Bronze,True,False,False,54,56.9,4.9,7,3,23.5,715.94,1,6.573596364566642,1.920985627295474,1,0.3006
Germany,Tablet,High School,Bronze,True,False,False,40,5.2,3.1,7,1,1.9,244.12,1,5.497659907676295,1.6149595811994066,1,0.3006
Germany,Desktop,PhD,Silver,True,True,True,52,6.3,4.3,7,7,8.2,1992.57,0,7.597180541791305,1.829004627509825,3,0.1018
France,Desktop,Master,Silver,True,True,False,53,18.7,2.2,7,3,14.1,538.87,1,6.289474354434598,1.4177166459929065,2,0.251
India,Tablet,Bachelor,Silver,True,False,False,54,7.5,3.6,6,0,7.6,1050.72,1,6.957230922442663,1.7097690490891824,0,0.3466
Spain,Desktop,Master,Silver,True,True,True,30,21.3,3.3,7,1,1.8,2822.2,1,7.94527200162366,1.6539684852930463,2,0.251
Germany,Mobile,Master,Platinum,True,True,False,36,6.9,3.1,6,5,21.1,803.04,0,6.688404525906623,1.6149595811994066,2,0.251
India,Mobile,Master,Bronze,True,True,False,31,6.5,3.7,8,3,11.8,4219.15,0,8.347388964941015,1.727698115361634,2,0.251
Brazil,Mobile,High School,Bronze,True,False,False,49,11.9,4.0,9,2,22.2,407.77,0,6.010703289961011,1.7796336993958102,1,0.3006
France,Desktop,High School,Platinum,True,True,True,42,4.6,3.0,5,2,7.2,9858.38,1,9.196077133895084,1.5948692441471295,1,0.3006
Canada,Desktop,Master,Bronze,True,False,False,51,16.7,4.0,6,2,14.2,495.43,1,6.205426072347306,1.7796336993958102,2,0.251
USA,Mobile,Bachelor,Silver,True,False,True,51,24.6,3.6,5,2,10.6,690.19,1,6.5369669220049005,1.7097690490891824,0,0.3466
USA,Tablet,PhD,Silver,True,True,False,18,19.0,2.7,3,3,13.1,2180.6,0,7.687355347272281,1.5320566796070851,3,0.1018
India,Desktop,Master,Silver,True,True,False,54,20.4,4.4,5,0,29.2,839.81,1,6.733175675776245,1.844934404062263,2,0.251
Germany,Desktop,PhD,Silver,True,False,True,49,2.6,3.5,5,3,12.0,1942.88,0,7.571926687305509,1.691512653766797,3,0.1018
India,Mobile,High School,Bronze,True,True,False,34,8.4,3.1,5,5,15.4,721.36,1,6.581138319191651,1.6149595811994066,1,0.3006
Australia,Tablet,Master,Gold,True,True,False,42,10.2,2.8,4,1,28.8,1422.65,1,7.260276608595878,1.5534355914115192,2,0.251
USA,Mobile,Bachelor,Bronze,True,True,False,37,39.0,3.8,5,2,1.5,886.69,1,6.787495428550854,1.74531138386547,0,0.3466
Australia,Tablet,PhD,Silver,True,True,False,45,7.7,3.0,7,4,9.6,2607.12,0,7.866001442793605,1.5948692441471295,3,0.1018
Germany,Desktop,High School,Bronze,True,False,True,34,1.9,4.4,6,5,6.1,283.56,1,5.647423740986817,1.844934404062263,1,0.3006
Germany,Desktop,Bachelor,Silver,True,True,False,44,5.5,3.0,9,4,13.6,858.83,0,6.755570997858404,1.5948692441471295,0,0.3466
Japan,Mobile,Master,Silver,True,False,True,39,7.2,3.3,5,1,3.6,1228.93,1,7.113899151068422,1.6539684852930463,2,0.251
Australia,Mobile,Bachelor,Platinum,True,True,True,33,2.2,3.7,10,4,13.8,2677.45,0,7.8926201280112185,1.727698115361634,0,0.3466
USA,Desktop,Bachelor,Gold,True,False,True,40,26.4,3.0,2,2,8.7,309.97,1,5.736475518602719,1.5948692441471295,0,0.3466
Germany,Desktop,PhD,Silver,True,True,True,70,3.5,4.1,3,2,29.0,2682.39,1,7.894463467140298,1.7963629745483078,3,0.1018
Japan,Mobile,Bachelor,Platinum,True,False,True,30,17.4,3.6,4,4,4.8,1488.37,1,7.305436840397258,1.7097690490891824,0,0.3466
Brazil,Desktop,Bachelor,Silver,True,True,False,35,5.1,2.3,8,0,13.9,372.52,1,5.920290727653457,1.4416544924686217,0,0.3466
Japan,Desktop,High School,Silver,True,True,False,30,40.7,3.7,6,1,20.6,1865.39,0,7.531225425497865,1.727698115361634,1,0.3006
USA,Mobile,Master,Silver,True,True,False,31,9.8,3.1,3,4,18.1,742.4,0,6.609888181471991,1.6149595811994066,2,0.251
UK,Mobile,Bachelor,Silver,True,False,True,48,8.3,2.4,8,5,9.9,6740.24,1,8.815850811580997,1.4650326891622956,0,0.3466
UK,Mobile,Bachelor,Gold,True,True,True,47,18.6,4.6,7,2,8.0,975.64,1,6.883093665911275,1.876052317839795,0,0.3466
India,Desktop,High School,Bronze,True,False,False,38,5.4,4.1,5,1,12.3,3097.1,1,8.038221468764151,1.7963629745483078,1,0.3006
UK,Mobile,Bachelor,Silver,True,True,True,50,19.3,4.0,2,2,2.1,4380.89,0,8.385007179075942,1.7796336993958102,0,0.3466
USA,Mobile,High School,Gold,True,True,False,48,8.3,4.1,1,3,10.2,573.24,0,6.351304477189871,1.7963629745483078,1,0.3006
Canada,Mobile,High School,Platinum,True,True,False,36,7.6,3.9,3,5,17.9,1623.77,0,7.392505885076005,1.7626197870713454,1,0.3006
USA,Mobile,Bachelor,Gold,True,True,False,20,11.4,4.5,3,1,29.7,6339.35,0,8.754531518516057,1.860614396637471,0,0.3466
Spain,Desktop,High School,Silver,True,False,False,48,5.1,4.3,4,2,19.0,5636.4,1,8.63700084282095,1.829004627509825,1,0.3006
Japan,Desktop,High School,Silver,True,False,True,40,10.5,4.5,8,2,28.4,517.35,0,6.24871962805096,1.860614396637471,1,0.3006
India,Desktop,Master,Bronze,True,True,False,38,16.0,3.7,5,3,0.2,3062.97,1,8.027140312465516,1.727698115361634,2,0.251
UK,Desktop,High School,Silver,True,True,False,32,1.9,3.7,6,1,23.2,1251.25,0,7.13189833062943,1.727698115361634,1,0.3006
USA,Mobile,Bachelor,Platinum,True,True,True,47,29.2,4.4,7,3,13.9,575.0,0,6.354370040797351,1.844934404062263,0,0.3466
Brazil,Mobile,High School,Platinum,True,True,True,42,23.4,3.8,5,2,18.5,571.01,1,6.347406722637508,1.74531138386547,1,0.3006
India,Mobile,Bachelor,Gold,True,False,False,35,2.8,3.9,4,1,10.7,2848.93,0,7.95469876417149,1.7626197870713454,0,0.3466
Brazil,Mobile,Master,Bronze,True,True,False,23,2.4,3.7,3,5,8.8,3568.47,0,8.17989221148213,1.727698115361634,2,0.251
USA,Desktop,Master,Gold,True,True,False,51,23.9,4.1,5,2,10.5,4872.5,1,8.491362431381717,1.7963629745483078,2,0.251
Brazil,Desktop,High School,Platinum,True,True,True,45,22.5,3.4,5,5,18.0,1426.61,0,7.263056279492719,1.672916754755899,1,0.3006
Brazil,Desktop,High School,Bronze,True,True,True,41,20.1,4.2,8,1,18.5,898.01,1,6.800181204097657,1.8128169798052736,1,0.3006
Japan,Desktop,High School,Silver,True,True,True,18,3.9,4.5,7,2,16.6,1484.52,1,7.30284676666274,1.860614396637471,1,0.3006
Brazil,Desktop,Bachelor,Gold,True,True,False,38,52.6,4.4,5,3,12.2,375.79,0,5.929030476726433,1.844934404062263,0,0.3466
India,Mobile,PhD,Silver,True,True,False,35,6.7,2.4,4,0,23.5,1209.32,0,7.097813497147814,1.4650326891622956,3,0.1018
France,Tablet,High School,Platinum,True,True,False,31,14.8,4.3,5,2,23.9,5319.47,0,8.579128953312733,1.829004627509825,1,0.3006
USA,Desktop,High School,Silver,True,False,False,47,14.9,4.6,14,4,21.6,1126.01,0,7.026435689654871,1.876052317839795,1,0.3006
Germany,Desktop,High School,Gold,True,False,False,47,43.6,3.9,4,3,5.2,2874.84,1,7.963752299508898,1.7626197870713454,1,0.3006
USA,Mobile,Bachelor,Gold,True,False,True,43,13.5,4.3,12,3,11.1,1869.01,1,7.533164157896038,1.829004627509825,0,0.3466
Germany,Desktop,Master,Silver,True,True,False,50,17.0,3.4,8,2,27.3,332.03,1,5.805225326279922,1.672916754755899,2,0.251
Germany,Mobile,Bachelor,Gold,True,True,False,26,11.5,4.2,7,3,14.0,2155.72,0,7.675880053465162,1.8128169798052736,0,0.3466
USA,Mobile,Master,Silver,True,True,True,33,4.7,4.1,4,5,15.7,1997.93,0,7.5998669235597225,1.7963629745483078,2,0.251
UK,Tablet,Bachelor,Silver,True,True,False,39,1.9,4.2,7,3,24.6,1336.76,1,7.198004054631232,1.8128169798052736,0,0.3466
USA,Desktop,High School,Bronze,True,False,True,31,12.5,2.4,8,5,28.2,1090.83,0,6.994694153343515,1.4650326891622956,1,0.3006
India,Mobile,High School,Bronze,True,True,False,47,3.9,3.6,4,4,28.1,1336.78,0,7.1980190160681286,1.7097690490891824,1,0.3006
Canada,Mobile,Master,Gold,True,False,False,32,16.1,4.6,3,4,7.7,632.58,0,6.449806694816913,1.876052317839795,2,0.251
USA,Mobile,Bachelor,Platinum,True,True,False,54,13.7,4.0,8,1,2.2,663.43,1,6.497423347076257,1.7796336993958102,0,0.3466
Canada,Desktop,Bachelor,Bronze,True,False,True,27,13.5,2.9,2,3,15.6,330.87,0,5.801725548986165,1.574366995878342,0,0.3466
France,Desktop,Master,Bronze,True,True,True,64,5.2,3.8,3,3,20.9,666.66,1,6.502280170823973,1.74531138386547,2,0.251
UK,Mobile,Bachelor,Bronze,True,True,False,62,27.9,4.9,6,1,23.0,509.71,1,6.233841936537489,1.920985627295474,0,0.3466
USA,Mobile,Master,Silver,True,True,False,37,17.8,4.4,9,4,20.0,612.37,0,6.417336674993787,1.844934404062263,2,0.251
Germany,Mobile,Bachelor,Platinum,True,True,True,52,4.7,3.5,4,3,2.7,1301.53,0,7.171295774495512,1.691512653766797,0,0.3466
Brazil,Mobile,Master,Silver,True,False,False,33,63.7,2.9,4,0,10.0,511.71,0,6.237758058320892,1.574366995878342,2,0.251
Japan,Mobile,High School,Silver,True,False,True,50,10.3,3.3,4,1,0.2,5311.77,1,8.577680392026105,1.6539684852930463,1,0.3006
USA,Desktop,Master,Silver,True,True,True,36,4.2,4.5,6,2,23.8,422.39,0,6.0459290578693885,1.860614396637471,2,0.251
USA,Mobile,PhD,Bronze,True,True,True,23,6.6,2.8,7,2,2.6,1079.34,0,6.98410502220265,1.5534355914115192,3,0.1018
Germany,Mobile,Bachelor,Gold,True,True,True,18,3.6,4.4,4,1,18.0,2500.01,0,7.824050010848293,1.844934404062263,0,0.3466
UK,Tablet,Master,Silver,True,False,False,35,36.1,4.7,4,2,10.3,1523.83,1,7.328982181468158,1.891255528483568,2,0.251
USA,Tablet,Master,Silver,True,True,False,41,28.9,4.5,5,2,13.8,878.35,1,6.778045147459392,1.860614396637471,2,0.251
UK,Desktop,High School,Gold,True,True,False,54,22.0,3.0,6,6,8.8,1489.46,1,7.306168917143533,1.5948692441471295,1,0.3006
India,Mobile,Bachelor,Gold,True,True,False,38,18.9,4.4,6,5,22.2,3278.64,1,8.095183981247342,1.844934404062263,0,0.3466
Australia,Desktop,High School,Gold,True,True,True,50,33.1,2.9,6,1,9.9,1259.87,1,7.138763820019483,1.574366995878342,1,0.3006
Germany,Desktop,PhD,Platinum,True,True,False,33,10.0,3.4,9,3,21.5,1426.36,0,7.262881023530939,1.672916754755899,3,0.1018
Australia,Mobile,Master,Platinum,True,False,True,34,17.1,4.4,3,3,11.5,8155.93,0,9.006500549018966,1.844934404062263,2,0.251
UK,Desktop,High School,Silver,True,False,True,51,6.4,3.8,2,4,12.3,8359.42,1,9.031144325681552,1.74531138386547,1,0.3006
Germany,Mobile,High School,Bronze,True,True,False,18,10.8,3.9,3,1,16.4,1053.86,1,6.960214892954499,1.7626197870713454,1,0.3006
USA,Desktop,Bachelor,Silver,True,True,False,38,17.5,4.6,8,5,13.1,2396.16,1,7.781622734969063,1.876052317839795,0,0.3466
Japan,Desktop,Bachelor,Gold,True,False,False,33,1.0,3.8,3,4,17.7,1578.74,0,7.364382339519541,1.74531138386547,0,0.3466
Canada,Mobile,High School,Bronze,True,True,False,54,7.4,4.3,9,2,27.5,1378.99,0,7.229106626135391,1.829004627509825,1,0.3006
France,Mobile,Bachelor,Bronze,True,False,False,32,13.9,4.0,7,5,10.9,1447.67,0,7.277710646419898,1.7796336993958102,0,0.3466
UK,Tablet,Bachelor,Bronze,True,True,False,44,11.4,3.8,5,3,21.3,1850.58,1,7.523254382450792,1.74531138386547,0,0.3466
Japan,Mobile,High School,Gold,True,False,False,49,8.5,2.9,7,2,26.2,399.91,1,5.991239521791685,1.574366995878342,1,0.3006
USA,Mobile,Master,Silver,True,True,True,20,19.5,3.9,3,1,2.5,822.41,1,6.712239054160048,1.7626197870713454,2,0.251
Australia,Desktop,PhD,Bronze,True,True,False,36,6.9,2.9,6,2,16.7,600.44,1,6.397662719791976,1.574366995878342,3,0.1018
Germany,Desktop,Master,Bronze,True,False,False,33,4.6,4.4,7,3,3.6,791.65,1,6.674119374947443,1.844934404062263,2,0.251
Germany,Desktop,Master,Gold,True,True,True,49,31.4,4.4,3,3,23.6,1777.92,1,7.483199420685869,1.844934404062263,2,0.251
France,Mobile,High School,Bronze,True,False,False,46,28.1,3.8,9,4,11.1,1510.83,0,7.320414447670542,1.74531138386547,1,0.3006
Japan,Mobile,High School,Bronze,True,True,False,35,7.5,4.2,12,4,15.3,496.24,1,6.207059680664862,1.8128169798052736,1,0.3006
USA,Desktop,High School,Silver,True,True,True,25,11.5,4.8,6,4,16.0,593.43,0,6.385919262696094,1.9062310586677143,1,0.3006
Japan,Mobile,Master,Silver,True,True,True,50,24.0,3.2,5,5,17.5,744.08,1,6.612148555934212,1.6346542330120937,2,0.251
USA,Mobile,PhD,Bronze,True,True,True,37,12.6,4.0,5,0,29.4,280.99,1,5.638319081511895,1.7796336993958102,3,0.1018
Japan,Desktop,Master,Silver,True,True,False,19,18.6,3.5,7,1,15.4,538.62,0,6.289010312996652,1.691512653766797,2,0.251
India,Desktop,Master,Bronze,True,True,False,20,17.8,3.9,5,1,22.5,1045.38,0,6.952135734662869,1.7626197870713454,2,0.251
India,Mobile,Bachelor,Gold,True,False,False,43,9.4,4.5,8,1,29.3,901.18,1,6.803705015679783,1.860614396637471,0,0.3466
France,Mobile,Bachelor,Bronze,True,False,True,23,18.4,4.3,3,1,22.9,537.14,0,6.286258768165544,1.829004627509825,0,0.3466
France,Tablet,Bachelor,Bronze,True,True,False,60,5.6,4.3,7,1,25.0,3538.36,1,8.171418621945794,1.829004627509825,0,0.3466
USA,Desktop,High School,Gold,True,True,False,27,16.7,4.2,7,1,1.3,2934.62,0,7.984333251989017,1.8128169798052736,1,0.3006
Brazil,Tablet,High School,Gold,True,True,True,38,11.5,3.9,4,3,5.7,1428.09,1,7.264093166123609,1.7626197870713454,1,0.3006
UK,Desktop,Master,Bronze,True,False,True,40,9.1,3.4,8,3,20.4,6131.71,0,8.721228945983603,1.672916754755899,2,0.251
Germany,Desktop,Bachelor,Bronze,True,True,True,29,4.5,4.3,11,4,27.1,62.69,0,4.138201945285877,1.829004627509825,0,0.3466
UK,Tablet,Bachelor,Gold,True,True,False,18,13.5,4.3,2,4,1.9,409.81,0,6.0156936376544605,1.829004627509825,0,0.3466
USA,Desktop,Bachelor,Gold,True,True,False,40,12.6,4.0,6,1,24.3,181.16,0,5.199380618688013,1.7796336993958102,0,0.3466
Japan,Mobile,High School,Bronze,True,False,True,29,6.2,3.9,8,2,5.6,1456.68,1,7.283915152697713,1.7626197870713454,1,0.3006
USA,Desktop,Bachelor,Silver,True,False,False,39,3.4,4.2,10,2,13.4,1035.23,0,6.942378903233991,1.8128169798052736,0,0.3466
Brazil,Mobile,Bachelor,Bronze,True,False,False,37,3.3,4.4,7,3,25.3,2127.55,0,7.662726361933999,1.844934404062263,0,0.3466
UK,Tablet,Bachelor,Silver,True,True,False,41,9.9,4.3,4,0,5.1,359.19,0,5.883851496396862,1.829004627509825,0,0.3466
USA,Desktop,Master,Bronze,True,True,True,57,15.6,2.5,10,0,19.7,1857.6,1,7.527040610943627,1.487876807789161,2,0.251
Germany,Mobile,Bachelor,Bronze,True,False,False,31,53.5,3.9,10,4,24.9,1241.67,1,7.124212526705705,1.7626197870713454,0,0.3466
USA,Desktop,Bachelor,Bronze,True,True,True,32,11.8,4.5,5,3,18.8,858.05,0,6.754662372848312,1.860614396637471,0,0.3466
UK,Mobile,Master,Silver,True,True,False,18,3.3,3.7,3,3,0.8,984.72,0,6.89235733680204,1.727698115361634,2,0.251
Japan,Desktop,Master,Silver,True,False,False,36,10.3,4.8,5,4,19.7,744.11,0,6.612188873366803,1.9062310586677143,2,0.251
USA,Desktop,Master,Silver,True,True,True,43,33.2,4.4,4,4,5.5,179.51,0,5.190230916682979,1.844934404062263,2,0.251
India,Desktop,High School,Bronze,True,True,False,32,7.1,3.7,6,1,5.4,912.33,0,6.816001766730528,1.727698115361634,1,0.3006
USA,Desktop,High School,Bronze,True,True,True,43,29.8,4.4,5,4,11.7,1711.39,0,7.445061184797548,1.844934404062263,1,0.3006
USA,Tablet,High School,Gold,True,True,False,36,14.0,4.6,7,1,23.2,12000.43,0,9.392697761461472,1.876052317839795,1,0.3006
Brazil,Desktop,High School,Bronze,True,True,False,22,20.4,4.9,9,2,2.9,3564.96,1,8.178908112589095,1.920985627295474,1,0.3006
UK,Desktop,PhD,Gold,True,False,True,42,53.9,3.5,8,4,14.6,917.18,1,6.821303745251021,1.691512653766797,3,0.1018
USA,Desktop,Bachelor,Bronze,True,False,True,36,2.8,3.5,7,3,26.7,1972.82,0,7.587219270233794,1.691512653766797,0,0.3466
UK,Desktop,High School,Silver,True,False,True,39,25.0,3.6,2,5,14.5,3445.83,1,8.144920083311495,1.7097690490891824,1,0.3006
UK,Mobile,High School,Silver,True,True,False,31,11.3,4.1,5,3,9.3,3829.29,0,8.25043468639988,1.7963629745483078,1,0.3006
India,Tablet,High School,Platinum,True,False,False,30,5.7,4.5,4,4,8.4,1136.92,0,7.036078130677048,1.860614396637471,1,0.3006
UK,Desktop,Bachelor,Bronze,True,False,True,40,11.2,4.4,3,2,29.6,650.0,0,6.476972362889683,1.844934404062263,0,0.3466
Brazil,Tablet,Master,Bronze,True,True,False,35,47.1,4.5,1,1,3.2,1693.77,0,7.434712092676377,1.860614396637471,2,0.251
Australia,Mobile,Master,Silver,True,True,True,59,35.4,4.3,4,0,12.4,658.73,1,6.490313738863373,1.829004627509825,2,0.251
Germany,Desktop,PhD,Platinum,True,False,False,48,2.5,3.5,5,2,22.5,1162.66,0,7.058465762399368,1.691512653766797,3,0.1018
Australia,Mobile,High School,Platinum,True,False,True,45,6.6,4.6,4,0,9.2,1077.77,0,6.982649370634371,1.876052317839795,1,0.3006
UK,Mobile,Bachelor,Silver,True,True,True,36,25.9,2.7,3,1,25.3,655.3,1,6.485093146045451,1.5320566796070851,0,0.3466
Canada,Mobile,High School,Silver,True,False,False,18,12.0,2.9,5,3,18.5,2564.29,0,7.849436916168907,1.574366995878342,1,0.3006
USA,Tablet,Bachelor,Silver,True,True,True,28,12.0,3.6,9,5,13.8,624.18,0,6.436438788310859,1.7097690490891824,0,0.3466
Japan,Desktop,PhD,Silver,True,True,False,30,3.5,4.4,6,3,27.8,2610.25,0,7.86720128117022,1.844934404062263,3,0.1018
Germany,Tablet,Bachelor,Silver,True,False,False,35,6.7,4.8,2,4,11.2,526.04,0,6.265377255473764,1.9062310586677143,0,0.3466
UK,Mobile,Master,Gold,True,False,False,38,4.1,4.1,6,3,29.0,1846.47,1,7.521030987206939,1.7963629745483078,2,0.251
Japan,Mobile,Bachelor,Gold,True,False,False,46,3.2,4.5,6,1,2.2,207.61,1,5.335661319688458,1.860614396637471,0,0.3466
Japan,Mobile,High School,Silver,True,False,False,41,4.5,3.8,8,1,1.2,825.54,0,6.71603771766778,1.74531138386547,1,0.3006
USA,Desktop,High School,Silver,True,True,False,52,559.7557266295304,2.7,8,1,2.5,1277.4,1,7.152582041127489,1.5320566796070851,1,0.3006
USA,Tablet,Bachelor,Silver,True,True,False,34,496.49377231523846,3.6,7,3,2.6,3378.46,1,8.125175263348366,1.7097690490891824,0,0.3466
Japan,Mobile,Master,Silver,True,True,False,41,6.2,2.4,5,1,7.0,518.61,0,6.251152155602805,1.4650326891622956,2,0.251
Japan,Desktop,High School,Silver,True,True,False,42,27.6,4.1,5,3,12.2,833.73,1,6.72590960893612,1.7963629745483078,1,0.3006
Canada,Desktop,Master,Bronze,True,False,False,41,5.9,3.6,8,2,24.3,1429.87,1,7.265338810030562,1.7097690490891824,2,0.251
Brazil,Mobile,Master,Bronze,True,False,True,53,38.1,3.7,10,2,11.7,2843.78,0,7.952889432094165,1.727698115361634,2,0.251
Canada,Desktop,Bachelor,Silver,True,True,True,48,8.3,4.2,6,4,3.8,1138.25,0,7.0372472742148915,1.8128169798052736,0,0.3466
Japan,Desktop,Master,Gold,True,True,True,22,17.3,3.4,9,2,0.9,904.1,1,6.8069399737433205,1.672916754755899,2,0.251
UK,Mobile,Bachelor,Bronze,True,True,False,37,17.8,4.1,7,4,16.7,633.27,0,6.450896871486089,1.7963629745483078,0,0.3466
USA,Desktop,Master,Silver,True,True,False,38,5.9,4.8,5,1,6.9,334.73,0,5.81332423670725,1.9062310586677143,2,0.251
Brazil,Desktop,Master,Bronze,True,True,True,64,9.4,4.2,5,1,10.8,442.68,1,6.092847161396585,1.8128169798052736,2,0.251
Japan,Desktop,PhD,Bronze,True,False,True,34,8.1,4.6,6,3,7.3,3933.96,1,8.277401831129138,1.876052317839795,3,0.1018
USA,Desktop,Bachelor,Platinum,True,False,False,26,16.4,2.9,6,2,12.2,509.76,0,6.233940026721684,1.574366995878342,0,0.3466
UK,Mobile,Bachelor,Gold,True,False,True,43,11.0,3.7,4,7,29.2,1913.72,1,7.556804270820284,1.727698115361634,0,0.3466
Canada,Mobile,High School,Bronze,True,True,False,44,6.7,4.4,11,2,29.2,273.32,0,5.610643269912577,1.844934404062263,1,0.3006
Germany,Desktop,High School,Gold,True,False,False,37,13.4,4.1,4,1,21.4,298.72,0,5.699506679793412,1.7963629745483078,1,0.3006
Germany,Desktop,Master,Bronze,True,True,True,35,16.0,3.3,3,2,7.1,1722.64,1,7.451613276798352,1.6539684852930463,2,0.251
Germany,Mobile,PhD,Platinum,True,True,False,49,53.5,3.3,4,0,25.6,151903.00415086962,0,11.930997465550048,1.6539684852930463,3,0.1018
USA,Desktop,Bachelor,Bronze,True,True,False,28,12.9,4.5,5,5,0.3,765.09,1,6.639993473965487,1.860614396637471,0,0.3466
UK,Desktop,High School,Bronze,True,False,False,34,12.3,3.2,8,4,15.4,294.27,0,5.684497713244334,1.6346542330120937,1,0.3006
UK,Desktop,High School,Silver,True,True,False,32,17.2,3.7,7,2,26.3,2141.74,0,7.669373861754229,1.727698115361634,1,0.3006
USA,Mobile,Bachelor,Gold,True,True,False,51,5.7,3.8,11,5,12.6,1030.74,0,6.938032269866409,1.74531138386547,0,0.3466
Brazil,Mobile,High School,Bronze,True,False,False,41,3.1,4.0,7,5,7.4,1408.25,1,7.250103077774823,1.7796336993958102,1,0.3006
Germany,Mobile,High School,Gold,True,False,True,25,9.5,3.8,5,0,18.8,860.63,0,6.757664679197343,1.74531138386547,1,0.3006
India,Mobile,Master,Bronze,True,True,True,26,28.7,3.7,2,4,24.5,2056.8,0,7.628906655951679,1.727698115361634,2,0.251
India,Mobile,High School,Platinum,True,False,False,60,573.6960927151388,-0.1992317016293747,9,3,20.1,2314.05,1,7.746754515126058,0.5472267915499426,1,0.3006
USA,Mobile,Bachelor,Bronze,True,True,False,51,2.7,4.0,7,3,7.6,2798.11,0,7.936699468248228,1.7796336993958102,0,0.3466
Japan,Mobile,Master,Platinum,True,True,False,48,20.8,4.8,10,1,3.8,694.96,1,6.543854289951665,1.9062310586677143,2,0.251
Germany,Desktop,High School,Silver,True,False,True,38,2.1,4.4,4,1,8.2,854.73,0,6.75078562959108,1.844934404062263,1,0.3006
Australia,Mobile,Bachelor,Silver,True,True,False,56,17.6,4.0,8,0,4.3,584.0,1,6.369900982828227,1.7796336993958102,0,0.3466
USA,Mobile,Master,Platinum,True,True,False,25,16.8,3.8,5,5,28.8,1571.4,0,7.359722220741721,1.74531138386547,2,0.251
Japan,Mobile,Master,Platinum,True,False,False,47,3.1,3.7,6,2,11.0,1175.04,1,7.069057468552017,1.727698115361634,2,0.251
France,Desktop,Bachelor,Silver,True,False,False,33,27.1,2.5,10,2,29.0,1679.67,0,7.426352624531257,1.487876807789161,0,0.3466
UK,Desktop,Bachelor,Bronze,True,True,True,35,49.2,4.5,6,3,17.3,445.05,0,6.09818663540494,1.860614396637471,0,0.3466
USA,Mobile,Master,Silver,True,False,True,47,11.6,4.5,7,1,20.7,602.02,0,6.400290667348325,1.860614396637471,2,0.251
Japan,Mobile,Master,Silver,True,False,True,36,13.6,4.2,9,2,27.3,1327.33,1,7.190924684652025,1.8128169798052736,2,0.251
Brazil,Tablet,Bachelor,Silver,True,False,False,33,39.8,2.7,8,0,29.8,729.55,1,6.592427905710031,1.5320566796070851,0,0.3466
UK,Desktop,High School,Silver,True,False,True,32,4.9,3.1,6,3,28.5,980.56,0,6.88812383703291,1.6149595811994066,1,0.3006
Japan,Mobile,High School,Bronze,True,True,False,18,5.0,4.4,8,4,13.4,1193.13,0,7.084335385146978,1.844934404062263,1,0.3006
UK,Mobile,High School,Gold,True,True,False,47,6.2,4.4,7,4,20.8,999.17,0,6.906924934341423,1.844934404062263,1,0.3006
Japan,Tablet,Bachelor,Gold,True,True,False,26,12.5,4.4,6,1,11.7,6243.0,1,8.739216115061744,1.844934404062263,0,0.3466
USA,Mobile,High School,Bronze,True,True,False,60,12.5,4.2,6,1,18.9,205.86,0,5.327196326098413,1.8128169798052736,1,0.3006
Australia,Mobile,Bachelor,Silver,True,True,False,35,7.8,4.3,7,2,15.7,358.34,1,5.8814822563717515,1.829004627509825,0,0.3466
UK,Mobile,Master,Silver,True,False,True,54,9.6,4.0,1,3,0.6,1385.76,1,7.234004004582735,1.7796336993958102,2,0.251
UK,Mobile,High School,Silver,True,False,False,18,7.9,4.4,9,3,26.0,1430.73,0,7.265940082509,1.844934404062263,1,0.3006
USA,Tablet,Master,Bronze,True,True,False,47,8.2,3.2,7,2,10.7,357.23,1,5.878379832037821,1.6346542330120937,2,0.251
USA,Desktop,Master,Silver,True,True,True,50,6.6,3.9,4,0,13.5,682.83,0,6.526245926686203,1.7626197870713454,2,0.251
Germany,Desktop,High School,Bronze,True,True,False,54,6.6,3.3,3,1,10.3,1121.15,1,7.022110223219539,1.6539684852930463,1,0.3006
UK,Tablet,Master,Silver,True,False,True,20,2.5,4.2,1,2,14.5,2553.71,0,7.84530248276883,1.8128169798052736,2,0.251
India,Mobile,Master,Gold,True,False,True,30,10.2,4.9,6,8,14.9,1479.99,0,7.299790609978577,1.920985627295474,2,0.251
USA,Mobile,Bachelor,Gold,True,True,False,45,2.5,3.9,10,1,19.0,829.26,1,6.72053373684399,1.7626197870713454,0,0.3466
UK,Mobile,High School,Bronze,True,True,False,40,22.2,3.6,4,2,11.3,417.21,1,6.033589692158629,1.7097690490891824,1,0.3006
UK,Desktop,Bachelor,Silver,True,True,True,42,7.8,2.5,5,1,6.8,231.58,0,5.444925386184127,1.487876807789161,0,0.3466
USA,Mobile,PhD,Platinum,True,False,True,34,11.1,4.6,4,2,11.9,148.59,0,5.001190835268256,1.876052317839795,3,0.1018
USA,Mobile,Bachelor,Bronze,True,True,False,57,9.0,4.7,7,1,9.6,448.7,0,6.106354512981937,1.891255528483568,0,0.3466
Germany,Desktop,High School,Gold,True,False,False,69,10.0,4.6,6,5,17.0,84.48,0,4.436514819957951,1.876052317839795,1,0.3006
Germany,Desktop,Master,Gold,True,False,False,39,33.5,2.6,9,4,21.8,1111.17,0,7.013168793235513,1.5102107064924273,2,0.251
Germany,Mobile,Bachelor,Gold,True,False,True,43,4.1,4.0,10,1,21.5,2919.2,1,7.979064885122238,1.7796336993958102,0,0.3466
France,Desktop,Bachelor,Bronze,True,True,False,39,3.3,3.7,4,4,26.7,2049.93,0,7.62556092520799,1.727698115361634,0,0.3466
France,Tablet,Master,Bronze,True,True,True,53,13.4,4.5,8,4,6.2,476.74,1,6.166971268906583,1.860614396637471,2,0.251
USA,Desktop,Bachelor,Platinum,True,True,True,48,8.2,4.9,4,2,15.1,469.54,1,6.151753492037362,1.920985627295474,0,0.3466
Germany,Mobile,Master,Bronze,True,False,True,25,16.2,4.7,4,2,18.7,3474.36,1,8.153165568375154,1.891255528483568,2,0.251
Canada,Tablet,Master,Bronze,True,False,True,31,21.6,4.6,7,4,15.5,824.28,0,6.71451027801379,1.876052317839795,2,0.251
Germany,Mobile,Bachelor,Silver,True,False,False,26,5.0,2.2,4,1,19.2,835.2,0,6.727671217128374,1.4177166459929065,0,0.3466
Japan,Desktop,High School,Bronze,True,True,False,70,19.7,4.3,10,8,25.7,651.08,1,6.478632522523298,1.829004627509825,1,0.3006
UK,Mobile,Master,Gold,True,True,False,46,5.4,3.9,5,1,2.8,1208.99,0,7.097540579281992,1.7626197870713454,2,0.251
Brazil,Desktop,PhD,Silver,True,False,False,31,12.9,2.4,6,1,11.2,566.24,1,6.339018016597153,1.4650326891622956,3,0.1018
Brazil,Desktop,High School,Gold,True,True,False,30,4.5,4.2,6,1,15.2,1098.37,1,7.0015825416262905,1.8128169798052736,1,0.3006
France,Tablet,Bachelor,Gold,True,True,True,48,13.5,4.2,6,1,15.7,711.34,1,6.5671505152208995,1.8128169798052736,0,0.3466
Canada,Mobile,High School,Bronze,True,True,False,49,12.0,3.6,8,2,0.4,415.76,1,6.030108170700187,1.7097690490891824,1,0.3006
USA,Mobile,Master,Bronze,True,True,True,48,5.0,3.7,4,2,17.3,876.56,1,6.7760051560971375,1.727698115361634,2,0.251
USA,Desktop,Master,Gold,True,False,False,33,4.1,4.4,4,4,20.9,4324.73,1,8.372104989671621,1.844934404062263,2,0.251
Brazil,Desktop,High School,Silver,True,True,False,42,22.2,2.9,7,4,11.7,458.33,1,6.127589448678843,1.574366995878342,1,0.3006
India,Desktop,Master,Platinum,True,True,False,39,8.5,4.8,2,3,27.4,459.03,0,6.129115567401832,1.9062310586677143,2,0.251
USA,Mobile,High School,Gold,True,False,True,27,27.4,4.7,6,2,20.4,312.17,0,5.743547911215617,1.891255528483568,1,0.3006
UK,Mobile,Master,Bronze,True,True,True,27,7.9,3.1,11,4,18.9,716.55,0,6.57444802850408,1.6149595811994066,2,0.251
USA,Mobile,Bachelor,Gold,True,True,False,43,34.5,3.0,6,4,6.2,3261.98,1,8.090089651954315,1.5948692441471295,0,0.3466
UK,Mobile,Bachelor,Bronze,True,False,False,40,5.7,3.0,3,3,29.4,663.55,0,6.497604208883258,1.5948692441471295,0,0.3466
Brazil,Desktop,High School,Bronze,True,True,True,45,39.6,3.8,9,1,14.0,14080.81,1,9.552568156466428,1.74531138386547,1,0.3006
Germany,Desktop,High School,Gold,True,True,False,47,14.0,3.7,3,2,1.1,623.53,1,6.435396879439724,1.727698115361634,1,0.3006
UK,Desktop,Master,Gold,True,False,False,56,16.8,3.5,7,2,2.2,629.44,1,6.444830535200694,1.691512653766797,2,0.251
UK,Desktop,Bachelor,Silver,True,False,False,29,5.5,4.2,6,3,10.1,84.89,1,4.441356300749876,1.8128169798052736,0,0.3466
USA,Desktop,High School,Bronze,True,True,False,46,21.8,3.4,5,1,1.2,966.64,0,6.873826140719053,1.672916754755899,1,0.3006
UK,Tablet,High School,Bronze,True,False,False,47,22.4,3.3,2,6,5.1,2645.74,0,7.880706078320088,1.6539684852930463,1,0.3006
Japan,Desktop,High School,Bronze,True,True,False,34,9.4,3.7,3,1,20.3,720.99,0,6.580625267563245,1.727698115361634,1,0.3006
Canada,Tablet,Master,Bronze,True,False,True,39,2.2,4.1,2,2,10.3,1209.79,1,7.098202069809589,1.7963629745483078,2,0.251
India,Desktop,Master,Bronze,True,False,False,35,5.0,4.0,5,2,12.4,1155.09,0,7.051933541998048,1.7796336993958102,2,0.251
USA,Tablet,High School,Silver,True,False,True,63,5.0,3.0,4,2,28.6,302.44,1,5.711882910690069,1.5948692441471295,1,0.3006
Australia,Mobile,Bachelor,Platinum,True,True,False,39,17.5,4.2,7,5,19.4,2824.08,0,7.945937926823783,1.8128169798052736,0,0.3466
Brazil,Tablet,High School,Bronze,True,True,False,43,8.4,3.2,4,1,8.8,82.64,1,4.414493824811383,1.6346542330120937,1,0.3006
Brazil,Desktop,PhD,Bronze,True,True,False,35,8.5,5.0,6,3,10.2,2925.96,1,7.981377910946641,1.9355256601749082,3,0.1018
Germany,Mobile,PhD,Gold,True,False,True,32,7.7,3.1,3,2,28.4,1146.94,1,7.0448528053862445,1.6149595811994066,3,0.1018
UK,Tablet,Master,Gold,True,True,False,22,39.5,4.0,6,0,13.4,1248.49,1,7.129690100076217,1.7796336993958102,2,0.251
UK,Desktop,PhD,Platinum,True,False,False,51,12.6,3.6,4,0,13.1,548.64,1,6.30744248871461,1.7097690490891824,3,0.1018
USA,Desktop,Master,Bronze,True,False,False,47,14.3,4.4,8,3,8.2,990.03,1,6.897735245699811,1.844934404062263,2,0.251
USA,Desktop,Master,Bronze,True,False,True,34,7.4,2.8,6,5,9.6,1176.74,0,7.070503182263415,1.5534355914115192,2,0.251
USA,Tablet,Bachelor,Silver,True,False,False,27,11.9,4.1,4,3,22.7,396.28,0,5.982121032104829,1.7963629745483078,0,0.3466
Germany,Mobile,Bachelor,Silver,True,True,False,149,5.6,-0.3714395395410943,4,1,24.4,483.87,0,6.181816275597201,0.4422759755779896,0,0.3466
Brazil,Mobile,High School,Silver,True,False,False,32,16.0,4.2,6,2,7.3,403.36,1,5.999829463439609,1.8128169798052736,1,0.3006
Germany,Desktop,Bachelor,Silver,True,False,True,35,4.9,2.2,4,1,28.2,4794.38,0,8.475199677601818,1.4177166459929065,0,0.3466
USA,Desktop,Bachelor,Bronze,True,True,False,23,22.1,3.4,4,2,9.5,402.44,0,5.99754601742385,1.672916754755899,0,0.3466
Canada,Mobile,High School,Silver,True,False,True,41,6.8,3.8,5,2,21.3,2821.92,1,7.945172783322055,1.74531138386547,1,0.3006
Canada,Desktop,High School,Silver,True,True,True,41,26.0,3.8,8,3,18.6,1983.93,1,7.5928350049643205,1.74531138386547,1,0.3006
Brazil,Mobile,Bachelor,Silver,True,True,True,51,56.0,4.3,3,3,0.9,4132.98,0,8.326753975400097,1.829004627509825,0,0.3466
Spain,Tablet,High School,Silver,True,False,False,36,12.2,4.5,7,1,25.8,1205.88,1,7.094964869848868,1.860614396637471,1,0.3006
France,Desktop,Bachelor,Silver,True,True,False,34,34.8,3.9,5,3,18.9,1673.65,1,7.4227621491413505,1.7626197870713454,0,0.3466
Canada,Mobile,PhD,Bronze,True,True,True,19,22.2,4.9,7,0,17.4,410.19,0,6.0166204669891,1.920985627295474,3,0.1018
USA,Desktop,Master,Bronze,True,False,False,51,3.9,4.4,8,3,16.6,1388.8,0,7.236195343906085,1.844934404062263,2,0.251
UK,Mobile,Master,Silver,True,True,False,49,13.3,2.5,6,1,20.0,4211.17,1,8.345495797805386,1.487876807789161,2,0.251
USA,Desktop,Bachelor,Bronze,True,True,False,38,18.2,2.9,4,4,2.5,522.7,1,6.259007685718876,1.574366995878342,0,0.3466
USA,Mobile,Bachelor,Silver,True,True,True,22,19.7,4.7,6,7,22.7,1583.27,0,7.3672476075605555,1.891255528483568,0,0.3466
USA,Desktop,High School,Gold,True,True,False,23,14.0,4.7,5,5,9.2,3241.41,1,8.083763699305951,1.891255528483568,1,0.3006
Japan,Mobile,Master,Bronze,True,False,False,31,13.9,3.9,4,4,12.6,858.21,1,6.754848824785039,1.7626197870713454,2,0.251
Brazil,Mobile,High School,Bronze,True,False,True,50,12.2,3.7,6,1,1.2,1668.45,0,7.419650330706148,1.727698115361634,1,0.3006
France,Desktop,High School,Platinum,True,False,False,41,13.6,3.8,7,5,4.1,911.42,1,6.815003822850586,1.74531138386547,1,0.3006
USA,Mobile,Master,Bronze,True,True,True,20,4.6,4.1,4,2,24.2,754.13,0,6.62556476693951,1.7963629745483078,2,0.251
India,Desktop,High School,Bronze,True,True,False,43,10.1,3.9,3,1,11.0,386.1,1,5.956096403270191,1.7626197870713454,1,0.3006
Japan,Mobile,Bachelor,Bronze,True,True,True,28,3.8,3.8,2,5,21.8,3756.35,0,8.231203020225324,1.74531138386547,0,0.3466
UK,Desktop,High School,Gold,True,False,False,32,8.2,3.9,1,1,11.2,1521.19,0,7.327248202274937,1.7626197870713454,1,0.3006
Japan,Mobile,High School,Bronze,True,False,True,50,7.6,4.6,10,1,26.0,476.17,0,6.165774933328233,1.876052317839795,1,0.3006
UK,Desktop,High School,Silver,True,True,True,47,7.2,2.7,5,3,14.7,1228.14,0,7.113256108723497,1.5320566796070851,1,0.3006
UK,Desktop,High School,Silver,True,True,True,51,5.3,4.3,3,1,9.7,1234.19,1,7.118170163439622,1.829004627509825,1,0.3006
Australia,Desktop,Master,Bronze,True,False,True,38,15.1,4.6,6,3,23.7,555.69,1,6.320210584802742,1.876052317839795,2,0.251
UK,Mobile,Master,Bronze,True,False,False,49,9.4,4.5,5,2,17.1,1571.22,0,7.359607666643423,1.860614396637471,2,0.251
Germany,Desktop,Bachelor,Gold,True,False,True,31,8.7,4.1,5,4,16.9,1353.1,1,7.2101535352695985,1.7963629745483078,0,0.3466
Australia,Tablet,Master,Silver,True,False,True,35,4.0,3.9,6,5,21.7,1058.66,1,6.96475923644987,1.7626197870713454,2,0.251
Japan,Tablet,High School,Bronze,True,True,True,34,9.6,4.7,9,2,29.6,1638.69,0,7.401652421135316,1.891255528483568,1,0.3006
USA,Desktop,Bachelor,Bronze,True,True,True,38,30.5,3.2,8,0,11.1,2985.84,1,8.001636393274346,1.6346542330120937,0,0.3466
USA,Mobile,High School,Silver,True,True,False,23,30.8,4.1,6,1,16.0,1920.54,0,7.56036167547846,1.7963629745483078,1,0.3006
USA,Desktop,Bachelor,Gold,True,True,True,35,16.4,4.5,5,3,8.9,1298.04,0,7.168610713430199,1.860614396637471,0,0.3466
Japan,Desktop,Bachelor,Bronze,True,False,False,55,9.6,4.3,6,6,11.6,237.09,0,5.468439815884993,1.829004627509825,0,0.3466
Germany,Mobile,Bachelor,Silver,True,False,True,25,19.1,3.0,5,1,1.9,1119.66,0,7.020780346773435,1.5948692441471295,0,0.3466
USA,Mobile,Master,Bronze,True,True,False,22,7.1,3.0,8,3,12.0,254.59,0,5.539654408054211,1.5948692441471295,2,0.251
Canada,Mobile,Bachelor,Bronze,True,True,False,23,9.6,3.8,1,1,5.9,2586.74,0,7.85815367462275,1.74531138386547,0,0.3466
France,Desktop,Bachelor,Bronze,True,True,True,70,6.7,4.1,7,2,18.3,1846.18,0,7.520873918434867,1.7963629745483078,0,0.3466
USA,Desktop,PhD,Gold,True,False,True,44,25.2,4.9,5,2,1.3,933.29,0,6.838715977845918,1.920985627295474,3,0.1018
Germany,Desktop,High School,Silver,True,False,True,35,22.7,4.8,2,1,3.9,2178.1,0,7.686208216121182,1.9062310586677143,1,0.3006
Japan,Mobile,Bachelor,Gold,True,False,True,39,11.8,4.5,3,1,16.1,440.07,1,6.0869338051677815,1.860614396637471,0,0.3466
USA,Mobile,Master,Gold,True,True,True,41,48.7,4.2,6,5,12.3,493.62,1,6.2017659904088935,1.8128169798052736,2,0.251
UK,Mobile,Bachelor,Gold,True,True,True,30,16.9,2.7,2,3,12.3,1469.57,1,7.292725119974534,1.5320566796070851,0,0.3466
India,Desktop,High School,Bronze,True,True,False,32,16.2,4.2,4,2,16.2,534.03,0,6.280452017157451,1.8128169798052736,1,0.3006
Germany,Desktop,Bachelor,Bronze,True,True,True,36,14.9,4.0,3,2,6.9,826.2,1,6.716836874962664,1.7796336993958102,0,0.3466
France,Desktop,Bachelor,Platinum,True,True,True,29,4.4,4.2,8,9,4.3,5002.77,1,8.51774703801489,1.8128169798052736,0,0.3466
Germany,Desktop,Bachelor,Gold,True,True,True,33,6.0,4.9,7,3,2.6,3903.99,0,8.269754386054293,1.920985627295474,0,0.3466
USA,Desktop,High School,Gold,True,False,True,42,11.7,3.8,12,3,26.4,756.4,0,6.6285703367843025,1.74531138386547,1,0.3006
USA,Mobile,PhD,Bronze,True,True,False,26,11.7,4.8,7,2,23.2,608.35,0,6.410750374233458,1.9062310586677143,3,0.1018
Germany,Tablet,Master,Bronze,True,True,False,69,19.5,3.1,5,0,11.1,118.97,1,4.778871360488434,1.6149595811994066,2,0.251
USA,Mobile,Bachelor,Gold,True,False,True,47,7.1,4.1,11,3,8.3,12905.37,1,9.465398782799436,1.7963629745483078,0,0.3466
USA,Mobile,Master,Bronze,True,True,False,23,12.9,3.0,10,4,15.6,75.72,0,4.327042326341122,1.5948692441471295,2,0.251
India,Desktop,Master,Silver,True,True,True,18,13.1,4.5,5,3,2.5,1219.9,0,7.106524167154692,1.860614396637471,2,0.251
Spain,Tablet,High School,Silver,True,True,False,30,13.5,3.9,6,3,27.5,452.47,0,6.114721462599607,1.7626197870713454,1,0.3006
Brazil,Desktop,High School,Bronze,True,True,True,46,12.3,4.4,7,4,17.3,2039.69,0,7.6205531145067384,1.844934404062263,1,0.3006
India,Tablet,Bachelor,Bronze,True,True,True,44,4.0,4.2,8,1,27.9,771.29,1,6.6480644377320885,1.8128169798052736,0,0.3466
USA,Mobile,Master,Bronze,True,True,True,37,2.0,3.8,1,3,28.4,1048.76,0,6.955363792896862,1.74531138386547,2,0.251
Canada,Desktop,High School,Bronze,True,False,False,31,5.7,2.4,4,2,16.4,685.77,0,6.530542294540067,1.4650326891622956,1,0.3006
USA,Tablet,PhD,Silver,True,True,False,27,8.0,4.3,1,4,14.9,901.37,0,6.80391582814069,1.829004627509825,3,0.1018
Canada,Desktop,Bachelor,Bronze,True,True,True,33,4.7,3.4,4,3,9.1,1321.58,0,7.186583269480293,1.672916754755899,0,0.3466
Spain,Mobile,Bachelor,Bronze,True,True,True,26,11.7,4.7,12,2,24.6,699.95,0,6.551008903920835,1.891255528483568,0,0.3466
Japan,Mobile,High School,Gold,True,True,False,33,29.1,2.7,7,4,28.4,1644.66,0,7.405288954906694,1.5320566796070851,1,0.3006
Spain,Desktop,High School,Silver,True,True,False,54,21.8,4.3,2,2,5.3,1889.12,0,7.5438663911588,1.829004627509825,1,0.3006
France,Desktop,Master,Bronze,True,False,False,29,17.7,4.1,4,2,23.5,394.36,1,5.977264197706841,1.7963629745483078,2,0.251
UK,Mobile,PhD,Gold,True,False,True,45,26.8,-0.7817184923795973,8,2,5.5,5213.4,1,8.558987513073216,0.1362481361796738,3,0.1018
Germany,Mobile,Bachelor,Platinum,True,True,True,47,5.8,4.1,4,2,5.4,1055.58,1,6.961845657879009,1.7963629745483078,0,0.3466
France,Desktop,PhD,Bronze,True,True,True,25,8.5,3.7,4,2,7.9,1042.43,0,6.94930980513557,1.727698115361634,3,0.1018
USA,Tablet,Master,Silver,True,True,False,28,19.9,3.2,5,5,20.8,276.09,1,5.620726899518875,1.6346542330120937,2,0.251
Japan,Desktop,Bachelor,Silver,True,True,False,51,8.3,4.7,3,2,2.1,987.57,1,6.895247380338927,1.891255528483568,0,0.3466
Spain,Desktop,Master,Bronze,True,True,True,27,8.7,4.5,3,1,9.6,440.47,0,6.087842338630235,1.860614396637471,2,0.251
USA,Desktop,Bachelor,Gold,True,True,False,37,54.1,4.7,4,2,15.7,2705.84,1,7.9031676791186065,1.891255528483568,0,0.3466
Brazil,Desktop,Bachelor,Platinum,True,False,False,62,13.1,3.0,13,2,23.9,1192.43,1,7.083748520829928,1.5948692441471295,0,0.3466
Australia,Desktop,High School,Platinum,True,True,False,50,49.9,3.6,7,3,10.0,625.2,1,6.438071598547322,1.7097690490891824,1,0.3006
Canada,Tablet,Master,Bronze,True,False,False,39,2.8,4.1,2,2,14.9,1130.56,1,7.030468364170781,1.7963629745483078,2,0.251
Canada,Desktop,High School,Bronze,True,False,False,48,7.4,2.3,4,4,18.9,1552.03,0,7.347319030453251,1.4416544924686217,1,0.3006
France,Desktop,Master,Platinum,True,True,False,37,16.9,2.8,6,5,7.7,166.01,1,5.112048027505985,1.5534355914115192,2,0.251
Canada,Desktop,Master,Silver,True,False,False,50,13.1,3.1,10,1,27.9,1144.65,0,7.042854192403752,1.6149595811994066,2,0.251
Brazil,Mobile,High School,Bronze,True,False,False,18,2.4,2.8,3,2,10.9,184.53,0,5.217812051888386,1.5534355914115192,1,0.3006
USA,Tablet,Bachelor,Gold,True,False,True,36,10.1,3.7,6,4,22.4,1409.38,0,7.2509051703565905,1.727698115361634,0,0.3466
Germany,Desktop,Bachelor,Bronze,True,False,False,18,88.1,3.4,7,4,20.0,2483.32,0,7.8173516535635645,1.672916754755899,0,0.3466
Japan,Desktop,Bachelor,Bronze,True,False,False,40,14.8,4.2,6,3,19.3,1281.78,0,7.156005015890198,1.8128169798052736,0,0.3466
USA,Desktop,High School,Gold,True,True,False,35,19.8,4.2,9,4,12.3,1203.15,1,7.092698396481043,1.8128169798052736,1,0.3006
Japan,Desktop,Bachelor,Bronze,True,True,False,54,7.3,4.2,11,6,26.0,2194.61,0,7.693759633185341,1.8128169798052736,0,0.3466
Japan,Desktop,High School,Bronze,True,True,True,47,14.8,2.9,8,0,23.5,765.52,1,6.640555341471007,1.574366995878342,1,0.3006
USA,Desktop,High School,Bronze,True,True,True,32,12.1,4.5,8,4,16.9,2879.52,0,7.965378892572892,1.860614396637471,1,0.3006
France,Desktop,High School,Silver,True,True,True,33,29.8,4.8,9,1,9.4,1948.51,0,7.574820256918533,1.9062310586677143,1,0.3006
Brazil,Mobile,High School,Bronze,True,True,False,43,29.1,4.1,8,2,16.8,2291.45,0,7.736940083942414,1.7963629745483078,1,0.3006
Germany,Desktop,Master,Silver,True,False,False,31,16.9,4.4,4,2,2.6,270.38,0,5.59982837693626,1.844934404062263,2,0.251
USA,Tablet,PhD,Silver,True,False,False,38,12.9,3.4,6,2,16.3,1604.35,0,7.380473969112101,1.672916754755899,3,0.1018
USA,Tablet,Bachelor,Gold,True,True,True,54,3.2,3.4,6,3,21.0,2858.95,1,7.958209703536995,1.672916754755899,0,0.3466
UK,Mobile,Bachelor,Bronze,True,True,True,28,3.1,3.4,10,0,27.6,1066.85,0,6.972465660350893,1.672916754755899,0,0.3466
Australia,Desktop,High School,Gold,True,True,False,33,13.0,4.5,6,5,21.5,7189.35,1,8.880356043290496,1.860614396637471,1,0.3006
USA,Desktop,Bachelor,Bronze,True,True,False,34,24.5,4.7,2,3,7.0,1375.29,0,7.226419896953385,1.891255528483568,0,0.3466
Japan,Desktop,High School,Silver,True,False,False,75,35.4,3.2,6,4,1.6,643.98,1,6.467667669721488,1.6346542330120937,1,0.3006
USA,Mobile,Bachelor,Silver,True,True,False,45,6.0,4.7,8,2,8.6,1008.6,1,6.9163185096426245,1.891255528483568,0,0.3466
UK,Mobile,PhD,Bronze,True,True,True,52,3.6,4.9,2,1,11.9,6232.76,1,8.737574531334651,1.920985627295474,3,0.1018
India,Tablet,High School,Gold,True,True,False,47,25.7,3.0,6,1,0.4,5352.24,1,8.585270443851972,1.5948692441471295,1,0.3006
Brazil,Tablet,Master,Bronze,True,True,True,48,6.3,4.0,8,1,28.4,433.43,0,6.071730306826638,1.7796336993958102,2,0.251
USA,Desktop,High School,Bronze,True,False,False,44,3.4,4.4,6,0,17.6,408.18,0,6.011708253585025,1.844934404062263,1,0.3006
Germany,Mobile,Bachelor,Bronze,True,False,False,42,8.2,3.1,6,1,28.4,3568.65,0,8.179942651995962,1.6149595811994066,0,0.3466
USA,Desktop,High School,Silver,True,False,False,21,8.1,3.8,8,0,10.4,949.14,0,6.855556311438543,1.74531138386547,1,0.3006
Germany,Desktop,Bachelor,Bronze,True,False,True,42,35.0,4.9,6,5,21.5,1194.61,1,7.085575051266015,1.920985627295474,0,0.3466
Japan,Desktop,High School,Bronze,True,False,False,37,24.3,3.6,9,1,19.3,1025.57,1,6.9330038345685345,1.7097690490891824,1,0.3006
USA,Desktop,Bachelor,Bronze,True,True,False,45,6.8,4.2,4,1,7.3,1503.65,0,7.315650764662011,1.8128169798052736,0,0.3466
UK,Tablet,Bachelor,Silver,True,True,True,37,37.3,4.3,4,4,8.2,1928.14,0,7.564311086642098,1.829004627509825,0,0.3466
UK,Desktop,Bachelor,Silver,True,True,False,47,13.5,3.1,4,3,12.1,643.67,1,6.4671861724109005,1.6149595811994066,0,0.3466
Australia,Mobile,Master,Bronze,True,True,False,49,28.5,4.8,2,2,5.8,2161.55,0,7.678580835924345,1.9062310586677143,2,0.251
Spain,Mobile,PhD,Bronze,True,False,False,117,35.2,-0.0910453155204089,7,3,9.9,1798.02,0,7.494441338440223,0.6079374836727628,3,0.1018
USA,Mobile,Bachelor,Silver,True,False,True,33,9.9,4.4,9,1,17.1,11626.22,0,9.361018171185645,1.844934404062263,0,0.3466
Brazil,Desktop,High School,Gold,True,True,False,18,19.2,4.7,7,6,7.3,2569.65,1,7.851524981844578,1.891255528483568,1,0.3006
UK,Tablet,High School,Gold,True,False,True,41,8.8,3.8,5,5,8.6,3900.5,1,8.268860029028367,1.74531138386547,1,0.3006
UK,Mobile,Master,Gold,True,True,False,34,25.6,4.6,7,2,26.9,1066.59,0,6.972221922536576,1.876052317839795,2,0.251
Brazil,Desktop,Bachelor,Bronze,True,True,False,54,13.1,4.6,3,1,14.2,3009.11,0,8.009399632957534,1.876052317839795,0,0.3466
Australia,Desktop,Bachelor,Platinum,True,True,True,40,26.3,3.5,5,2,21.3,4931.49,1,8.503396452611398,1.691512653766797,0,0.3466
Canada,Mobile,High School,Bronze,True,True,True,32,41.3,4.4,4,1,8.1,1251.57,0,7.132154042188187,1.844934404062263,1,0.3006
France,Mobile,Bachelor,Platinum,True,False,True,49,18.9,4.2,13,1,17.9,2661.18,1,7.886524912432908,1.8128169798052736,0,0.3466
UK,Mobile,High School,Bronze,True,True,False,34,11.3,4.8,6,1,20.5,881.31,0,6.781409436915176,1.9062310586677143,1,0.3006
Brazil,Mobile,PhD,Silver,True,False,False,32,11.5,3.5,8,6,9.1,231.48,0,5.444493476705638,1.691512653766797,3,0.1018
UK,Mobile,Master,Bronze,True,False,True,43,1.1,4.0,1,1,13.1,2068.26,0,7.634462953064043,1.7796336993958102,2,0.251
France,Desktop,High School,Bronze,True,True,False,57,6.9,3.2,3,5,25.3,1540.28,0,7.33971949706257,1.6346542330120937,1,0.3006
UK,Desktop,Bachelor,Gold,True,True,False,48,25.7,3.8,5,4,21.1,4015.29,1,8.297864852913186,1.74531138386547,0,0.3466
Japan,Desktop,High School,Gold,True,True,False,45,26.5,3.8,3,1,26.8,1326.88,0,7.190585600702894,1.74531138386547,1,0.3006
USA,Mobile,Bachelor,Platinum,True,True,False,71,586.6419631054941,4.4,6,2,5.6,1612.52,1,7.385553451693785,1.844934404062263,0,0.3466
USA,Mobile,Master,Silver,True,True,False,29,13.9,4.1,15,4,20.2,1332.78,1,7.195022265297586,1.7963629745483078,2,0.251
Australia,Desktop,Bachelor,Silver,True,True,True,29,10.5,4.4,4,4,0.5,122.03,0,4.804266916143749,1.844934404062263,0,0.3466
USA,Mobile,Bachelor,Bronze,True,True,True,40,21.2,3.8,4,3,7.2,987.07,0,6.894740958904452,1.74531138386547,0,0.3466
Germany,Desktop,High School,Platinum,True,True,True,56,71.3,4.1,5,4,1.8,2961.73,1,7.9935288360476555,1.7963629745483078,1,0.3006
USA,Desktop,Master,Silver,True,True,True,27,21.5,4.4,3,3,22.7,1286.41,1,7.159610672026329,1.844934404062263,2,0.251
USA,Desktop,Bachelor,Gold,True,True,False,59,7.1,3.9,3,5,15.2,1498.67,1,7.312333327102232,1.7626197870713454,0,0.3466
USA,Desktop,Bachelor,Silver,True,True,False,21,11.4,2.8,4,3,15.1,2777.23,0,7.929209307067642,1.5534355914115192,0,0.3466
USA,Desktop,High School,Silver,True,False,False,37,37.4,4.4,4,2,12.2,1212.28,0,7.100258163049842,1.844934404062263,1,0.3006
India,Desktop,Bachelor,Platinum,True,False,True,40,3.9,4.3,6,4,1.7,1531.0,0,7.333676395657684,1.829004627509825,0,0.3466
UK,Desktop,PhD,Bronze,True,True,False,27,7.4,4.2,8,4,22.9,328.81,0,5.795480076344844,1.8128169798052736,3,0.1018
Canada,Desktop,Bachelor,Bronze,True,True,False,31,21.5,3.0,6,2,21.5,557.32,1,6.323139581245391,1.5948692441471295,0,0.3466
France,Mobile,Bachelor,Bronze,True,True,False,115,34.3,4.6,6,196,21.5,3268.74,0,8.09215986853513,1.876052317839795,0,0.3466
Germany,Desktop,Bachelor,Gold,True,True,False,55,19.8,4.7,6,1,29.8,2093.01,1,7.646358500265451,1.891255528483568,0,0.3466
France,Tablet,Master,Bronze,True,False,False,18,7.5,2.4,5,3,25.2,2666.96,0,7.888694525944307,1.4650326891622956,2,0.251
Germany,Desktop,Bachelor,Bronze,True,False,False,40,18.7,2.4,9,3,8.0,3832.73,1,8.251332621991573,1.4650326891622956,0,0.3466
Brazil,Desktop,High School,Bronze,True,True,True,37,17.0,3.4,1,3,4.4,1159.76,1,7.0559683661426424,1.672916754755899,1,0.3006
UK,Desktop,Bachelor,Silver,True,True,False,39,16.1,2.9,4,4,13.5,515.91,0,6.245932331664218,1.574366995878342,0,0.3466
UK,Desktop,Master,Silver,True,True,True,34,11.3,3.6,5,4,25.0,708.09,1,6.562571204258897,1.7097690490891824,2,0.251
Australia,Mobile,Master,Bronze,True,False,False,23,12.7,3.6,7,0,4.7,737.18,0,6.6028320957477815,1.7097690490891824,2,0.251
Canada,Desktop,Master,Platinum,True,True,True,57,5.9,3.7,5,3,23.3,1515.4,1,7.323434709497273,1.727698115361634,2,0.251
Australia,Tablet,Bachelor,Platinum,True,True,False,52,88.6,3.7,3,3,28.2,669.76,1,6.506919439257635,1.727698115361634,0,0.3466
Germany,Tablet,High School,Bronze,True,True,True,37,13.8,2.7,6,2,4.2,452.98,1,6.115847974398014,1.5320566796070851,1,0.3006
Brazil,Mobile,PhD,Gold,True,True,False,32,18.9,3.4,4,2,20.5,5708.35,0,8.649685294166083,1.672916754755899,3,0.1018
Germany,Mobile,Bachelor,Silver,True,True,True,31,10.2,3.3,7,2,6.4,2149.57,0,7.673023101119042,1.6539684852930463,0,0.3466
Germany,Mobile,Bachelor,Bronze,True,True,True,18,24.0,4.6,6,1,29.9,4094.1,1,8.317302191912178,1.876052317839795,0,0.3466
USA,Desktop,Master,Bronze,True,True,False,42,4.3,3.9,7,1,26.7,477.5,1,6.168564159920785,1.7626197870713454,2,0.251
France,Mobile,Bachelor,Silver,True,False,False,47,3.0,4.2,9,3,11.1,2027.04,1,7.614331879853743,1.8128169798052736,0,0.3466
USA,Desktop,High School,Silver,True,True,False,40,11.9,2.8,4,6,1.3,5274.27,1,8.570595560142085,1.5534355914115192,1,0.3006
UK,Desktop,Master,Bronze,True,False,False,37,63.0,3.9,5,4,1.4,943.45,1,6.849543369233723,1.7626197870713454,2,0.251
India,Mobile,Master,Gold,True,True,False,40,32.0,4.0,4,1,14.8,778.9,0,6.657882667925903,1.7796336993958102,2,0.251
USA,Mobile,Bachelor,Silver,True,True,True,28,6.4,3.7,3,3,28.7,1829.09,0,7.511573854397289,1.727698115361634,0,0.3466
USA,Tablet,Bachelor,Silver,True,True,False,32,18.4,3.5,6,0,25.4,1983.59,1,7.592663613263292,1.691512653766797,0,0.3466
USA,Desktop,High School,Bronze,True,False,True,36,7.3,4.3,6,4,14.4,992.41,1,6.900136328348901,1.829004627509825,1,0.3006
Canada,Mobile,High School,Silver,True,False,True,46,17.1,3.7,5,6,6.5,1566.41,1,7.356541655821241,1.727698115361634,1,0.3006
Germany,Desktop,Bachelor,Bronze,True,False,True,55,18.2,4.1,7,4,2.0,5574.26,0,8.625914852092185,1.7963629745483078,0,0.3466
Germany,Desktop,Bachelor,Silver,True,False,False,35,25.6,2.6,6,2,11.5,1713.45,0,7.446264160848066,1.5102107064924273,0,0.3466
India,Desktop,PhD,Gold,True,False,False,25,3.5,4.3,7,1,24.5,6098.9,1,8.715863706031525,1.829004627509825,3,0.1018
India,Desktop,Master,Gold,True,True,False,38,4.4,4.3,5,4,14.6,642.19,1,6.464884210061116,1.829004627509825,2,0.251
UK,Desktop,Master,Bronze,True,True,False,62,11.5,3.7,4,2,14.2,246.76,1,5.5084162043414375,1.727698115361634,2,0.251
Japan,Mobile,Bachelor,Silver,True,True,False,27,5.3,4.1,7,2,14.3,1388.83,0,7.236216945055268,1.7963629745483078,0,0.3466
Brazil,Mobile,High School,Platinum,True,False,True,49,5.0,3.8,7,0,6.3,3426.07,1,8.139169110665994,1.74531138386547,1,0.3006
Japan,Desktop,PhD,Silver,True,False,True,54,15.1,3.4,11,4,24.3,485.78,1,6.185755846515162,1.672916754755899,3,0.1018
USA,Mobile,Bachelor,Bronze,True,False,False,34,5.9,2.4,4,2,22.6,774.21,0,6.651843154619159,1.4650326891622956,0,0.3466
India,Mobile,High School,Silver,True,False,False,30,74.2,4.2,5,4,9.0,4932.92,1,8.503686383790257,1.8128169798052736,1,0.3006
France,Mobile,Bachelor,Bronze,True,True,False,45,8.0,4.8,6,0,5.5,3243.67,0,8.084460683796964,1.9062310586677143,0,0.3466
UK,Mobile,Master,Gold,True,False,True,42,9.8,4.1,5,3,23.7,1014.3,0,6.92195399838195,1.7963629745483078,2,0.251
Germany,Desktop,Master,Silver,True,True,True,46,15.5,3.6,5,2,29.3,1857.14,0,7.526792948925639,1.7097690490891824,2,0.251
USA,Tablet,High School,Bronze,True,True,False,63,3.6,3.5,4,3,4.2,2391.09,0,7.779504607904243,1.691512653766797,1,0.3006
USA,Mobile,Master,Bronze,True,True,False,40,18.3,4.8,7,3,4.8,1718.47,1,7.449189639052845,1.9062310586677143,2,0.251
Brazil,Desktop,High School,Bronze,True,True,False,24,16.0,3.8,6,5,17.7,4465.66,0,8.404172298736224,1.74531138386547,1,0.3006
USA,Desktop,High School,Platinum,True,False,False,39,9.2,2.7,7,2,14.5,755.44,1,6.627300360954814,1.5320566796070851,1,0.3006
Germany,Mobile,Master,Bronze,True,True,False,41,15.2,4.6,7,3,4.6,1796.48,0,7.493584473733463,1.876052317839795,2,0.251
France,Desktop,Master,Silver,True,False,True,53,17.2,2.2,7,4,18.0,2588.2,0,7.858717932387569,1.4177166459929065,2,0.251
USA,Tablet,Bachelor,Platinum,True,False,False,36,38.4,4.2,8,1,0.7,420.26,1,6.040873567365525,1.8128169798052736,0,0.3466
Canada,Desktop,Bachelor,Bronze,True,False,True,33,90.0,4.0,2,3,14.8,475.58,1,6.164535111787751,1.7796336993958102,0,0.3466
USA,Mobile,Master,Silver,True,False,False,22,5.2,4.0,6,4,3.5,1266.53,0,7.144036156488469,1.7796336993958102,2,0.251
UK,Desktop,Master,Silver,True,True,True,45,4.3,3.5,7,2,11.4,3551.3,1,8.175069012618737,1.691512653766797,2,0.251
UK,Mobile,Master,Silver,True,True,True,75,13.2,2.9,6,3,29.5,1943.9,1,7.572451543368067,1.574366995878342,2,0.251
USA,Tablet,Bachelor,Bronze,True,True,False,35,2.3,2.9,5,3,11.0,667.83,0,6.5040336501303475,1.574366995878342,0,0.3466
USA,Desktop,PhD,Bronze,True,True,True,43,20.5,4.3,1,3,10.5,1089.44,0,6.993419081734657,1.829004627509825,3,0.1018
Brazil,Mobile,PhD,Silver,True,True,False,31,13.3,4.7,6,2,13.0,4027.74,1,8.30096070359227,1.891255528483568,3,0.1018
Canada,Desktop,High School,Platinum,True,True,False,23,16.3,4.7,4,4,16.6,2148.46,0,7.672506585401525,1.891255528483568,1,0.3006
USA,Desktop,Master,Bronze,True,True,False,43,9.6,4.1,11,2,0.3,1550.52,0,7.346345637522129,1.7963629745483078,2,0.251
Japan,Desktop,Bachelor,Bronze,True,True,False,38,14.9,4.6,8,2,24.5,1068.77,0,6.974263733526168,1.876052317839795,0,0.3466
Brazil,Mobile,Bachelor,Bronze,True,True,False,18,17.8,3.4,6,2,8.9,936.68,0,6.842341708433811,1.672916754755899,0,0.3466
India,Desktop,Bachelor,Gold,True,True,True,57,14.3,3.2,5,2,25.4,869.52,1,6.767941335254932,1.6346542330120937,0,0.3466
Germany,Desktop,High School,Bronze,True,True,False,43,4.2,3.3,4,0,4.2,2758.47,0,7.922431457177545,1.6539684852930463,1,0.3006
UK,Desktop,Bachelor,Gold,True,False,False,39,14.0,2.1,13,2,12.9,801.25,1,6.68617300823488,1.393191696315046,0,0.3466
UK,Mobile,Master,Bronze,True,False,True,33,53.7,3.7,8,1,29.6,3813.59,1,8.246326281692927,1.727698115361634,2,0.251
Japan,Mobile,High School,Platinum,True,True,True,43,14.8,2.6,8,1,5.8,559.89,1,6.327740335863147,1.5102107064924273,1,0.3006
India,Desktop,Bachelor,Silver,True,True,False,43,13.6,4.0,1,1,15.4,722.32,1,6.582468253999224,1.7796336993958102,0,0.3466
USA,Desktop,PhD,Silver,True,True,False,43,42.4,3.3,3,2,9.6,20514.81,1,9.928902343317434,1.6539684852930463,3,0.1018
UK,Tablet,Bachelor,Bronze,True,True,False,51,6.7,3.7,6,5,19.4,2877.34,0,7.964621535227325,1.727698115361634,0,0.3466
Australia,Desktop,Bachelor,Gold,True,False,False,54,24.8,3.9,7,2,2.2,417.65,1,6.034643761201915,1.7626197870713454,0,0.3466
India,Tablet,Bachelor,Bronze,True,True,True,62,8.0,3.8,2,2,24.2,2386.93,1,7.777763300395632,1.74531138386547,0,0.3466
Spain,Tablet,Bachelor,Bronze,True,True,False,28,29.1,4.3,7,2,19.1,2829.86,1,7.94798251944894,1.829004627509825,0,0.3466
Brazil,Mobile,Bachelor,Bronze,True,True,False,31,23.1,3.1,3,4,26.1,2045.34,0,7.623319313826082,1.6149595811994066,0,0.3466
UK,Desktop,Master,Gold,True,False,True,42,8.8,3.4,7,2,22.8,1085.03,0,6.989362915361897,1.672916754755899,2,0.251
France,Mobile,Bachelor,Gold,True,True,True,29,9.8,4.1,5,6,4.1,622.89,1,6.434369938189992,1.7963629745483078,0,0.3466
Japan,Mobile,Master,Silver,True,False,False,31,26.6,4.5,4,2,26.1,3355.32,0,8.118302424887203,1.860614396637471,2,0.251
USA,Mobile,Bachelor,Silver,True,True,True,44,2.8,4.8,8,6,11.7,1063.73,0,6.96953687830073,1.9062310586677143,0,0.3466
France,Desktop,Bachelor,Bronze,True,True,True,49,8.6,4.7,6,2,14.7,333.8,1,5.810542011227735,1.891255528483568,0,0.3466
Japan,Desktop,Master,Gold,True,False,False,53,20.0,4.1,5,0,1.8,859.82,0,6.7567230650151835,1.7963629745483078,2,0.251
USA,Desktop,Master,Gold,True,True,True,36,9.5,4.8,6,2,6.8,345.26,0,5.844297756388403,1.9062310586677143,2,0.251
Brazil,Mobile,Bachelor,Silver,True,True,False,44,13.6,4.5,4,3,8.7,503.55,0,6.221683012094154,1.860614396637471,0,0.3466
France,Mobile,High School,Silver,True,False,True,41,2.4,3.6,7,1,24.2,2428.44,0,7.795004354871568,1.7097690490891824,1,0.3006
Canada,Desktop,High School,Platinum,True,True,True,38,6.1,3.9,8,2,14.3,1252.21,0,7.13266526922406,1.7626197870713454,1,0.3006
USA,Mobile,High School,Gold,True,False,False,28,21.0,4.7,8,4,10.9,3676.68,1,8.209765450046117,1.891255528483568,1,0.3006
UK,Desktop,High School,Silver,True,False,True,138,511.5921791568523,4.3,3,4,28.5,487.29,1,6.1888594283994145,1.829004627509825,1,0.3006
France,Mobile,Master,Bronze,True,True,True,46,4.3,3.3,6,4,7.1,342.99,1,5.837701292221988,1.6539684852930463,2,0.251
UK,Tablet,High School,Silver,True,True,True,28,28.5,4.7,7,1,14.5,1897.02,0,7.54803951284201,1.891255528483568,1,0.3006
Japan,Desktop,Master,Silver,True,True,True,18,18.4,2.3,3,5,7.8,457.87,0,6.126585301028435,1.4416544924686217,2,0.251
Brazil,Desktop,High School,Bronze,True,False,False,38,5.1,4.4,3,4,7.0,510.27,0,6.23493999739411,1.844934404062263,1,0.3006
USA,Desktop,Bachelor,Bronze,True,True,True,55,13.6,4.3,3,4,26.6,608.32,1,6.410701059300065,1.829004627509825,0,0.3466
Germany,Mobile,Bachelor,Silver,True,True,True,18,5.2,4.2,4,4,16.9,1444.13,0,7.275262343101352,1.8128169798052736,0,0.3466
Germany,Mobile,High School,Silver,True,False,True,35,10.8,4.1,8,2,0.0,337.56,1,5.8217432722897655,1.7963629745483078,1,0.3006
UK,Tablet,Master,Silver,True,True,True,46,14.0,3.3,3,1,4.4,1494.6,1,7.3096138914961895,1.6539684852930463,2,0.251
Australia,Desktop,High School,Bronze,True,False,False,18,6.4,4.1,8,3,26.4,3032.52,1,8.017149236014923,1.7963629745483078,1,0.3006
India,Tablet,Bachelor,Gold,True,False,False,35,22.1,2.8,6,2,1.9,889.89,1,6.791097859582013,1.5534355914115192,0,0.3466
Japan,Desktop,Master,Silver,True,True,True,24,575.8174285116365,2.8,8,2,26.8,80416.70372688025,0,11.294977191385414,1.5534355914115192,2,0.251
Japan,Mobile,Bachelor,Bronze,True,True,True,26,15.0,3.6,3,4,6.2,1647.05,0,7.406741087943918,1.7097690490891824,0,0.3466
Germany,Desktop,High School,Bronze,True,False,False,33,17.0,3.3,12,2,29.4,1036.28,1,6.943392656573269,1.6539684852930463,1,0.3006
Australia,Tablet,Bachelor,Gold,True,True,False,25,3.8,4.1,6,5,18.7,1279.88,0,7.154521602518857,1.7963629745483078,0,0.3466
Japan,Mobile,Master,Gold,True,False,True,24,36.2,4.0,14,4,29.4,3079.21,0,8.032428349561041,1.7796336993958102,2,0.251
Brazil,Mobile,PhD,Bronze,True,True,True,37,11.3,3.6,9,0,15.5,1684.34,1,7.4291290746606915,1.7097690490891824,3,0.1018
India,Mobile,Master,Platinum,True,False,True,65,5.8,3.6,6,3,23.5,1046.0,1,6.952728644624869,1.7097690490891824,2,0.251
UK,Desktop,Bachelor,Bronze,True,True,False,47,13.7,3.8,8,4,8.2,613.14,0,6.4185932948521724,1.74531138386547,0,0.3466
India,Desktop,PhD,Platinum,True,False,True,50,22.1,3.2,4,1,4.7,3154.83,1,8.056689890797756,1.6346542330120937,3,0.1018
USA,Tablet,High School,Bronze,True,True,True,48,18.4,2.9,10,2,3.1,515.96,0,6.2460292430969355,1.574366995878342,1,0.3006
UK,Desktop,High School,Bronze,True,True,True,30,5.1,4.4,10,2,10.0,1434.58,0,7.268627402426885,1.844934404062263,1,0.3006
UK,Desktop,Master,Silver,True,False,True,42,22.3,3.8,9,2,11.6,1456.53,0,7.283812173509715,1.74531138386547,2,0.251
Canada,Mobile,High School,Bronze,True,False,False,51,11.6,4.4,6,3,9.6,750.99,0,6.621392336096254,1.844934404062263,1,0.3006
India,Mobile,High School,Silver,True,True,True,48,18.2,4.5,8,4,28.8,205.19,1,5.323936379165656,1.860614396637471,1,0.3006
Japan,Desktop,High School,Gold,True,False,True,40,6.4,3.7,5,4,4.2,3707.17,1,8.218024061284558,1.727698115361634,1,0.3006
Brazil,Desktop,Bachelor,Gold,True,True,False,44,28.1,3.1,4,2,6.0,179.79,0,5.191789503138204,1.6149595811994066,0,0.3466
France,Desktop,Master,Silver,True,True,True,68,14.1,4.6,6,3,6.1,142.07,1,4.956319893883986,1.876052317839795,2,0.251
Canada,Desktop,Bachelor,Silver,True,True,True,48,31.5,3.3,10,1,22.0,2014.96,0,7.608354623067122,1.6539684852930463,0,0.3466
Germany,Tablet,High School,Bronze,True,True,True,34,3.6,4.5,6,6,20.0,1896.84,1,7.547944622677305,1.860614396637471,1,0.3006
UK,Tablet,Bachelor,Bronze,True,True,False,37,4.0,3.1,6,4,5.3,450.63,1,6.110646603678073,1.6149595811994066,0,0.3466
USA,Mobile,PhD,Silver,True,True,False,25,10.1,3.5,7,2,0.8,4596.32,1,8.433011262306417,1.691512653766797,3,0.1018
Brazil,Desktop,Master,Bronze,True,True,False,66,39.4,4.4,5,4,1.2,418.63,1,6.036987474906881,1.844934404062263,2,0.251
Brazil,Tablet,Bachelor,Gold,True,True,False,57,58.6,3.7,7,3,7.3,2833.94,0,7.949423248537445,1.727698115361634,0,0.3466
UK,Mobile,PhD,Silver,True,False,False,39,6.0,4.1,3,1,22.7,2658.74,1,7.885607605341412,1.7963629745483078,3,0.1018
USA,Desktop,Master,Bronze,True,True,False,64,12.7,4.6,4,0,26.9,1718.89,1,7.449434012643095,1.876052317839795,2,0.251
India,Tablet,High School,Silver,True,True,False,46,13.8,2.2,8,0,27.1,3867.88,0,8.260461832307035,1.4177166459929065,1,0.3006
USA,Mobile,High School,Bronze,True,True,True,33,21.6,2.9,5,1,13.0,491.06,0,6.196566319921427,1.574366995878342,1,0.3006
Japan,Mobile,High School,Silver,True,False,False,49,24.7,4.2,5,5,24.7,678.43,0,6.519781305198056,1.8128169798052736,1,0.3006
Canada,Mobile,Master,Gold,True,True,False,43,5.0,4.1,6,2,21.6,807.06,1,6.693398014948545,1.7963629745483078,2,0.251
Germany,Desktop,High School,Silver,True,True,False,48,12.8,4.3,9,7,2.2,3378.65,1,8.125231500408306,1.829004627509825,1,0.3006
USA,Desktop,Bachelor,Bronze,True,True,False,22,2.4,4.2,4,2,27.6,1051.78,0,6.958239245952589,1.8128169798052736,0,0.3466
Japan,Mobile,High School,Gold,True,True,True,28,23.3,3.7,6,0,16.3,662.91,0,6.496639234365123,1.727698115361634,1,0.3006
India,Desktop,PhD,Bronze,True,False,False,56,9.3,1.7,6,3,13.9,307.88,0,5.729710096666117,1.2885946228469085,3,0.1018
France,Desktop,Bachelor,Gold,True,False,True,58,4.6,4.0,4,1,17.6,228.67,0,5.432279916211003,1.7796336993958102,0,0.3466
Canada,Mobile,PhD,Silver,True,True,True,55,15.9,4.4,6,1,5.3,3916.53,1,8.272961336678378,1.844934404062263,3,0.1018
USA,Mobile,PhD,Silver,True,True,False,65,9.1,3.6,4,5,4.8,1948.6,0,7.57486644499124,1.7097690490891824,3,0.1018
Germany,Mobile,High School,Gold,True,True,False,45,33.4,4.5,4,1,13.1,4917.39,0,8.500533180923037,1.860614396637471,1,0.3006
Japan,Mobile,Bachelor,Gold,True,True,False,44,6.0,3.3,5,1,17.2,1496.0,1,7.310550158534422,1.6539684852930463,0,0.3466
India,Mobile,High School,Bronze,True,True,False,27,72.1,4.4,6,2,1.7,993.64,0,6.90137496801785,1.844934404062263,1,0.3006
USA,Mobile,PhD,Bronze,True,False,False,31,24.1,4.2,5,4,2.6,1627.6,1,7.394861816127535,1.8128169798052736,3,0.1018
India,Desktop,Bachelor,Gold,True,True,True,18,34.1,4.3,5,0,28.2,6649.14,0,8.802242801978649,1.829004627509825,0,0.3466
France,Desktop,High School,Bronze,True,False,False,34,5.3,3.2,2,1,10.7,524.13,0,6.261739745154463,1.6346542330120937,1,0.3006
UK,Desktop,High School,Silver,True,True,False,18,50.9,4.1,8,4,3.3,1414.08,1,7.254234421942375,1.7963629745483078,1,0.3006
USA,Desktop,Bachelor,Gold,True,True,False,51,4.6,4.9,7,5,4.5,410.82,0,6.018155162361026,1.920985627295474,0,0.3466
India,Desktop,PhD,Silver,True,False,True,43,10.3,4.3,4,2,11.9,212.16,0,5.357340706997498,1.829004627509825,3,0.1018
USA,Desktop,Master,Gold,True,True,False,18,34.6,4.1,5,2,25.4,1873.3,1,7.535456860467013,1.7963629745483078,2,0.251
UK,Mobile,Master,Gold,True,False,False,36,18.3,3.2,3,3,10.4,1867.85,1,7.53254331577872,1.6346542330120937,2,0.251
UK,Tablet,Bachelor,Silver,True,False,True,62,4.5,4.6,4,0,22.0,1071.71,1,6.977010782644906,1.876052317839795,0,0.3466
India,Desktop,High School,Gold,True,False,False,36,30.2,3.6,8,2,8.7,817.7,1,6.706495521167931,1.7097690490891824,1,0.3006
Japan,Mobile,PhD,Silver,True,True,False,26,16.0,3.9,9,3,13.4,2787.72,0,7.932979336420874,1.7626197870713454,3,0.1018
Brazil,Mobile,High School,Silver,True,False,False,18,8.7,4.0,5,0,7.4,885.72,0,6.786400873569962,1.7796336993958102,1,0.3006
UK,Desktop,PhD,Silver,True,True,True,18,3.5,3.9,8,2,22.0,1747.03,1,7.4656724822819776,1.7626197870713454,3,0.1018
Japan,Tablet,Bachelor,Gold,True,True,False,44,17.2,4.0,7,1,23.6,5737.62,0,8.654799769182764,1.7796336993958102,0,0.3466
France,Mobile,High School,Gold,True,False,False,33,10.7,4.6,4,4,13.8,2069.6,0,7.63511063087182,1.876052317839795,1,0.3006
India,Desktop,Master,Bronze,True,True,True,34,13.8,3.7,7,4,21.5,2813.32,1,7.942120559574169,1.727698115361634,2,0.251
Australia,Mobile,PhD,Bronze,True,True,False,33,3.4,4.4,5,1,9.6,1478.43,0,7.298735992889328,1.844934404062263,3,0.1018
USA,Desktop,PhD,Platinum,True,True,True,36,8.7,3.2,3,2,13.8,227.05,0,5.42517025754396,1.6346542330120937,3,0.1018
Japan,Mobile,High School,Silver,True,False,False,23,17.9,4.2,3,2,26.3,2602.24,1,7.864127891559872,1.8128169798052736,1,0.3006
USA,Desktop,High School,Bronze,True,False,False,42,54.7,4.0,5,2,1.4,1926.7,1,7.563563973886715,1.7796336993958102,1,0.3006
France,Mobile,Bachelor,Silver,True,True,True,21,10.3,4.0,7,3,13.7,1128.83,1,7.028936977081264,1.7796336993958102,0,0.3466
UK,Desktop,Bachelor,Platinum,True,True,True,29,38.7,3.9,3,5,1.7,513.53,0,6.241308450252148,1.7626197870713454,0,0.3466
UK,Mobile,Master,Gold,True,True,False,50,22.9,4.8,8,0,13.0,3021.55,1,8.013525223736846,1.9062310586677143,2,0.251
UK,Desktop,High School,Gold,True,True,True,43,14.7,2.8,4,3,15.6,1210.88,1,7.099102646983404,1.5534355914115192,1,0.3006
Japan,Mobile,PhD,Bronze,True,True,True,46,5.4,4.0,9,0,22.7,865.54,1,6.763353589608416,1.7796336993958102,3,0.1018
UK,Mobile,Bachelor,Gold,True,False,False,64,5.6,4.5,5,3,9.2,1102.14,1,7.005009023386028,1.860614396637471,0,0.3466
Brazil,Mobile,Master,Silver,True,True,True,37,20.0,2.9,4,3,23.5,400.82,1,5.993512448725283,1.574366995878342,2,0.251
Germany,Mobile,Bachelor,Gold,True,True,False,38,8.0,2.3,6,1,1.7,1641.92,1,7.4036215677536,1.4416544924686217,0,0.3466
USA,Mobile,Bachelor,Bronze,True,True,False,35,7.4,2.6,4,3,6.9,758.85,0,6.631804129406055,1.5102107064924273,0,0.3466
Brazil,Tablet,PhD,Bronze,True,False,False,33,10.5,4.5,6,0,18.1,1310.68,0,7.178301365487183,1.860614396637471,3,0.1018
UK,Mobile,Bachelor,Silver,True,True,True,26,10.7,4.6,5,1,0.2,471.22,0,6.155325076258353,1.876052317839795,0,0.3466
Germany,Mobile,Master,Bronze,True,True,False,39,25.0,4.4,9,1,19.2,5340.03,1,8.582986549915988,1.844934404062263,2,0.251
Japan,Mobile,PhD,Gold,True,True,True,42,8.1,3.8,5,0,21.6,1461.01,0,7.286883256354243,1.74531138386547,3,0.1018
UK,Desktop,Master,Platinum,True,True,False,43,23.1,3.1,7,3,25.3,958.56,1,6.865432158335615,1.6149595811994066,2,0.251
USA,Desktop,Bachelor,Silver,True,True,False,39,17.3,4.3,2,0,22.9,287.91,0,5.662647931297646,1.829004627509825,0,0.3466
UK,Desktop,High School,Gold,True,True,True,49,3.2,4.3,3,4,28.0,1384.28,0,7.232935427854002,1.829004627509825,1,0.3006
Canada,Mobile,High School,Silver,True,False,True,38,15.4,4.8,5,0,15.9,940.06,0,6.84594370301425,1.9062310586677143,1,0.3006
Japan,Desktop,High School,Gold,True,False,False,33,1.4,4.4,11,4,22.3,5894.98,0,8.681856420260033,1.844934404062263,1,0.3006
Japan,Mobile,High School,Gold,True,True,False,27,6.0,3.0,12,2,24.3,792.27,0,6.6749022428090345,1.5948692441471295,1,0.3006
Japan,Mobile,High School,Gold,True,True,True,19,17.6,3.9,7,2,19.0,1748.27,0,7.4663820065299795,1.7626197870713454,1,0.3006
USA,Desktop,Bachelor,Silver,True,True,False,56,12.1,4.1,6,3,27.9,681.25,1,6.523929345977454,1.7963629745483078,0,0.3466
Germany,Mobile,Bachelor,Silver,True,True,True,30,3.0,3.1,6,3,14.2,678.03,1,6.519191534749102,1.6149595811994066,0,0.3466
Brazil,Desktop,Bachelor,Gold,True,True,True,27,5.0,4.6,3,2,6.8,3934.07,0,8.277429792385007,1.876052317839795,0,0.3466
USA,Desktop,High School,Bronze,True,False,True,33,1.5,4.3,8,0,7.9,797.73,0,6.681770194333271,1.829004627509825,1,0.3006
UK,Mobile,High School,Gold,True,True,True,35,4.2,4.6,7,7,10.8,680.12,0,6.522269253189285,1.876052317839795,1,0.3006
UK,Desktop,Master,Platinum,True,True,True,58,19.4,2.7,4,2,22.1,1205.71,1,7.0948238840260025,1.5320566796070851,2,0.251
Germany,Desktop,Bachelor,Silver,True,True,False,34,7.8,4.4,6,2,16.7,345.73,1,5.845658123607847,1.844934404062263,0,0.3466
Spain,Tablet,Bachelor,Gold,True,True,False,70,14.0,4.4,5,0,28.0,672.7,1,6.51129946503156,1.844934404062263,0,0.3466
USA,Desktop,Bachelor,Gold,True,True,False,39,12.3,4.0,9,1,27.0,3545.86,0,8.173536004749282,1.7796336993958102,0,0.3466
Germany,Tablet,Master,Silver,True,True,False,63,12.5,4.9,4,2,13.7,896.86,1,6.79889977406945,1.920985627295474,2,0.251
USA,Tablet,Bachelor,Silver,True,False,True,49,27.6,3.3,10,2,11.9,3845.93,1,8.25477072525506,1.6539684852930463,0,0.3466
Canada,Desktop,Bachelor,Gold,True,True,False,42,10.4,3.8,2,1,29.1,1524.13,1,7.329179034445867,1.74531138386547,0,0.3466
USA,Desktop,PhD,Silver,True,True,True,57,25.2,2.6,7,4,14.4,5155.23,1,8.547767012332576,1.5102107064924273,3,0.1018
Germany,Mobile,Master,Bronze,True,True,True,51,1.7,4.6,7,2,29.7,1126.13,1,7.026542254966188,1.876052317839795,2,0.251
Brazil,Mobile,Bachelor,Gold,True,True,True,46,29.6,3.4,4,2,7.1,5370.84,1,8.588739599850866,1.672916754755899,0,0.3466
Japan,Desktop,Bachelor,Silver,True,False,False,66,4.3,4.4,7,1,26.7,654.14,1,6.483321395826356,1.844934404062263,0,0.3466
Germany,Mobile,High School,Gold,True,False,True,32,5.2,3.2,8,4,8.1,6550.17,1,8.787246282490967,1.6346542330120937,1,0.3006
UK,Desktop,Bachelor,Bronze,True,False,False,26,6.9,4.1,6,3,19.3,1823.02,0,7.508249745545526,1.7963629745483078,0,0.3466
UK,Tablet,PhD,Bronze,True,False,True,30,29.0,4.2,3,2,30.0,533.91,1,6.280227285430004,1.8128169798052736,3,0.1018
UK,Desktop,Bachelor,Platinum,True,True,False,59,6.0,4.5,3,1,17.2,132.47,1,4.88635620469617,1.860614396637471,0,0.3466
USA,Desktop,PhD,Bronze,True,False,True,55,7.2,3.6,6,3,24.8,1024.84,0,6.932291781827041,1.7097690490891824,3,0.1018
Germany,Desktop,Bachelor,Gold,True,True,False,32,5.6,4.3,9,2,7.5,656.74,0,6.487288201955625,1.829004627509825,0,0.3466
UK,Tablet,PhD,Gold,True,False,False,18,14.9,4.3,7,1,16.9,5227.4,1,8.561669301516755,1.829004627509825,3,0.1018
UK,Mobile,Bachelor,Gold,True,True,False,36,22.1,4.0,6,2,14.0,2228.3,1,7.708994241892922,1.7796336993958102,0,0.3466
Japan,Mobile,High School,Bronze,True,True,True,26,47.6,4.8,6,1,11.2,783.67,1,6.663988013372059,1.9062310586677143,1,0.3006
Canada,Desktop,Bachelor,Silver,True,False,True,32,83.1,3.3,3,2,1.8,1087.11,1,6.991278077953407,1.6539684852930463,0,0.3466
France,Desktop,High School,Gold,True,True,False,25,20.5,4.6,8,2,22.3,1432.65,0,7.267281155148856,1.876052317839795,1,0.3006
USA,Desktop,High School,Silver,True,True,False,19,16.3,4.0,2,5,29.3,3872.47,0,8.261647825327511,1.7796336993958102,1,0.3006
USA,Mobile,Master,Silver,True,False,False,61,4.6,4.2,5,2,18.7,1495.62,1,7.310296115573054,1.8128169798052736,2,0.251
Canada,Mobile,High School,Silver,True,True,False,30,56.1,4.3,4,4,2.3,1206.82,1,7.095744079901971,1.829004627509825,1,0.3006
UK,Mobile,Master,Bronze,True,False,False,55,14.5,4.4,5,3,20.0,983.59,1,6.891209143555911,1.844934404062263,2,0.251
USA,Desktop,High School,Gold,True,False,False,35,9.7,3.7,9,2,30.0,2811.79,1,7.941576570198769,1.727698115361634,1,0.3006
France,Tablet,High School,Gold,True,True,True,24,16.6,3.1,5,2,22.5,1049.42,1,6.955992909580625,1.6149595811994066,1,0.3006
Japan,Desktop,PhD,Platinum,True,False,False,44,7.3,2.9,9,3,12.7,2925.05,1,7.98106685353695,1.574366995878342,3,0.1018
Japan,Tablet,Bachelor,Silver,True,True,True,33,1.9,4.5,6,4,29.4,946.35,1,6.852612479484928,1.860614396637471,0,0.3466
UK,Desktop,Bachelor,Gold,True,False,False,36,19.2,3.7,3,4,27.3,784.4,0,6.664919094322191,1.727698115361634,0,0.3466
USA,Mobile,Bachelor,Bronze,True,False,True,40,35.7,4.6,8,1,23.3,2170.37,0,7.682652938912296,1.876052317839795,0,0.3466
Canada,Desktop,Bachelor,Silver,True,True,True,28,19.0,4.6,5,2,27.9,638.63,0,6.45932525694112,1.876052317839795,0,0.3466
UK,Desktop,PhD,Silver,True,True,False,19,12.1,3.9,2,7,23.2,1148.99,1,7.046638574590691,1.7626197870713454,3,0.1018
Japan,Mobile,Master,Platinum,True,True,False,37,12.3,4.5,6,0,29.3,3883.81,1,8.264571909574084,1.860614396637471,2,0.251
Japan,Desktop,Bachelor,Gold,True,False,False,50,14.0,4.5,7,3,22.8,1690.26,1,7.432637642237859,1.860614396637471,0,0.3466
France,Desktop,Master,Platinum,True,True,False,27,13.6,4.5,3,1,4.4,5296.38,0,8.574778847308634,1.860614396637471,2,0.251
UK,Mobile,High School,Gold,True,True,False,40,11.6,3.9,2,8,3.0,687.68,0,6.5333236134541455,1.7626197870713454,1,0.3006
UK,Mobile,Bachelor,Gold,True,True,False,56,12.4,3.6,8,3,7.4,1960.26,1,7.580832396488148,1.7097690490891824,0,0.3466
France,Mobile,PhD,Bronze,True,True,False,37,42.3,2.4,12,2,4.1,6566.06,0,8.789669236003338,1.4650326891622956,3,0.1018
India,Desktop,Bachelor,Gold,True,True,False,39,17.8,4.7,9,1,16.9,1480.01,1,7.29980412349209,1.891255528483568,0,0.3466
Canada,Mobile,Master,Silver,True,False,False,39,13.3,4.0,6,4,19.8,1923.71,0,7.56201089221437,1.7796336993958102,2,0.251
USA,Mobile,Master,Bronze,True,False,False,30,20.6,4.4,7,1,3.7,3644.43,1,8.200955253613527,1.844934404062263,2,0.251
USA,Desktop,Master,Bronze,True,False,False,26,20.6,4.4,9,1,0.2,3193.83,0,8.068976102561974,1.844934404062263,2,0.251
Canada,Mobile,PhD,Silver,True,True,True,26,26.0,2.8,2,1,20.9,4916.74,0,8.500400988242863,1.5534355914115192,3,0.1018
Brazil,Desktop,High School,Bronze,True,False,True,42,6.6,3.3,8,5,1.5,488.48,0,6.191298528986568,1.6539684852930463,1,0.3006
Australia,Desktop,High School,Silver,True,True,True,47,8.3,3.6,6,3,21.6,1397.04,1,7.24211099163159,1.7097690490891824,1,0.3006
USA,Desktop,Bachelor,Silver,True,False,False,48,6.4,4.5,3,3,2.1,1802.22,1,7.496774517286801,1.860614396637471,0,0.3466
France,Desktop,Master,Platinum,True,True,False,33,22.5,2.0,4,1,28.9,1205.52,0,7.094666288109899,1.3680501190364096,2,0.251
Japan,Mobile,High School,Gold,True,False,False,51,21.6,3.0,5,0,7.5,459.31,1,6.129725363356873,1.5948692441471295,1,0.3006
Japan,Mobile,High School,Silver,True,True,False,42,4.4,4.8,8,4,2.0,722.72,1,6.583021871906294,1.9062310586677143,1,0.3006
Germany,Tablet,Bachelor,Bronze,True,False,True,39,16.7,2.8,8,2,18.7,95.95,1,4.563827222453709,1.5534355914115192,0,0.3466
USA,Mobile,PhD,Bronze,True,True,False,18,36.5,3.6,6,2,21.7,1785.53,1,7.487470568909592,1.7097690490891824,3,0.1018
France,Desktop,Master,Bronze,True,True,True,28,10.1,3.1,6,2,27.7,215.67,0,5.3737494616638894,1.6149595811994066,2,0.251
UK,Tablet,Bachelor,Bronze,True,True,True,20,15.7,2.6,8,3,24.8,578.93,0,6.361181572164058,1.5102107064924273,0,0.3466
Germany,Tablet,High School,Platinum,True,False,True,46,21.9,3.6,5,3,8.4,3160.6,1,8.058517161975004,1.7097690490891824,1,0.3006
Canada,Desktop,Bachelor,Silver,True,False,False,39,4.2,3.1,5,9,6.0,829.04,0,6.720268404875962,1.6149595811994066,0,0.3466
UK,Mobile,High School,Bronze,True,True,False,25,13.8,4.0,7,4,9.2,1374.02,0,7.225496028717114,1.7796336993958102,1,0.3006
India,Tablet,High School,Bronze,True,False,False,42,33.7,3.0,9,2,7.2,6746.46,0,8.816773201853042,1.5948692441471295,1,0.3006
USA,Mobile,PhD,Silver,True,False,False,21,7.6,3.5,5,4,21.6,1159.51,0,7.055752781065468,1.691512653766797,3,0.1018
Japan,Tablet,PhD,Silver,True,True,True,25,23.7,3.6,8,3,21.0,1955.74,0,7.578523917424162,1.7097690490891824,3,0.1018
Canada,Desktop,High School,Bronze,True,False,False,29,12.5,3.7,10,2,16.8,2293.08,1,7.73765117104128,1.727698115361634,1,0.3006
USA,Desktop,High School,Platinum,True,False,False,44,7.1,4.3,6,2,2.1,735.0,1,6.5998704992128365,1.829004627509825,1,0.3006
USA,Desktop,Bachelor,Bronze,True,True,False,55,11.3,4.4,15,0,28.6,324.53,1,5.782377981793872,1.844934404062263,0,0.3466
Germany,Mobile,Bachelor,Bronze,True,True,False,31,8.0,4.6,5,3,10.5,2258.27,0,7.722354312406101,1.876052317839795,0,0.3466
USA,Mobile,High School,Bronze,True,False,False,54,6.0,2.9,7,2,24.4,1721.69,1,7.451061645552746,1.574366995878342,1,0.3006
Brazil,Tablet,Bachelor,Silver,True,True,False,39,9.9,4.1,8,1,23.9,721.83,0,6.581789654104748,1.7963629745483078,0,0.3466
Australia,Desktop,High School,Bronze,True,True,True,41,12.9,3.4,7,5,8.9,448.56,0,6.1060424518154175,1.672916754755899,1,0.3006
Germany,Desktop,Master,Bronze,True,True,True,37,10.7,2.7,6,4,7.4,2603.28,0,7.864527467400072,1.5320566796070851,2,0.251
UK,Mobile,Master,Bronze,True,False,False,36,9.9,3.8,9,1,16.1,1399.94,0,7.2441846575421,1.74531138386547,2,0.251
Germany,Mobile,Bachelor,Silver,True,True,False,43,14.6,4.4,3,1,10.7,808.44,0,6.695106464760569,1.844934404062263,0,0.3466
Brazil,Desktop,Bachelor,Bronze,True,True,False,47,18.6,3.3,4,2,27.6,2620.53,0,7.8711318663736,1.6539684852930463,0,0.3466
USA,Mobile,PhD,Bronze,True,True,True,27,4.9,4.4,6,3,27.4,742.34,1,6.609807359240445,1.844934404062263,3,0.1018
France,Mobile,PhD,Silver,True,False,False,36,10.0,3.7,11,1,23.2,186.47,1,5.228270368236002,1.727698115361634,3,0.1018
France,Mobile,High School,Bronze,True,False,True,58,2.5,4.5,7,1,0.6,594.55,0,6.3878048168835875,1.860614396637471,1,0.3006
Japan,Mobile,High School,Silver,True,True,False,40,10.7,4.6,3,3,25.4,620.78,1,6.4309767518552015,1.876052317839795,1,0.3006
USA,Desktop,Bachelor,Bronze,True,False,False,41,13.7,2.9,5,7,19.7,655.21,0,6.484955794937651,1.574366995878342,0,0.3466
Japan,Tablet,High School,Bronze,True,True,False,52,19.2,3.6,9,1,15.7,651.85,1,6.479814474108788,1.7097690490891824,1,0.3006
USA,Mobile,Bachelor,Silver,True,True,True,32,13.8,4.3,1,1,11.7,144.48,0,4.973141089668675,1.829004627509825,0,0.3466
USA,Desktop,Bachelor,Bronze,True,True,False,38,18.9,3.0,7,2,18.5,2156.38,0,7.676186168817382,1.5948692441471295,0,0.3466
India,Desktop,Bachelor,Bronze,True,True,False,48,12.8,4.7,7,1,7.7,516.05,0,6.246203660011942,1.891255528483568,0,0.3466
Brazil,Mobile,Bachelor,Silver,True,False,False,53,7.1,4.2,8,3,17.3,174.35,1,5.161064773121661,1.8128169798052736,0,0.3466
USA,Desktop,Bachelor,Platinum,True,True,False,18,5.0,4.3,6,3,19.5,2119.35,1,7.658864716879926,1.829004627509825,0,0.3466
USA,Desktop,PhD,Gold,True,True,False,29,9.9,4.5,4,0,20.3,128.06,1,4.852498904090656,1.860614396637471,3,0.1018
USA,Mobile,High School,Gold,True,True,True,26,6.6,2.9,5,1,12.6,685.8,1,6.53058604002882,1.574366995878342,1,0.3006
UK,Desktop,Master,Gold,True,True,True,37,11.1,3.5,6,6,2.1,5131.33,1,8.5431201638222,1.691512653766797,2,0.251
USA,Mobile,High School,Platinum,True,True,True,27,8.2,3.7,11,1,12.5,266.7,1,5.586124431187969,1.727698115361634,1,0.3006
USA,Desktop,High School,Gold,True,True,False,46,17.0,4.3,7,2,27.0,3581.07,1,8.183416917419779,1.829004627509825,1,0.3006
Germany,Mobile,Bachelor,Silver,True,False,False,40,12.7,4.4,3,2,16.1,734.98,0,6.59984328795826,1.844934404062263,0,0.3466
Brazil,Desktop,High School,Bronze,True,True,False,49,17.4,3.7,10,5,1.2,1187.02,1,7.079201243667385,1.727698115361634,1,0.3006
France,Desktop,High School,Bronze,True,True,False,49,17.4,3.4,5,0,11.2,2251.44,1,7.719325290485806,1.672916754755899,1,0.3006
Japan,Desktop,High School,Silver,True,False,True,46,10.6,4.9,3,1,18.5,385.75,1,5.95518949124327,1.920985627295474,1,0.3006
USA,Tablet,Bachelor,Platinum,True,True,False,34,11.1,4.3,7,2,8.4,459.76,1,6.130704614199486,1.829004627509825,0,0.3466
Canada,Tablet,Master,Silver,True,False,True,39,18.2,3.2,6,2,5.6,413.2,0,6.0239317372454835,1.6346542330120937,2,0.251
India,Desktop,High School,Gold,True,True,True,32,86.2,4.0,10,3,17.3,662.99,0,6.496759907115854,1.7796336993958102,1,0.3006
India,Mobile,Master,Silver,True,False,False,22,5.5,3.3,7,1,18.2,861.06,1,6.758164188410896,1.6539684852930463,2,0.251
India,Mobile,High School,Silver,True,False,True,49,12.6,4.6,6,2,13.8,209.24,0,5.343481918502411,1.876052317839795,1,0.3006
Australia,Tablet,Bachelor,Silver,True,True,False,37,4.7,4.4,8,4,2.8,1290.8,0,7.163017460177807,1.844934404062263,0,0.3466
France,Desktop,Bachelor,Silver,True,True,False,20,12.0,4.0,5,0,22.2,2093.5,1,7.646592585459198,1.7796336993958102,0,0.3466
USA,Mobile,Master,Bronze,True,True,False,44,7.1,4.9,5,3,22.7,450.45,0,6.110247083097449,1.920985627295474,2,0.251
France,Desktop,PhD,Gold,True,False,True,35,11.1,2.9,1,4,11.7,479.52,0,6.172785603568353,1.574366995878342,3,0.1018
Brazil,Desktop,PhD,Gold,True,True,False,18,13.8,3.1,6,0,0.3,870.37,0,6.7689184085959155,1.6149595811994066,3,0.1018
Brazil,Tablet,High School,Gold,True,False,True,22,8.2,3.9,4,2,19.1,1436.87,0,7.270222415737577,1.7626197870713454,1,0.3006
France,Mobile,Master,Bronze,True,False,True,30,2.9,4.1,4,0,29.3,802.24,0,6.687407814969928,1.7963629745483078,2,0.251
USA,Desktop,High School,Gold,True,False,True,41,38.1,3.4,3,3,14.6,6385.27,0,8.761749054181827,1.672916754755899,1,0.3006
UK,Desktop,PhD,Bronze,True,False,True,47,23.8,3.5,10,4,20.6,2161.34,1,7.678483678698431,1.691512653766797,3,0.1018
Australia,Mobile,High School,Bronze,True,True,False,47,11.0,1.8,8,1,15.8,1110.17,0,7.0122684357327865,1.3157873187768427,1,0.3006
France,Mobile,Bachelor,Gold,True,True,True,45,6.0,4.3,3,1,7.1,543.2,0,6.297477576244487,1.829004627509825,0,0.3466
France,Desktop,High School,Bronze,True,False,False,38,13.0,4.2,6,2,10.2,771.42,0,6.648232972324212,1.8128169798052736,1,0.3006
UK,Tablet,High School,Bronze,True,True,False,59,16.3,4.3,10,1,28.8,839.4,1,6.73268735089949,1.829004627509825,1,0.3006
UK,Desktop,Master,Bronze,True,False,False,46,22.6,3.6,9,5,17.9,10115.55,0,9.221829122814649,1.7097690490891824,2,0.251
Australia,Desktop,PhD,Gold,True,True,False,41,24.3,4.4,8,1,5.6,915.61,0,6.819590509818682,1.844934404062263,3,0.1018
Japan,Tablet,Bachelor,Bronze,True,True,True,45,28.2,3.3,6,1,1.5,3548.9,1,8.174392975298264,1.6539684852930463,0,0.3466
Brazil,Desktop,Master,Silver,True,False,False,33,3.0,4.1,7,2,1.6,432.59,1,6.069790397209245,1.7963629745483078,2,0.251
Germany,Desktop,Master,Silver,True,True,False,37,9.5,2.9,4,2,15.0,1646.05,1,7.40613375744637,1.574366995878342,2,0.251
Japan,Mobile,High School,Gold,True,False,False,18,27.0,3.2,11,4,3.2,3129.39,1,8.048593376362117,1.6346542330120937,1,0.3006
USA,Mobile,High School,Gold,True,True,False,33,5.8,4.6,13,3,25.0,1798.44,0,7.494674901444905,1.876052317839795,1,0.3006
Japan,Desktop,High School,Silver,True,False,False,59,32.3,4.2,7,4,10.3,1522.64,0,7.328200949379529,1.8128169798052736,1,0.3006
Germany,Tablet,Bachelor,Bronze,True,True,False,40,51.8,3.1,4,3,11.5,1063.84,1,6.969640282654145,1.6149595811994066,0,0.3466
Germany,Mobile,High School,Bronze,True,True,True,39,31.6,3.7,7,2,10.3,1156.89,0,7.053490649208048,1.727698115361634,1,0.3006
Japan,Desktop,High School,Silver,True,False,False,50,20.7,3.9,7,2,16.1,852.06,1,6.747656946884977,1.7626197870713454,1,0.3006
Australia,Mobile,High School,Gold,True,False,False,42,8.5,4.0,7,4,29.9,473.93,0,6.161059631464517,1.7796336993958102,1,0.3006
USA,Desktop,High School,Bronze,True,True,False,29,15.3,4.2,7,1,26.9,1625.23,0,7.3934046232097534,1.8128169798052736,1,0.3006
India,Desktop,PhD,Bronze,True,False,False,38,4.2,3.7,4,2,7.0,1463.58,0,7.28864076811591,1.727698115361634,3,0.1018
UK,Mobile,High School,Gold,True,False,True,24,6.5,4.4,4,1,26.9,1656.65,0,7.4125527700097855,1.844934404062263,1,0.3006
Germany,Tablet,Bachelor,Silver,True,True,False,40,6.9,4.6,5,3,17.5,321.14,1,5.771877165121539,1.876052317839795,0,0.3466
USA,Desktop,Bachelor,Gold,True,True,False,28,12.8,4.4,6,4,21.9,751.51,0,6.6220845158243895,1.844934404062263,0,0.3466
UK,Desktop,Bachelor,Gold,True,False,False,49,8.9,3.3,3,2,15.6,982.98,0,6.890588774060227,1.6539684852930463,0,0.3466
Germany,Mobile,High School,Gold,True,False,True,32,15.0,4.0,9,3,19.8,1454.3,1,7.282279964183664,1.7796336993958102,1,0.3006
USA,Desktop,Bachelor,Silver,True,True,False,28,24.6,4.2,7,2,11.8,268.26,0,5.5919566594739445,1.8128169798052736,0,0.3466
Germany,Desktop,High School,Silver,True,False,False,37,6.9,3.0,5,3,8.5,176.27,1,5.1720169104318625,1.5948692441471295,1,0.3006
Australia,Desktop,Bachelor,Platinum,True,True,False,42,13.7,3.2,7,4,15.1,2986.66,1,8.001910985155519,1.6346542330120937,0,0.3466
USA,Mobile,High School,Silver,True,True,True,24,8.7,3.8,3,2,14.3,751.57,0,6.622164351894368,1.74531138386547,1,0.3006
Brazil,Desktop,Bachelor,Bronze,True,True,True,32,14.2,4.8,7,3,11.9,3035.14,0,8.018012830930536,1.9062310586677143,0,0.3466
Germany,Desktop,Master,Bronze,True,False,False,39,21.1,3.8,9,3,23.7,1267.66,0,7.144927960240274,1.74531138386547,2,0.251
Japan,Mobile,Bachelor,Silver,True,False,True,54,25.5,3.2,2,2,21.5,1909.52,0,7.554607180556778,1.6346542330120937,0,0.3466
UK,Mobile,Bachelor,Platinum,True,False,False,18,20.8,4.1,8,0,8.6,1237.79,0,7.121082810423055,1.7963629745483078,0,0.3466
USA,Mobile,Bachelor,Bronze,True,True,False,145,17.0,3.4,13,125,5.9,1360.5,1,7.215607558223301,1.672916754755899,0,0.3466
USA,Desktop,Master,Bronze,True,True,False,33,3.9,4.1,3,1,0.1,2696.75,0,7.899802623255538,1.7963629745483078,2,0.251
USA,Mobile,High School,Gold,True,False,True,32,5.1,3.7,6,2,29.4,445.97,1,6.10025168518371,1.727698115361634,1,0.3006
USA,Desktop,Master,Platinum,True,True,False,30,6.3,4.6,7,1,10.6,402.61,0,5.997968351446648,1.876052317839795,2,0.251
Japan,Desktop,Master,Bronze,True,True,True,146,16.2,-0.8278279072916901,6,3,18.4,1075.26,0,6.980317771783352,0.09517998867946227,2,0.251
Australia,Mobile,Bachelor,Bronze,True,False,False,45,4.3,2.9,5,3,22.4,244.23,1,5.498110404253996,1.574366995878342,0,0.3466
India,Desktop,High School,Silver,True,False,True,32,16.0,3.7,7,4,6.2,227.16,1,5.425654615009232,1.727698115361634,1,0.3006
Japan,Desktop,Bachelor,Bronze,True,False,False,58,15.1,2.8,6,3,20.0,442.83,1,6.093185949217015,1.5534355914115192,0,0.3466
USA,Desktop,High School,Gold,True,True,False,45,2.6,3.6,6,2,3.4,2651.87,0,7.88302033049641,1.7097690490891824,1,0.3006
UK,Desktop,High School,Bronze,True,True,False,40,5.1,3.6,6,1,2.9,1396.96,1,7.2420537260624975,1.7097690490891824,1,0.3006
UK,Desktop,High School,Bronze,True,True,False,36,28.1,3.4,3,5,9.1,8117.41,0,9.001766416758162,1.672916754755899,1,0.3006
USA,Tablet,High School,Bronze,True,False,False,52,21.3,3.2,3,7,9.6,1775.36,1,7.481758498246357,1.6346542330120937,1,0.3006
Germany,Desktop,Bachelor,Bronze,True,False,False,54,6.2,4.5,2,4,5.4,3385.06,0,8.127126910447778,1.860614396637471,0,0.3466
France,Desktop,Master,Bronze,True,True,True,24,5.3,4.1,5,0,14.0,892.68,0,6.79422817399125,1.7963629745483078,2,0.251
UK,Desktop,High School,Bronze,True,True,False,30,1.7,3.9,6,3,18.5,828.17,1,6.719218447320885,1.7626197870713454,1,0.3006
UK,Tablet,PhD,Gold,True,True,False,46,39.5,3.8,9,4,27.8,6458.69,1,8.773181789835,1.74531138386547,3,0.1018
India,Mobile,PhD,Bronze,True,True,False,49,12.6,4.5,5,1,21.1,817.83,1,6.706654491043475,1.860614396637471,3,0.1018
Brazil,Desktop,PhD,Platinum,True,True,False,34,55.0,4.4,5,6,15.7,1932.82,1,7.566735355369078,1.844934404062263,3,0.1018
UK,Tablet,Master,Bronze,True,False,False,29,10.5,3.2,8,0,16.2,4373.9,1,8.383410338606824,1.6346542330120937,2,0.251
Australia,Desktop,Bachelor,Silver,True,True,True,39,15.3,4.2,7,9,17.2,1439.53,1,7.272071950404711,1.8128169798052736,0,0.3466
Canada,Desktop,High School,Bronze,True,True,False,56,24.9,4.0,5,2,8.6,3229.38,1,8.080045447327457,1.7796336993958102,1,0.3006
UK,Desktop,Bachelor,Bronze,True,False,True,38,45.2,3.2,9,0,22.3,170.55,0,5.139028508864655,1.6346542330120937,0,0.3466
UK,Desktop,Bachelor,Silver,True,True,False,23,18.2,2.7,5,4,19.6,431.33,0,6.0668734583876045,1.5320566796070851,0,0.3466
Germany,Desktop,Master,Silver,True,False,True,39,12.2,4.8,9,4,14.7,2383.68,0,7.776400790987911,1.9062310586677143,2,0.251
Canada,Mobile,PhD,Gold,True,True,False,47,12.5,4.3,2,4,6.4,772.48,1,6.649606118469112,1.829004627509825,3,0.1018
India,Desktop,Bachelor,Gold,True,True,False,37,5.3,4.0,7,0,25.5,1420.76,1,7.258947218688445,1.7796336993958102,0,0.3466
USA,Mobile,Bachelor,Silver,True,True,False,53,9.0,3.3,3,2,5.9,897.62,1,6.799746816160129,1.6539684852930463,0,0.3466
UK,Desktop,High School,Silver,True,True,True,48,12.7,4.3,4,3,5.9,575.94,0,6.356003488603501,1.829004627509825,1,0.3006
France,Desktop,High School,Gold,True,True,True,37,36.8,4.6,7,2,4.4,244.09,1,5.4975370097428735,1.876052317839795,1,0.3006
Germany,Desktop,Bachelor,Silver,True,True,False,39,8.6,5.0,7,1,29.9,1545.45,0,7.3430704090591865,1.9355256601749082,0,0.3466
USA,Tablet,Bachelor,Platinum,True,False,False,18,28.5,3.7,2,2,7.3,671.37,0,6.509320400795173,1.727698115361634,0,0.3466
India,Desktop,Master,Gold,True,True,True,53,11.4,3.5,8,1,25.5,3424.53,0,8.138719515002567,1.691512653766797,2,0.251
Japan,Mobile,Bachelor,Bronze,True,False,False,34,32.9,4.6,8,3,1.0,2466.29,0,7.810470276161204,1.876052317839795,0,0.3466
India,Desktop,PhD,Bronze,True,True,False,33,20.9,3.9,8,3,21.2,792.89,1,6.675684498267936,1.7626197870713454,3,0.1018
India,Desktop,Bachelor,Silver,True,False,True,31,19.8,4.2,7,2,0.9,1539.9,1,7.3394727582343675,1.8128169798052736,0,0.3466
Brazil,Desktop,Master,Gold,True,False,True,43,26.7,3.5,5,4,18.7,918.25,1,6.822469684699777,1.691512653766797,2,0.251
Germany,Desktop,High School,Silver,True,False,True,24,23.7,2.9,5,4,8.0,623.69,1,6.435653450054175,1.574366995878342,1,0.3006
France,Desktop,Master,Gold,True,True,True,26,28.5,4.0,5,4,2.1,1331.68,0,7.194196581997785,1.7796336993958102,2,0.251
USA,Desktop,Master,Bronze,True,False,False,37,67.0,3.4,6,6,8.2,1810.0,0,7.501082124259871,1.672916754755899,2,0.251
Japan,Mobile,High School,Bronze,True,False,False,30,44.4,3.0,8,3,3.7,2148.17,1,7.672371595886282,1.5948692441471295,1,0.3006
USA,Desktop,High School,Bronze,True,False,True,42,17.7,3.0,4,6,6.6,453.34,0,6.116642395836211,1.5948692441471295,1,0.3006
Japan,Mobile,PhD,Silver,True,False,True,31,8.6,3.7,7,2,20.6,421.19,0,6.0430840382875735,1.727698115361634,3,0.1018
USA,Desktop,High School,Silver,True,False,True,57,16.3,3.6,2,4,25.0,742.44,1,6.609942059330898,1.7097690490891824,1,0.3006
USA,Mobile,Bachelor,Bronze,True,True,True,46,2.6,3.0,6,1,13.1,450.88,0,6.111201228710315,1.5948692441471295,0,0.3466
USA,Mobile,Bachelor,Silver,True,False,False,46,23.6,4.3,3,1,12.5,416.18,1,6.031117858984634,1.829004627509825,0,0.3466
USA,Desktop,Master,Bronze,True,True,False,31,5.2,4.6,5,2,13.9,861.38,1,6.758535754333287,1.876052317839795,2,0.251
Japan,Desktop,Master,Bronze,True,False,False,67,29.9,4.1,10,4,14.1,476.75,1,6.166992244480529,1.7963629745483078,2,0.251
Brazil,Mobile,Bachelor,Gold,True,True,True,33,59.4,3.4,6,1,7.0,1218.94,1,7.105736907597212,1.672916754755899,0,0.3466
Germany,Tablet,Bachelor,Bronze,True,True,False,29,3.8,2.9,12,2,29.7,1391.48,1,7.238123207883853,1.574366995878342,0,0.3466
USA,Desktop,PhD,Silver,True,False,True,46,11.7,4.4,5,4,20.0,770.98,1,6.647662432889649,1.844934404062263,3,0.1018
USA,Desktop,Master,Gold,True,True,False,40,5.2,3.4,6,2,23.2,1594.88,1,7.3745537772789245,1.672916754755899,2,0.251
USA,Tablet,Master,Gold,True,False,False,28,3.1,3.3,8,2,13.3,1447.26,0,7.277427392591487,1.6539684852930463,2,0.251
USA,Desktop,Bachelor,Bronze,True,False,False,64,11.2,4.1,3,0,22.8,2412.51,1,7.78842297828227,1.7963629745483078,0,0.3466
Australia,Mobile,High School,Silver,True,True,True,50,20.2,4.7,6,1,20.5,1068.1,1,6.97363664809565,1.891255528483568,1,0.3006
USA,Desktop,Bachelor,Gold,True,True,False,38,22.3,4.3,7,2,24.8,434.45,0,6.074080863285215,1.829004627509825,0,0.3466
UK,Desktop,Master,Gold,True,True,True,67,13.8,4.7,3,3,1.3,581.44,1,6.365507785207806,1.891255528483568,2,0.251
USA,Mobile,High School,Gold,True,False,False,48,3.2,4.3,8,2,1.4,5126.93,1,8.54226231848199,1.829004627509825,1,0.3006
USA,Mobile,High School,Bronze,True,False,False,38,13.4,4.6,8,0,17.1,315.47,0,5.754063590296964,1.876052317839795,1,0.3006
Germany,Desktop,High School,Bronze,True,False,False,65,3.7,3.9,6,5,11.4,347.55,1,5.850908539546495,1.7626197870713454,1,0.3006
France,Mobile,Bachelor,Silver,True,True,True,46,3.9,4.0,7,2,24.1,115.32,0,4.7477108727702015,1.7796336993958102,0,0.3466
USA,Mobile,Master,Gold,True,True,False,45,5.5,2.8,5,4,5.0,4227.26,1,8.349309308019857,1.5534355914115192,2,0.251
USA,Mobile,High School,Bronze,True,False,True,33,28.2,3.7,4,1,7.5,982.46,0,6.890059630446448,1.727698115361634,1,0.3006
UK,Desktop,Master,Bronze,True,True,False,39,18.8,4.3,3,1,12.6,321.85,1,5.774085598498625,1.829004627509825,2,0.251
USA,Mobile,PhD,Gold,True,False,False,33,15.8,3.9,3,141,26.8,128.19,1,4.8535135383240435,1.7626197870713454,3,0.1018
USA,Mobile,High School,Bronze,True,True,False,55,6.1,4.2,7,1,4.0,756.24,1,6.628358786117129,1.8128169798052736,1,0.3006
Canada,Mobile,Master,Bronze,True,False,False,19,8.9,4.5,5,2,23.3,780.12,0,6.659447754004377,1.860614396637471,2,0.251
France,Mobile,PhD,Bronze,True,True,False,54,4.1,3.6,6,0,29.7,4739.73,1,8.463735451041408,1.7097690490891824,3,0.1018
France,Desktop,PhD,Bronze,True,True,False,27,36.3,4.2,2,3,22.5,1150.48,1,7.047934525578124,1.8128169798052736,3,0.1018
Germany,Mobile,High School,Silver,True,True,True,37,70.7,4.3,6,2,16.5,511.31,0,6.236976059884137,1.829004627509825,1,0.3006
Germany,Mobile,High School,Bronze,True,False,False,34,19.0,4.9,7,0,16.7,1218.11,0,7.105055756178824,1.920985627295474,1,0.3006
France,Desktop,High School,Bronze,True,True,False,32,21.9,4.5,3,4,4.9,458.62,0,6.128221980462842,1.860614396637471,1,0.3006
Japan,Desktop,Master,Bronze,True,False,False,46,10.7,2.6,3,2,13.2,336.86,1,5.81966741377024,1.5102107064924273,2,0.251
Japan,Desktop,Master,Bronze,True,True,False,38,3.3,4.6,3,1,15.9,576.41,1,6.356819213038024,1.876052317839795,2,0.251
USA,Mobile,Master,Silver,True,True,False,30,6.2,3.8,4,2,15.0,260.93,0,5.564252172117131,1.74531138386547,2,0.251
Germany,Desktop,Bachelor,Bronze,True,False,True,40,8.4,2.3,4,0,3.3,3589.85,0,8.185865697879597,1.4416544924686217,0,0.3466
Germany,Mobile,High School,Silver,True,True,True,30,9.0,3.6,5,4,4.6,1655.97,1,7.41214221883908,1.7097690490891824,1,0.3006
India,Tablet,Bachelor,Bronze,True,True,True,32,7.4,3.9,10,0,7.6,897.62,0,6.799746816160129,1.7626197870713454,0,0.3466
Japan,Mobile,Bachelor,Bronze,True,False,False,20,12.7,3.3,6,3,15.6,997.01,0,6.904760800001808,1.6539684852930463,0,0.3466
France,Tablet,Master,Bronze,True,False,False,33,6.2,4.9,5,7,4.8,731.68,1,6.595343259909745,1.920985627295474,2,0.251
USA,Tablet,Bachelor,Bronze,True,True,False,44,69.0,4.4,11,2,8.4,1573.29,1,7.3609242471593115,1.844934404062263,0,0.3466
France,Desktop,Bachelor,Silver,True,True,False,38,4.1,4.5,8,1,10.3,2648.71,0,7.8818280080055265,1.860614396637471,0,0.3466
USA,Mobile,High School,Silver,True,False,False,60,24.8,2.9,5,0,20.1,1103.91,1,7.006613701774833,1.574366995878342,1,0.3006
UK,Desktop,High School,Gold,True,False,False,69,9.9,5.0,7,2,10.0,3584.14,0,8.1842738358319,1.9355256601749082,1,0.3006
USA,Tablet,High School,Bronze,True,False,True,32,17.6,4.3,4,2,20.9,1066.73,1,6.9723531733570825,1.829004627509825,1,0.3006
Japan,Desktop,High School,Bronze,True,True,True,28,18.3,4.1,3,2,4.5,824.36,0,6.714607327703308,1.7963629745483078,1,0.3006
USA,Tablet,Bachelor,Bronze,True,False,False,52,13.8,4.2,6,2,8.5,3293.57,1,8.099727361840007,1.8128169798052736,0,0.3466
UK,Mobile,High School,Gold,True,True,True,42,4.9,2.9,4,2,12.7,460.08,1,6.131400387405499,1.574366995878342,1,0.3006
Australia,Mobile,High School,Bronze,True,False,True,52,9.3,4.2,3,0,8.0,674.18,1,6.513497137572055,1.8128169798052736,1,0.3006
USA,Desktop,Master,Silver,True,False,False,43,13.9,3.4,4,2,5.5,641.67,1,6.464074152845477,1.672916754755899,2,0.251
Germany,Desktop,Bachelor,Bronze,True,False,True,36,13.3,2.8,7,3,29.2,1368.37,0,7.221375529448921,1.5534355914115192,0,0.3466
Germany,Mobile,Master,Bronze,True,True,False,36,5.4,3.9,5,3,19.7,972.66,0,6.880034586381536,1.7626197870713454,2,0.251
USA,Desktop,Master,Platinum,True,False,True,43,34.2,3.8,5,3,0.6,4688.67,1,8.452904239133769,1.74531138386547,2,0.251
Brazil,Mobile,Bachelor,Silver,True,True,False,35,1.7,3.7,8,2,5.6,2558.06,0,7.847004437688567,1.727698115361634,0,0.3466
USA,Desktop,PhD,Gold,True,False,False,53,10.0,4.3,7,5,19.8,1189.97,0,7.081683375703762,1.829004627509825,3,0.1018
Germany,Mobile,High School,Silver,True,True,False,22,5.8,4.6,8,4,10.6,4154.88,1,8.332038826006062,1.876052317839795,1,0.3006
France,Desktop,Master,Silver,True,False,True,53,14.1,3.3,5,0,15.3,721.15,1,6.580847160029519,1.6539684852930463,2,0.251
Japan,Mobile,PhD,Bronze,True,True,False,18,27.5,3.7,5,4,24.0,527.26,0,6.2676937855137815,1.727698115361634,3,0.1018
Japan,Mobile,Master,Silver,True,True,False,40,4.0,4.1,6,1,3.5,1644.22,1,7.405021386614372,1.7963629745483078,2,0.251
UK,Desktop,High School,Bronze,True,False,False,34,80.1,4.4,5,3,19.2,823.21,1,6.713211332162286,1.844934404062263,1,0.3006
USA,Desktop,Bachelor,Silver,True,False,False,20,14.3,3.0,4,6,14.7,1444.12,0,7.275255418493026,1.5948692441471295,0,0.3466
Brazil,Desktop,High School,Silver,True,True,True,18,16.5,4.9,5,2,6.8,4903.0,0,8.497602541651233,1.920985627295474,1,0.3006
France,Mobile,Bachelor,Gold,True,False,True,25,3.9,4.4,4,3,9.7,618.33,0,6.427022295523316,1.844934404062263,0,0.3466
India,Mobile,Master,Silver,True,True,True,39,11.7,3.6,6,1,0.8,752.74,1,6.623719882650553,1.7097690490891824,2,0.251
India,Mobile,Bachelor,Silver,True,False,True,31,26.5,3.7,5,2,29.4,419.59,0,6.039278044016987,1.727698115361634,0,0.3466
India,Mobile,Bachelor,Bronze,True,True,True,26,14.4,4.3,4,1,3.8,1213.37,1,7.101156891286288,1.829004627509825,0,0.3466
Germany,Desktop,Master,Bronze,True,True,True,54,13.6,4.9,5,2,22.4,7921.53,1,8.97733964796945,1.920985627295474,2,0.251
UK,Desktop,Bachelor,Bronze,True,False,True,23,11.7,4.5,6,4,13.1,286.25,0,5.65686555486845,1.860614396637471,0,0.3466
Brazil,Desktop,Master,Gold,True,True,False,46,4.0,3.0,5,5,14.0,2117.98,1,7.658218083246135,1.5948692441471295,2,0.251
Germany,Desktop,Master,Platinum,True,True,False,27,4.0,4.1,8,4,17.8,1090.34,0,6.994244853189705,1.7963629745483078,2,0.251
USA,Tablet,High School,Bronze,True,False,True,25,31.0,3.5,2,3,27.4,827.15,0,6.717986057053025,1.691512653766797,1,0.3006
India,Tablet,Bachelor,Bronze,True,True,True,31,24.7,4.7,6,1,16.8,462.59,1,6.136841132616002,1.891255528483568,0,0.3466
Australia,Desktop,High School,Silver,True,True,True,45,27.8,3.8,6,1,24.1,3109.53,1,8.042226868350756,1.74531138386547,1,0.3006
Germany,Mobile,Bachelor,Gold,True,False,False,22,6.3,4.4,8,1,25.3,5743.69,0,8.65585713991233,1.844934404062263,0,0.3466
USA,Mobile,PhD,Silver,True,True,True,41,10.7,4.8,6,8,19.5,1370.11,0,7.222646307569746,1.9062310586677143,3,0.1018
UK,Desktop,Master,Bronze,True,True,True,26,32.6,4.5,6,2,19.2,2259.51,1,7.722903254599452,1.860614396637471,2,0.251
India,Desktop,Bachelor,Platinum,True,False,False,29,4.6,3.3,9,2,25.9,930.41,1,6.835625349212043,1.6539684852930463,0,0.3466
Australia,Desktop,High School,Gold,True,True,False,43,30.1,3.8,1,4,1.5,956.93,0,6.863730243532151,1.74531138386547,1,0.3006
USA,Mobile,High School,Bronze,True,False,False,64,7.6,3.0,7,6,19.1,619.13,0,6.4283152667893795,1.5948692441471295,1,0.3006
USA,Tablet,Bachelor,Platinum,True,True,True,27,6.1,3.6,11,2,15.6,4519.21,0,8.416092478789627,1.7097690490891824,0,0.3466
India,Mobile,High School,Silver,True,False,True,47,11.9,3.6,6,5,8.0,2050.46,1,7.625819437204631,1.7097690490891824,1,0.3006
UK,Desktop,Bachelor,Bronze,True,True,True,34,5.0,4.5,6,0,23.4,330.44,0,5.800425099694305,1.860614396637471,0,0.3466
France,Desktop,High School,Silver,True,True,False,32,2.7,3.7,7,5,8.9,1243.44,1,7.125637011174643,1.727698115361634,1,0.3006
Canada,Mobile,Bachelor,Gold,True,True,True,51,12.9,3.6,8,3,23.4,1294.88,0,7.1661733057473915,1.7097690490891824,0,0.3466
USA,Mobile,High School,Silver,True,False,False,28,18.7,3.8,3,1,27.4,469.37,0,6.151391369998279,1.74531138386547,1,0.3006
Japan,Mobile,PhD,Bronze,True,False,False,24,32.2,4.3,8,2,17.2,1629.17,1,7.395825961659224,1.829004627509825,3,0.1018
USA,Mobile,Master,Platinum,True,True,False,44,19.8,4.2,7,6,24.1,1117.49,1,7.0188403779018245,1.8128169798052736,2,0.251
UK,Desktop,Bachelor,Bronze,True,False,True,57,58.7,3.2,2,2,7.8,811.41,1,6.698773475074021,1.6346542330120937,0,0.3466
India,Mobile,High School,Gold,True,False,False,47,36.2,4.6,6,3,4.7,2077.23,1,7.638790554384647,1.876052317839795,1,0.3006
Germany,Mobile,Bachelor,Silver,True,True,False,21,22.0,3.6,5,1,17.0,788.36,1,6.669954838324293,1.7097690490891824,0,0.3466
Spain,Desktop,High School,Bronze,True,True,False,31,17.7,2.3,5,2,12.8,577.8,0,6.359227788032134,1.4416544924686217,1,0.3006
France,Mobile,Bachelor,Bronze,True,False,False,50,32.6,3.8,4,1,12.7,2511.3,0,7.828555826334121,1.74531138386547,0,0.3466
UK,Desktop,Master,Gold,True,False,True,57,2.1,3.3,6,0,3.8,4449.59,1,8.40056723608415,1.6539684852930463,2,0.251
USA,Desktop,Bachelor,Silver,True,True,False,41,8.3,3.6,11,3,28.1,2552.7,1,7.844906901523621,1.7097690490891824,0,0.3466
UK,Desktop,Bachelor,Silver,True,True,True,31,2.8,4.7,7,0,3.2,1621.78,0,7.391279590457602,1.891255528483568,0,0.3466
UK,Desktop,Bachelor,Silver,True,True,True,58,20.7,3.6,8,3,8.7,932.42,1,6.837783356953004,1.7097690490891824,0,0.3466
USA,Desktop,PhD,Gold,True,False,False,37,6.7,4.2,11,0,14.2,4687.64,0,8.452684536499333,1.8128169798052736,3,0.1018
UK,Desktop,PhD,Silver,True,True,True,31,120.0,4.1,3,2,22.3,1613.84,0,7.386371711326095,1.7963629745483078,3,0.1018
Germany,Mobile,Bachelor,Bronze,True,True,False,29,8.0,3.2,5,3,18.8,484.54,0,6.183199987262512,1.6346542330120937,0,0.3466
Brazil,Mobile,Bachelor,Bronze,True,False,True,24,13.3,4.6,9,6,2.2,391.72,0,5.970547298852594,1.876052317839795,0,0.3466
Japan,Desktop,Bachelor,Gold,True,True,False,72,8.8,4.1,6,1,1.4,1508.47,1,7.318851171096091,1.7963629745483078,0,0.3466
Japan,Desktop,High School,Silver,True,True,True,55,8.2,3.6,9,4,17.1,1984.64,0,7.59319281647203,1.7097690490891824,1,0.3006
USA,Mobile,Bachelor,Bronze,True,True,True,30,4.5,3.9,7,3,0.4,629.03,0,6.444178950316659,1.7626197870713454,0,0.3466
USA,Desktop,Bachelor,Platinum,True,True,False,59,4.4,4.1,7,0,16.9,1991.21,0,7.596497773137999,1.7963629745483078,0,0.3466
Japan,Desktop,High School,Gold,True,True,False,44,2.1,4.3,10,3,5.5,548.83,1,6.307788739640646,1.829004627509825,1,0.3006
Germany,Tablet,High School,Bronze,True,True,False,44,18.8,4.5,3,2,5.7,397.8,0,5.985949366419872,1.860614396637471,1,0.3006
USA,Mobile,Bachelor,Platinum,True,True,False,29,8.7,3.8,5,5,5.4,780.73,0,6.66022937944059,1.74531138386547,0,0.3466
India,Tablet,Master,Silver,True,False,False,32,57.2,2.7,7,3,23.2,1997.96,1,7.599881938988076,1.5320566796070851,2,0.251
Brazil,Mobile,Bachelor,Bronze,True,True,True,37,4.5,4.0,4,130,14.2,319.24,0,5.765943171007808,1.7796336993958102,0,0.3466
France,Desktop,Master,Bronze,True,True,False,18,39.7,3.7,5,2,6.4,3184.49,0,8.066047429596097,1.727698115361634,2,0.251
USA,Mobile,Bachelor,Silver,True,True,False,32,42.9,4.8,6,5,1.9,358.94,0,5.883155243601131,1.9062310586677143,0,0.3466
Brazil,Desktop,Bachelor,Gold,True,True,False,38,33.8,5.0,3,3,13.3,6790.59,1,8.823293109266762,1.9355256601749082,0,0.3466
France,Desktop,Bachelor,Bronze,True,False,False,54,14.7,4.5,6,2,15.9,1943.24,0,7.57211196207882,1.860614396637471,0,0.3466
Brazil,Desktop,Master,Bronze,True,True,False,31,9.3,3.5,5,3,17.8,350.72,0,5.8599881843195964,1.691512653766797,2,0.251
Brazil,Mobile,High School,Bronze,True,True,True,48,33.8,4.4,3,0,2.6,2607.53,0,7.866158692081993,1.844934404062263,1,0.3006
India,Desktop,Bachelor,Silver,True,True,True,18,6.5,4.4,5,0,11.2,2150.3,0,7.673362646271343,1.844934404062263,0,0.3466
Germany,Tablet,High School,Bronze,True,False,False,52,15.1,4.5,5,3,10.3,559.78,0,6.327543849397753,1.860614396637471,1,0.3006
USA,Tablet,Bachelor,Bronze,True,False,False,27,11.8,3.4,6,5,9.9,1866.91,1,7.532039936702234,1.672916754755899,0,0.3466
Japan,Mobile,PhD,Silver,True,False,False,40,6.0,3.7,4,2,26.7,4750.99,1,8.466108296364668,1.727698115361634,3,0.1018
Japan,Mobile,High School,Gold,True,True,True,43,15.2,3.4,8,2,10.9,401.56,1,5.995356961823326,1.672916754755899,1,0.3006
Brazil,Mobile,Bachelor,Silver,True,True,True,41,22.1,2.4,9,2,19.1,1504.87,1,7.316461794714576,1.4650326891622956,0,0.3466
USA,Mobile,Bachelor,Bronze,True,True,True,37,5.8,3.9,6,5,26.5,280.11,1,5.6351823831639445,1.7626197870713454,0,0.3466
USA,Desktop,Master,Silver,True,False,False,23,17.6,3.1,4,2,0.1,4842.17,0,8.485118246340582,1.6149595811994066,2,0.251
Australia,Mobile,Bachelor,Bronze,True,False,True,27,2.0,3.4,5,2,22.2,145.24,0,4.978387546546135,1.672916754755899,0,0.3466
Brazil,Mobile,Master,Platinum,True,True,False,50,5.3,3.4,8,8,19.5,466.24,0,6.14470052300684,1.672916754755899,2,0.251
Australia,Tablet,Master,Gold,True,True,False,31,8.4,3.9,9,3,27.3,684.09,0,6.528089487914168,1.7626197870713454,2,0.251
Brazil,Mobile,Bachelor,Bronze,True,True,True,37,16.2,1.7,5,2,13.6,4150.05,0,8.330875661344937,1.2885946228469085,0,0.3466
France,Mobile,Bachelor,Bronze,True,False,False,20,24.4,3.1,6,5,28.7,1640.92,0,7.403012339140004,1.6149595811994066,0,0.3466
Japan,Mobile,Bachelor,Silver,True,True,False,48,13.0,3.3,6,0,14.0,622.71,0,6.434080920846939,1.6539684852930463,0,0.3466
Australia,Mobile,Master,Silver,True,False,False,22,19.2,4.1,6,2,2.0,1658.29,0,7.413542229929906,1.7963629745483078,2,0.251
France,Mobile,High School,Silver,True,True,False,49,10.7,3.8,6,2,23.0,1270.88,1,7.147464852884822,1.74531138386547,1,0.3006
Japan,Desktop,Bachelor,Gold,True,True,False,25,16.8,2.8,5,3,0.7,1483.08,0,7.301876285389644,1.5534355914115192,0,0.3466
USA,Mobile,Master,Gold,True,True,False,50,16.1,3.6,6,5,29.0,530.92,0,6.2746113507580015,1.7097690490891824,2,0.251
Germany,Tablet,Bachelor,Silver,True,True,False,38,8.1,3.5,7,1,0.0,385.29,1,5.953996297493074,1.691512653766797,0,0.3466
Japan,Mobile,Bachelor,Gold,True,True,True,31,9.2,3.8,4,2,21.1,5501.62,1,8.612797873305112,1.74531138386547,0,0.3466
UK,Mobile,Bachelor,Gold,True,False,False,57,19.7,3.5,7,4,3.1,4468.31,1,8.4047655400562,1.691512653766797,0,0.3466
USA,Desktop,High School,Gold,True,True,True,37,51.9,3.9,2,2,15.1,484.27,1,6.182642602415141,1.7626197870713454,1,0.3006
UK,Mobile,Bachelor,Platinum,True,False,False,34,32.0,3.1,5,3,3.6,1248.88,1,7.130002428648411,1.6149595811994066,0,0.3466
USA,Mobile,Bachelor,Bronze,True,False,False,49,4.9,3.6,7,2,17.2,3404.55,0,8.132868051259589,1.7097690490891824,0,0.3466
USA,Mobile,PhD,Bronze,True,True,False,20,5.0,4.1,3,1,16.8,4084.01,1,8.314834627861382,1.7963629745483078,3,0.1018
Germany,Desktop,High School,Gold,True,True,True,18,7.9,3.1,6,0,2.0,2187.34,0,7.690441472699558,1.6149595811994066,1,0.3006
Australia,Tablet,Master,Gold,True,True,True,52,13.2,4.0,4,2,4.4,8763.66,0,9.078368904892065,1.7796336993958102,2,0.251
Germany,Mobile,Bachelor,Platinum,True,False,False,28,12.7,3.5,7,1,21.4,2716.4,1,7.907062753239637,1.691512653766797,0,0.3466
USA,Desktop,High School,Bronze,True,True,True,48,32.9,3.9,3,3,20.0,9672.45,1,9.177036917266916,1.7626197870713454,1,0.3006
USA,Desktop,Master,Silver,True,False,True,39,34.3,4.3,11,2,8.7,1332.08,1,7.194496909356861,1.829004627509825,2,0.251
Japan,Desktop,High School,Bronze,True,False,False,24,12.2,3.9,3,2,5.5,728.93,0,6.591577705450382,1.7626197870713454,1,0.3006
UK,Mobile,PhD,Silver,True,False,True,45,10.2,4.3,6,4,20.3,770.06,0,6.6464684338898845,1.829004627509825,3,0.1018
India,Desktop,Master,Bronze,True,False,False,33,18.4,3.3,7,5,16.1,490.86,0,6.1961589547536615,1.6539684852930463,2,0.251
Japan,Desktop,High School,Bronze,True,True,False,25,28.5,4.4,6,0,7.5,434.33,1,6.073804613830202,1.844934404062263,1,0.3006
Brazil,Mobile,High School,Bronze,True,True,False,25,19.0,-0.8103346711956417,1,3,29.4,158.46,1,5.065502195537096,0.11095984179404617,1,0.3006
UK,Desktop,Bachelor,Silver,True,True,True,18,8.6,3.6,8,4,11.3,7626.25,0,8.939351522466062,1.7097690490891824,0,0.3466
Japan,Desktop,Bachelor,Bronze,True,True,False,43,7.5,2.7,7,4,20.6,590.67,0,6.381257485821851,1.5320566796070851,0,0.3466
UK,Mobile,Bachelor,Bronze,True,False,True,27,5.0,4.4,2,2,26.5,3839.44,1,8.253081801613725,1.844934404062263,0,0.3466
Australia,Mobile,Bachelor,Bronze,True,False,True,38,14.2,4.8,7,4,28.6,710.87,1,6.566489572016858,1.9062310586677143,0,0.3466
Japan,Mobile,Bachelor,Bronze,True,True,False,36,20.1,3.2,11,1,26.9,724.72,1,6.585785373361032,1.6346542330120937,0,0.3466
UK,Desktop,High School,Platinum,True,True,False,27,21.9,3.3,11,1,17.8,669.48,1,6.506501291645438,1.6539684852930463,1,0.3006
UK,Mobile,Master,Bronze,True,True,True,20,30.6,4.7,2,0,6.3,527.79,0,6.268698477319065,1.891255528483568,2,0.251
USA,Mobile,Master,Bronze,True,False,False,68,39.8,3.6,3,3,27.8,396.97,1,5.98386071108125,1.7097690490891824,2,0.251
Japan,Desktop,Bachelor,Gold,True,True,False,37,4.1,4.8,7,3,29.3,1536.54,1,7.337288414424002,1.9062310586677143,0,0.3466
USA,Desktop,Master,Silver,True,False,True,60,16.8,3.2,6,4,0.2,867.75,1,6.765903654741896,1.6346542330120937,2,0.251
France,Desktop,High School,Gold,True,False,True,52,17.3,4.0,7,2,27.3,9269.64,0,9.134499822854348,1.7796336993958102,1,0.3006
UK,Desktop,High School,Silver,True,False,True,34,11.5,2.7,6,4,26.6,871.65,0,6.770387967189224,1.5320566796070851,1,0.3006
Japan,Mobile,Bachelor,Platinum,True,False,False,40,6.3,3.9,4,2,13.5,567.46,1,6.341170262289905,1.7626197870713454,0,0.3466
India,Mobile,Bachelor,Bronze,True,True,False,40,38.7,4.8,8,4,23.8,2638.56,0,7.87798859278046,1.9062310586677143,0,0.3466
Brazil,Desktop,Bachelor,Platinum,True,False,True,60,7.6,3.7,4,0,28.5,1040.83,1,6.947773750764445,1.727698115361634,0,0.3466
Brazil,Desktop,Master,Gold,True,True,True,48,2.1,4.9,3,3,9.3,3148.07,0,8.054544845630604,1.920985627295474,2,0.251
USA,Desktop,PhD,Silver,True,True,False,28,12.4,4.1,5,2,14.1,973.07,0,6.8804560220443145,1.7963629745483078,3,0.1018
USA,Mobile,Bachelor,Silver,True,True,True,42,10.1,3.5,7,2,4.2,1117.82,1,7.019135638963957,1.691512653766797,0,0.3466
Japan,Desktop,Master,Silver,True,True,False,48,53.8,4.7,4,4,8.8,266.48,0,5.585299193885424,1.891255528483568,2,0.251
UK,Mobile,High School,Bronze,True,True,False,24,18.0,3.7,5,1,26.5,550.45,1,6.310736125516412,1.727698115361634,1,0.3006
Germany,Desktop,High School,Bronze,True,True,False,44,9.5,4.3,8,4,5.4,884.11,1,6.7845814892854674,1.829004627509825,1,0.3006
USA,Mobile,Master,Platinum,True,True,False,54,10.4,2.9,1,3,28.3,1016.61,0,6.924228841675026,1.574366995878342,2,0.251
UK,Tablet,Bachelor,Silver,True,True,True,28,10.3,3.2,2,0,16.8,1384.89,1,7.233375993084643,1.6346542330120937,0,0.3466
USA,Desktop,Bachelor,Bronze,True,True,False,29,71.8,4.4,5,1,21.1,1117.91,0,7.019216149580219,1.844934404062263,0,0.3466
India,Mobile,Bachelor,Gold,True,False,False,52,20.9,4.5,5,3,11.8,1368.96,1,7.2218066064539865,1.860614396637471,0,0.3466
USA,Tablet,Bachelor,Silver,True,True,True,34,4.0,3.6,7,2,7.0,1728.18,0,7.454824110605697,1.7097690490891824,0,0.3466
France,Desktop,High School,Bronze,True,False,True,26,10.0,3.0,6,4,14.5,704.96,0,6.558141063613978,1.5948692441471295,1,0.3006
USA,Mobile,Bachelor,Gold,True,False,False,49,12.0,2.1,10,1,9.2,894.43,0,6.796186643877669,1.393191696315046,0,0.3466
Japan,Desktop,High School,Gold,True,False,True,45,5.0,3.9,3,4,15.6,443.05,1,6.093682630493311,1.7626197870713454,1,0.3006
UK,Mobile,High School,Bronze,True,False,True,39,2.9,4.3,8,5,3.0,4279.13,0,8.361504996885449,1.829004627509825,1,0.3006
Australia,Desktop,Bachelor,Platinum,True,False,True,51,19.6,4.2,8,2,27.5,153.24,1,5.032005319832448,1.8128169798052736,0,0.3466
Australia,Tablet,High School,Bronze,True,True,True,52,6.4,4.3,6,2,8.2,3172.89,0,8.062398123475173,1.829004627509825,1,0.3006
UK,Mobile,Master,Silver,True,False,False,37,33.1,4.4,8,3,19.0,965.82,0,6.872977481446193,1.844934404062263,2,0.251
Australia,Mobile,High School,Bronze,True,False,False,62,12.3,3.4,10,1,19.4,5649.81,0,8.639377195256458,1.672916754755899,1,0.3006
Spain,Mobile,High School,Silver,True,False,True,57,8.3,3.8,8,2,7.5,4091.27,1,8.316610714284957,1.74531138386547,1,0.3006
India,Mobile,Bachelor,Bronze,True,True,True,18,1.8,3.9,6,2,29.9,4791.15,0,8.474525745096834,1.7626197870713454,0,0.3466
India,Desktop,Bachelor,Bronze,True,True,False,26,32.4,4.1,9,0,14.5,397.47,1,5.985119459548142,1.7963629745483078,0,0.3466
USA,Tablet,High School,Gold,True,False,False,18,15.4,3.0,2,3,22.6,409.52,0,6.014985742149328,1.5948692441471295,1,0.3006
France,Tablet,High School,Bronze,True,False,True,34,8.5,4.8,6,3,0.9,1815.4,1,7.504061108092527,1.9062310586677143,1,0.3006
USA,Mobile,PhD,Gold,True,True,False,23,6.0,4.1,7,2,6.9,1005.2,0,6.912941805669437,1.7963629745483078,3,0.1018
USA,Tablet,Master,Silver,True,True,False,28,43.8,3.8,6,1,3.2,2389.93,1,7.779019355793705,1.74531138386547,2,0.251
Spain,Mobile,Bachelor,Platinum,True,False,False,51,5.2,3.0,3,4,10.4,1285.14,1,7.158622940811106,1.5948692441471295,0,0.3466
UK,Mobile,Bachelor,Silver,True,False,False,18,9.1,4.5,6,0,22.3,488.65,1,6.191646486784845,1.860614396637471,0,0.3466
Brazil,Mobile,High School,Bronze,True,True,False,40,19.2,4.1,8,1,4.2,2070.34,1,7.635468123979392,1.7963629745483078,1,0.3006
India,Desktop,Bachelor,Bronze,True,False,False,39,38.9,4.2,3,0,12.4,474.65,1,6.162577690327807,1.8128169798052736,0,0.3466
India,Desktop,Bachelor,Gold,True,True,False,37,10.2,3.9,8,3,5.9,1290.19,1,7.162544773331784,1.7626197870713454,0,0.3466
Spain,Desktop,Master,Gold,True,False,True,40,6.8,3.9,4,2,6.8,354.92,0,5.871892411967137,1.7626197870713454,2,0.251
USA,Mobile,High School,Bronze,True,False,True,18,11.2,3.3,4,3,1.5,1156.72,0,7.053343692719871,1.6539684852930463,1,0.3006
USA,Desktop,Master,Silver,True,True,True,28,25.1,3.8,4,4,15.2,4818.92,0,8.480305115547981,1.74531138386547,2,0.251
Germany,Desktop,High School,Silver,True,True,True,57,30.1,3.9,9,2,5.0,210.53,1,5.349628160782464,1.7626197870713454,1,0.3006
USA,Tablet,High School,Platinum,True,False,True,24,4.1,4.0,10,3,9.2,2032.2,0,7.616874229051781,1.7796336993958102,1,0.3006
USA,Desktop,High School,Platinum,True,True,False,58,13.4,4.2,4,1,10.7,637.24,0,6.4571463507046944,1.8128169798052736,1,0.3006
UK,Mobile,High School,Platinum,True,True,False,21,3.9,2.7,7,4,6.8,3216.21,1,8.075958926674465,1.5320566796070851,1,0.3006
Brazil,Desktop,PhD,Gold,True,False,False,20,24.7,3.1,10,2,14.3,1193.89,0,7.084972162405384,1.6149595811994066,3,0.1018
France,Desktop,Bachelor,Platinum,True,True,False,27,17.1,4.0,8,2,2.7,3237.2,1,8.082464037621547,1.7796336993958102,0,0.3466
UK,Mobile,High School,Bronze,True,False,False,52,5.8,3.9,9,3,21.2,460.4,0,6.132095676847728,1.7626197870713454,1,0.3006
Japan,Mobile,PhD,Gold,True,False,True,31,41.6,4.8,6,1,8.7,1344.5,1,7.203777475708919,1.9062310586677143,3,0.1018
USA,Mobile,Master,Gold,True,False,False,42,15.9,3.9,2,1,15.3,824.63,0,6.7149348008867875,1.7626197870713454,2,0.251
USA,Desktop,Master,Platinum,True,True,False,39,14.6,4.5,6,3,3.4,1724.27,0,7.452559051490179,1.860614396637471,2,0.251
Brazil,Mobile,PhD,Silver,True,True,True,37,10.6,4.3,6,2,0.8,1558.38,0,7.351402099130354,1.829004627509825,3,0.1018
Japan,Desktop,High School,Bronze,True,True,False,53,12.1,4.7,5,1,10.5,5819.0,0,8.66888370465667,1.891255528483568,1,0.3006
Brazil,Desktop,Master,Silver,True,False,True,47,9.0,4.6,5,3,20.2,2913.84,0,7.977227077903829,1.876052317839795,2,0.251
USA,Desktop,Master,Silver,True,True,False,24,6.7,3.6,6,1,13.5,1421.88,0,7.259735218616649,1.7097690490891824,2,0.251
India,Desktop,Master,Bronze,True,True,False,35,32.6,4.7,3,1,21.2,4414.84,0,8.392726872290773,1.891255528483568,2,0.251
France,Desktop,Master,Bronze,True,True,True,59,8.2,3.3,4,3,19.6,1546.29,1,7.343613792410095,1.6539684852930463,2,0.251
France,Desktop,Bachelor,Silver,True,False,True,42,8.0,4.2,7,1,21.3,3161.76,0,8.058884113560493,1.8128169798052736,0,0.3466
Japan,Tablet,Master,Bronze,True,True,False,20,11.0,4.0,3,2,25.6,1563.37,0,7.354599026654953,1.7796336993958102,2,0.251
India,Desktop,High School,Bronze,True,True,False,21,38.1,3.0,4,6,8.1,606.41,0,6.407556324957362,1.5948692441471295,1,0.3006
France,Desktop,Bachelor,Bronze,True,True,True,49,30.1,3.5,6,0,0.2,2124.38,1,7.661235274081032,1.691512653766797,0,0.3466
France,Desktop,High School,Platinum,True,False,False,46,8.9,4.5,6,6,1.5,897.6,1,6.799724534768432,1.860614396637471,1,0.3006
Spain,Mobile,PhD,Gold,True,False,True,27,32.5,4.7,9,1,6.6,366.58,1,5.904216778543701,1.891255528483568,3,0.1018
Brazil,Desktop,High School,Bronze,True,True,True,47,13.3,4.7,3,2,3.3,555.16,0,6.319256360487639,1.891255528483568,1,0.3006
Germany,Tablet,Bachelor,Gold,True,True,False,57,6.2,3.4,6,2,8.6,497.93,0,6.210459504895859,1.672916754755899,0,0.3466
Japan,Tablet,Bachelor,Gold,True,True,True,55,8.3,3.9,6,2,18.1,683.27,1,6.526890096242187,1.7626197870713454,0,0.3466
UK,Desktop,PhD,Bronze,True,True,True,57,36.5,4.2,3,2,23.0,4897.84,1,8.496549570584108,1.8128169798052736,3,0.1018
USA,Mobile,Bachelor,Bronze,True,False,False,45,64.5,3.5,7,2,4.7,751.63,1,6.622244181591057,1.691512653766797,0,0.3466
France,Desktop,Master,Silver,True,True,True,36,15.7,4.1,7,4,17.3,2468.16,0,7.811228212745634,1.7963629745483078,2,0.251
Australia,Mobile,Master,Silver,True,True,True,33,7.7,4.4,5,4,26.9,1581.21,1,7.365945655713182,1.844934404062263,2,0.251
Australia,Desktop,Bachelor,Gold,True,True,False,38,11.0,4.2,6,2,22.3,1671.59,0,7.421530548263452,1.8128169798052736,0,0.3466
UK,Desktop,Bachelor,Silver,True,True,True,27,6.6,4.5,7,2,4.7,1143.78,0,7.04209384575394,1.860614396637471,0,0.3466
France,Desktop,Master,Bronze,True,True,False,34,7.4,4.1,2,1,19.3,650.74,1,6.478110176872239,1.7963629745483078,2,0.251
USA,Mobile,PhD,Platinum,True,True,False,53,6.9,3.8,5,2,14.4,2799.94,0,7.937353267362272,1.74531138386547,3,0.1018
Spain,Desktop,Master,Bronze,True,True,True,19,11.4,3.5,9,5,7.5,1158.42,0,7.05481228667578,1.691512653766797,2,0.251
Spain,Desktop,High School,Gold,True,True,False,20,13.4,4.0,4,2,15.8,3721.04,0,8.221758478087285,1.7796336993958102,1,0.3006
Japan,Mobile,Master,Bronze,True,True,True,48,10.8,3.7,1,1,4.8,701.42,0,6.553106851699321,1.727698115361634,2,0.251
India,Mobile,Bachelor,Bronze,True,True,False,34,10.2,4.6,7,0,9.5,2084.34,0,7.64220753735881,1.876052317839795,0,0.3466
Japan,Tablet,Bachelor,Silver,True,True,False,18,22.4,4.5,8,1,10.8,3456.6,1,8.148040725966393,1.860614396637471,0,0.3466
France,Desktop,Master,Bronze,True,True,True,37,10.1,4.9,8,3,10.1,319.79,1,5.767664530367487,1.920985627295474,2,0.251
USA,Mobile,High School,Silver,True,True,True,36,10.7,4.0,4,2,2.7,1105.85,1,7.008369549014731,1.7796336993958102,1,0.3006
Germany,Mobile,Master,Bronze,True,True,True,33,10.6,4.7,4,0,12.5,908.43,0,6.811717834785162,1.891255528483568,2,0.251
Japan,Desktop,Bachelor,Silver,True,False,True,46,41.9,4.0,10,3,25.3,1968.31,0,7.584930585532378,1.7796336993958102,0,0.3466
Japan,Mobile,Master,Silver,True,True,False,22,8.2,3.4,6,4,25.2,863.04,0,6.760461039951365,1.672916754755899,2,0.251
UK,Desktop,High School,Bronze,True,False,True,38,19.6,3.1,8,6,12.6,3646.65,0,8.201564216913505,1.6149595811994066,1,0.3006
Canada,Tablet,Bachelor,Gold,True,True,False,35,6.7,4.6,6,2,0.4,706.76,1,6.560691145748449,1.876052317839795,0,0.3466
USA,Desktop,Master,Bronze,True,True,False,38,16.1,3.6,6,4,17.4,472.44,1,6.1579107547436465,1.7097690490891824,2,0.251
Germany,Mobile,High School,Bronze,True,False,False,18,18.9,3.9,9,3,17.9,316.82,0,5.758333789260704,1.7626197870713454,1,0.3006
Japan,Desktop,High School,Silver,True,False,True,32,29.0,4.2,5,3,25.7,621.09,1,6.43147599896873,1.8128169798052736,1,0.3006
Japan,Tablet,PhD,Silver,True,True,False,38,9.0,4.0,5,5,25.1,632.53,1,6.449727650306908,1.7796336993958102,3,0.1018
Japan,Desktop,High School,Silver,True,False,False,44,5.0,3.3,3,1,23.2,1258.33,0,7.137540724004884,1.6539684852930463,1,0.3006
UK,Tablet,PhD,Bronze,True,True,False,101,6.5,3.2,4,1,25.7,504.15,1,6.222873842839224,1.6346542330120937,3,0.1018
USA,Tablet,High School,Gold,True,True,False,48,26.4,1.9,9,1,7.5,749.23,0,6.619046012480472,1.3422601050930534,1,0.3006
Japan,Desktop,Bachelor,Silver,True,False,True,44,64.4,3.3,6,3,17.0,2239.38,0,7.713954320822564,1.6539684852930463,0,0.3466
France,Mobile,Master,Bronze,True,False,False,53,23.7,3.8,3,5,28.0,1704.04,1,7.440757181292151,1.74531138386547,2,0.251
USA,Tablet,Master,Bronze,True,True,False,34,4.4,3.5,5,0,15.9,818.61,0,6.7076077799621885,1.691512653766797,2,0.251
Japan,Desktop,Bachelor,Gold,True,False,False,57,23.1,3.9,4,2,26.7,570.97,0,6.347336668871214,1.7626197870713454,0,0.3466
Germany,Desktop,Bachelor,Silver,True,True,False,51,5.7,2.4,8,0,27.2,2176.23,1,7.685349300919549,1.4650326891622956,0,0.3466
Japan,Mobile,Master,Bronze,True,True,False,33,9.2,3.8,8,3,2.1,119.31,0,4.781725147887709,1.74531138386547,2,0.251
India,Desktop,High School,Bronze,True,True,False,61,14.2,4.9,3,1,27.5,4828.89,1,8.482371906570815,1.920985627295474,1,0.3006
USA,Desktop,Bachelor,Bronze,True,False,False,43,16.2,3.4,6,2,3.0,437.2,0,6.080390756302384,1.672916754755899,0,0.3466
USA,Desktop,High School,Silver,True,True,False,64,12.8,4.3,7,4,12.1,1169.76,1,7.064553878545006,1.829004627509825,1,0.3006
Brazil,Desktop,Bachelor,Gold,True,True,True,42,7.5,4.3,4,3,22.6,4449.05,1,8.400445869223448,1.829004627509825,0,0.3466
France,Desktop,High School,Silver,True,True,True,31,28.4,4.7,5,2,2.1,337.49,1,5.821535880243989,1.891255528483568,1,0.3006
Japan,Desktop,Bachelor,Silver,True,True,False,29,8.0,2.9,9,1,11.9,649.96,0,6.476910822534576,1.574366995878342,0,0.3466
India,Tablet,Bachelor,Platinum,True,True,False,34,33.2,3.4,6,0,7.0,873.26,0,6.772233335095751,1.672916754755899,0,0.3466
India,Mobile,High School,Silver,True,False,True,31,4.1,4.5,4,1,21.2,1803.16,0,7.497295960253313,1.860614396637471,1,0.3006
Canada,Desktop,High School,Silver,True,True,False,53,14.5,3.9,4,0,26.1,978.34,0,6.885857257880921,1.7626197870713454,1,0.3006
France,Mobile,Master,Bronze,True,True,False,38,4.6,3.3,10,4,23.0,2268.02,0,7.726662483150913,1.6539684852930463,2,0.251
Germany,Mobile,Bachelor,Silver,True,True,False,19,6.3,4.1,7,3,16.5,396.22,1,5.98196961254618,1.7963629745483078,0,0.3466
Germany,Tablet,Master,Silver,True,False,True,41,8.1,3.9,5,2,25.3,1163.39,1,7.05909343594376,1.7626197870713454,2,0.251
USA,Desktop,Master,Bronze,True,False,True,40,41.1,3.7,5,9,25.7,1244.31,0,7.126336438396403,1.727698115361634,2,0.251
France,Desktop,High School,Platinum,True,True,False,32,34.7,4.1,8,1,14.9,561.02,0,6.329756555511114,1.7963629745483078,1,0.3006
UK,Tablet,Bachelor,Gold,True,False,False,41,24.5,3.8,4,4,25.6,1428.06,0,7.264072158823571,1.74531138386547,0,0.3466
Australia,Tablet,High School,Gold,True,False,False,37,12.5,3.4,1,3,26.8,2312.12,0,7.745920131559535,1.672916754755899,1,0.3006
France,Mobile,Master,Silver,True,True,False,46,14.2,4.1,3,2,0.3,2286.95,0,7.734974331081559,1.7963629745483078,2,0.251
France,Mobile,PhD,Silver,True,True,False,45,33.6,4.2,5,3,26.4,889.71,0,6.79089556693129,1.8128169798052736,3,0.1018
UK,Desktop,Bachelor,Bronze,True,False,True,42,21.3,3.8,7,4,1.7,327.98,1,5.792952630915299,1.74531138386547,0,0.3466
USA,Mobile,Master,Bronze,True,True,False,22,12.4,3.5,11,4,9.0,260.63,0,5.563101777021321,1.691512653766797,2,0.251
USA,Desktop,High School,Gold,True,True,False,63,40.0,3.1,6,4,16.6,1745.05,1,7.464538487521159,1.6149595811994066,1,0.3006
Germany,Desktop,Bachelor,Silver,True,True,False,19,23.4,2.6,8,5,7.3,1440.27,0,7.272585874994118,1.5102107064924273,0,0.3466
USA,Mobile,Master,Gold,True,True,False,36,14.8,3.1,8,4,26.3,1238.14,1,7.121365532472815,1.6149595811994066,2,0.251
France,Desktop,High School,Bronze,True,False,True,25,8.4,3.4,4,5,23.6,1604.28,0,7.380430336783031,1.672916754755899,1,0.3006
Australia,Mobile,High School,Silver,True,True,False,43,7.9,3.8,5,3,14.5,510.69,1,6.235762752494589,1.74531138386547,1,0.3006
Australia,Tablet,Bachelor,Silver,True,False,False,40,9.3,3.5,6,1,25.1,88.94,1,4.48796198508255,1.691512653766797,0,0.3466
Japan,Desktop,Master,Silver,True,True,False,36,17.6,3.4,5,3,24.5,1595.78,1,7.3751179238967834,1.672916754755899,2,0.251
USA,Tablet,Bachelor,Gold,True,True,False,56,23.8,3.9,8,2,9.9,4248.55,0,8.354333027233942,1.7626197870713454,0,0.3466
India,Tablet,PhD,Platinum,True,False,True,51,3.8,4.1,6,6,1.9,201.78,1,5.307177994980234,1.7963629745483078,3,0.1018
Australia,Mobile,High School,Bronze,True,True,False,34,2.6,3.0,5,2,17.8,490.98,0,6.196403393767345,1.5948692441471295,1,0.3006
USA,Desktop,Bachelor,Bronze,True,False,False,48,5.7,3.5,6,4,23.6,2505.82,1,7.82637130526256,1.691512653766797,0,0.3466
Brazil,Desktop,Master,Bronze,True,False,False,57,8.8,3.6,6,4,27.8,17247.95,0,9.755448574817695,1.7097690490891824,2,0.251
UK,Desktop,High School,Silver,True,True,True,51,31.7,3.4,4,4,1.1,548.54,0,6.307260203218562,1.672916754755899,1,0.3006
India,Desktop,Master,Bronze,True,True,True,36,9.7,4.6,6,0,12.1,446.31,0,6.101013777837262,1.876052317839795,2,0.251
Spain,Desktop,High School,Gold,True,False,True,19,14.9,4.2,6,4,20.5,2822.84,0,7.945498749353612,1.8128169798052736,1,0.3006
USA,Tablet,High School,Silver,True,True,False,42,17.0,4.4,6,3,13.7,152.84,0,5.029391622578699,1.844934404062263,1,0.3006
Australia,Desktop,High School,Silver,True,False,True,46,5.4,3.2,3,2,6.7,985.53,1,6.893179567529749,1.6346542330120937,1,0.3006
Japan,Mobile,PhD,Gold,True,False,False,29,39.2,3.4,2,4,17.8,4281.64,0,8.36209139275216,1.672916754755899,3,0.1018
Canada,Desktop,Bachelor,Silver,True,False,False,38,7.2,3.4,13,1,26.3,744.32,1,6.612471049890245,1.672916754755899,0,0.3466
Germany,Mobile,Master,Silver,True,False,True,37,42.4,4.3,4,3,28.3,3615.81,0,8.193071175883782,1.829004627509825,2,0.251
India,Tablet,Bachelor,Bronze,True,False,False,55,11.0,3.8,7,1,29.8,941.28,0,6.847240651116146,1.74531138386547,0,0.3466
USA,Desktop,Bachelor,Silver,True,True,False,60,9.3,3.4,5,1,11.5,1749.01,1,7.466805192555144,1.672916754755899,0,0.3466
UK,Desktop,Bachelor,Silver,True,True,False,52,5.0,3.8,3,1,6.1,401.33,1,5.994784031518324,1.74531138386547,0,0.3466
USA,Mobile,PhD,Silver,True,True,False,37,14.3,4.9,7,2,24.2,934.85,1,6.840386088611283,1.920985627295474,3,0.1018
Canada,Mobile,Master,Platinum,True,True,False,52,74.0,3.0,4,0,20.6,1911.97,1,7.555889403111682,1.5948692441471295,2,0.251
India,Mobile,Master,Platinum,True,True,True,46,17.0,4.2,7,2,22.6,3033.51,1,8.017475643899088,1.8128169798052736,2,0.251
India,Desktop,High School,Gold,True,False,False,37,15.1,3.2,6,2,10.9,1062.57,0,6.968445780981366,1.6346542330120937,1,0.3006
Australia,Desktop,Bachelor,Bronze,True,False,True,63,7.1,4.4,3,0,6.7,364.64,1,5.898910565497374,1.844934404062263,0,0.3466
USA,Tablet,Bachelor,Gold,True,False,True,29,19.6,3.8,3,0,23.4,1740.48,0,7.461916216234596,1.74531138386547,0,0.3466
UK,Tablet,PhD,Bronze,True,True,False,45,13.8,4.2,2,4,13.4,329.69,1,5.798152819014124,1.8128169798052736,3,0.1018
USA,Mobile,High School,Bronze,True,False,False,48,11.6,4.2,5,1,20.7,1073.63,1,6.9788007091951165,1.8128169798052736,1,0.3006
USA,Mobile,High School,Bronze,True,True,True,35,18.1,4.4,4,2,26.2,1125.82,1,7.026266938016914,1.844934404062263,1,0.3006
USA,Mobile,Bachelor,Bronze,True,True,True,45,2.9,4.3,3,3,10.3,1403.48,0,7.246710145611341,1.829004627509825,0,0.3466
Germany,Desktop,High School,Bronze,True,True,False,49,11.2,4.6,6,1,23.0,821.34,0,6.710937152835476,1.876052317839795,1,0.3006
UK,Desktop,High School,Silver,True,True,False,41,4.7,2.8,4,5,13.6,2591.79,0,7.860104035671469,1.5534355914115192,1,0.3006
USA,Desktop,Master,Platinum,True,False,True,44,12.5,3.5,8,1,18.5,2856.72,1,7.957429392527734,1.691512653766797,2,0.251
USA,Mobile,Bachelor,Bronze,True,False,False,39,6.8,3.7,3,2,24.8,2318.44,1,7.748649824695705,1.727698115361634,0,0.3466
USA,Desktop,Master,Platinum,True,True,True,48,7.2,4.1,6,1,9.0,5628.6,0,8.63561602235996,1.7963629745483078,2,0.251
Canada,Desktop,Master,Bronze,True,False,False,35,4.2,3.7,3,4,25.2,1236.82,0,7.120298848465672,1.727698115361634,2,0.251
Brazil,Mobile,High School,Bronze,True,False,True,34,29.7,4.4,9,4,6.2,1341.46,1,7.201513852052515,1.844934404062263,1,0.3006
Canada,Mobile,Bachelor,Silver,True,True,False,38,7.1,4.1,8,1,12.7,10092.71,0,9.219568660040967,1.7963629745483078,0,0.3466
Germany,Mobile,High School,Silver,True,False,True,52,7.4,4.9,9,2,8.3,484.33,1,6.182766492566033,1.920985627295474,1,0.3006
UK,Tablet,PhD,Bronze,True,True,True,18,41.5,3.1,5,3,0.5,801.02,1,6.685885915545658,1.6149595811994066,3,0.1018
Brazil,Desktop,Bachelor,Bronze,True,False,False,27,19.2,4.5,6,3,0.4,2109.76,0,7.654329475924935,1.860614396637471,0,0.3466
UK,Mobile,Bachelor,Silver,True,True,True,65,2.4,3.3,9,6,5.9,1922.97,1,7.561626144843064,1.6539684852930463,0,0.3466
UK,Mobile,Bachelor,Bronze,True,True,False,41,36.9,3.3,4,2,19.4,691.95,1,6.539513698671939,1.6539684852930463,0,0.3466
USA,Mobile,Bachelor,Gold,True,False,False,33,45.5,4.5,9,2,15.8,2467.75,0,7.811062083297998,1.860614396637471,0,0.3466
USA,Desktop,High School,Silver,True,True,True,48,42.2,4.4,5,7,9.6,1128.59,1,7.028724344960609,1.844934404062263,1,0.3006
UK,Desktop,Bachelor,Bronze,True,True,False,29,20.8,4.1,4,2,13.3,2457.16,1,7.80676149046608,1.7963629745483078,0,0.3466
UK,Tablet,Master,Gold,True,True,False,18,5.0,4.1,4,4,20.3,1545.7,0,7.343232161158273,1.7963629745483078,2,0.251
Japan,Mobile,Master,Bronze,True,True,False,42,11.7,3.3,5,3,26.7,563.0,1,6.333279628139691,1.6539684852930463,2,0.251
USA,Tablet,Bachelor,Gold,True,True,False,29,3.8,4.3,4,2,7.8,854.06,0,6.750001448931861,1.829004627509825,0,0.3466
USA,Mobile,Bachelor,Gold,True,True,True,39,6.1,3.3,9,5,26.4,5507.91,1,8.613940519845768,1.6539684852930463,0,0.3466
India,Mobile,Master,Platinum,True,False,False,42,5.0,4.6,6,2,12.3,643.29,0,6.466595633449249,1.876052317839795,2,0.251
USA,Mobile,High School,Silver,True,True,False,40,7.4,4.3,6,5,10.0,917.23,1,6.8213582586913235,1.829004627509825,1,0.3006
UK,Mobile,Master,Silver,True,False,False,18,13.9,4.3,5,2,17.1,1849.7,1,7.5227787427605035,1.829004627509825,2,0.251
India,Desktop,High School,Bronze,True,False,False,38,8.5,3.7,9,3,10.7,254.15,1,5.537924643892912,1.727698115361634,1,0.3006
USA,Mobile,Master,Silver,True,False,False,43,8.2,4.2,8,1,8.7,1732.35,1,7.457234147229206,1.8128169798052736,2,0.251
USA,Mobile,Bachelor,Silver,True,True,True,109,427.7443530726496,3.5,4,3,27.0,48.46,0,3.8807387153883797,1.691512653766797,0,0.3466
Germany,Desktop,Bachelor,Silver,True,True,False,20,40.4,4.8,4,4,12.2,385.93,0,5.955656005869189,1.9062310586677143,0,0.3466
UK,Desktop,Master,Gold,True,True,False,25,68.8,2.6,6,5,4.5,1767.25,1,7.477179945051064,1.5102107064924273,2,0.251
France,Desktop,High School,Bronze,True,True,True,47,8.5,3.3,3,5,13.0,1290.69,1,7.162932238077341,1.6539684852930463,1,0.3006
India,Tablet,Bachelor,Gold,True,True,False,18,15.9,4.2,7,5,8.7,1701.9,0,7.439500553000631,1.8128169798052736,0,0.3466
USA,Desktop,Bachelor,Gold,True,True,False,48,6.2,4.0,7,2,15.4,964.95,1,6.872076286525119,1.7796336993958102,0,0.3466
France,Mobile,Master,Silver,True,False,True,43,22.5,2.2,8,2,19.3,1614.41,0,7.386724843831895,1.4177166459929065,2,0.251
Germany,Desktop,High School,Silver,True,False,False,35,8.3,4.7,6,5,0.5,1668.99,1,7.419973932032142,1.891255528483568,1,0.3006
USA,Desktop,Master,Bronze,True,True,False,20,6.9,2.9,8,2,23.6,1311.88,0,7.179216501906367,1.574366995878342,2,0.251
Japan,Mobile,Bachelor,Platinum,True,True,False,28,60.4,3.7,4,4,14.0,782.82,0,6.662902784505712,1.727698115361634,0,0.3466
UK,Desktop,High School,Bronze,True,True,False,47,4.1,3.8,4,3,16.3,718.74,0,6.577499678971295,1.74531138386547,1,0.3006
Germany,Mobile,Master,Silver,True,True,False,53,1.7,4.0,8,4,4.1,540.18,1,6.291902417348441,1.7796336993958102,2,0.251
USA,Mobile,High School,Silver,True,True,True,26,21.9,4.7,7,1,13.1,561.02,0,6.329756555511114,1.891255528483568,1,0.3006
Germany,Mobile,Bachelor,Platinum,True,False,False,52,9.1,3.1,7,4,14.8,1319.21,0,7.184788351568387,1.6149595811994066,0,0.3466
UK,Desktop,High School,Gold,True,False,True,46,7.3,3.4,4,3,1.2,1351.65,0,7.209081347349156,1.672916754755899,1,0.3006
India,Tablet,Bachelor,Silver,True,True,True,38,108.3,4.1,4,5,5.3,1895.91,1,7.547454213333879,1.7963629745483078,0,0.3466
USA,Mobile,Bachelor,Bronze,True,False,True,29,21.8,4.3,5,3,11.0,199.93,0,5.297967305283741,1.829004627509825,0,0.3466
Germany,Tablet,Bachelor,Bronze,True,True,False,31,11.6,3.9,3,4,5.4,4581.52,1,8.429786099778257,1.7626197870713454,0,0.3466
Germany,Mobile,Bachelor,Bronze,True,True,False,60,6.9,3.1,5,3,9.6,825.04,0,6.715431870007814,1.6149595811994066,0,0.3466
Brazil,Mobile,Bachelor,Gold,True,True,False,40,17.4,4.5,7,1,26.4,218.22,1,5.3855037282269524,1.860614396637471,0,0.3466
France,Tablet,High School,Gold,True,True,True,54,3.0,4.4,5,1,18.7,292.01,1,5.676788048257223,1.844934404062263,1,0.3006
Japan,Tablet,Bachelor,Gold,True,True,False,41,8.1,3.1,5,0,16.5,1724.39,0,7.452628643737631,1.6149595811994066,0,0.3466
Brazil,Desktop,PhD,Silver,True,True,True,33,11.8,4.5,8,2,25.3,2402.49,1,7.7842609785048795,1.860614396637471,3,0.1018
India,Desktop,Master,Silver,True,False,False,45,14.5,3.7,5,4,7.1,460.19,1,6.131639447682426,1.727698115361634,2,0.251
UK,Desktop,High School,Bronze,True,True,True,64,10.9,4.5,5,1,29.3,2243.06,1,7.715596284050979,1.860614396637471,1,0.3006
France,Desktop,High School,Bronze,True,True,False,30,7.0,3.5,4,3,6.6,7357.27,0,8.903444219000589,1.691512653766797,1,0.3006
India,Desktop,PhD,Bronze,True,True,True,49,25.4,4.7,3,6,14.8,432.18,1,6.0688421681293265,1.891255528483568,3,0.1018
Spain,Desktop,Bachelor,Gold,True,True,False,40,3.3,2.8,8,4,28.9,171.52,1,5.144699877882437,1.5534355914115192,0,0.3466
Australia,Tablet,Bachelor,Bronze,True,False,True,21,9.8,4.7,4,1,10.0,436.79,0,6.079452530395735,1.891255528483568,0,0.3466
UK,Desktop,Master,Gold,True,True,False,20,8.0,4.4,5,3,5.0,824.66,1,6.714971180177273,1.844934404062263,2,0.251
USA,Mobile,Bachelor,Silver,True,False,True,33,27.4,4.5,9,3,12.2,1812.98,0,7.502727179254402,1.860614396637471,0,0.3466
Germany,Desktop,Bachelor,Silver,True,True,True,42,8.4,4.0,8,6,7.0,1032.84,1,6.9400675684493836,1.7796336993958102,0,0.3466
Brazil,Desktop,PhD,Bronze,True,True,False,49,17.3,2.2,8,5,22.5,5666.12,1,8.642259859128421,1.4177166459929065,3,0.1018
Germany,Desktop,Master,Bronze,True,True,False,19,15.9,3.7,5,3,27.6,1492.62,0,7.308288244044739,1.727698115361634,2,0.251
Germany,Desktop,High School,Bronze,True,False,False,46,2.8,3.9,7,1,25.7,479.75,1,6.173265134887809,1.7626197870713454,1,0.3006
India,Mobile,High School,Gold,True,False,False,37,11.6,3.6,4,2,4.3,840.5,0,6.7339969528486705,1.7097690490891824,1,0.3006
UK,Tablet,High School,Bronze,True,True,True,38,3.0,3.8,6,2,28.5,2744.43,1,7.917328682108104,1.74531138386547,1,0.3006
India,Desktop,Master,Gold,True,True,False,45,16.1,4.4,9,2,22.1,1538.21,0,7.338374681707009,1.844934404062263,2,0.251
Germany,Mobile,High School,Gold,True,True,False,59,6.8,4.4,9,3,22.7,4631.58,1,8.440653341566604,1.844934404062263,1,0.3006
UK,Mobile,High School,Bronze,True,True,True,42,31.5,3.9,6,5,16.5,516.86,1,6.247772044800624,1.7626197870713454,1,0.3006
Germany,Tablet,PhD,Gold,True,True,False,22,10.5,4.4,7,5,11.2,2813.95,0,7.942344469215126,1.844934404062263,3,0.1018
Brazil,Mobile,High School,Silver,True,True,True,36,6.6,2.8,5,3,7.6,1313.23,1,7.180245030325374,1.5534355914115192,1,0.3006
USA,Mobile,High School,Gold,True,True,False,48,31.8,4.5,3,1,14.1,641.75,0,6.46419881975125,1.860614396637471,1,0.3006
USA,Mobile,High School,Bronze,True,False,False,49,6.1,4.8,6,4,24.1,1052.99,1,6.959389015412718,1.9062310586677143,1,0.3006
Canada,Mobile,High School,Bronze,True,True,False,46,24.9,4.7,4,3,9.3,679.47,1,6.521313082506178,1.891255528483568,1,0.3006
USA,Desktop,Bachelor,Bronze,True,True,False,32,17.7,4.4,3,1,26.7,1204.35,1,7.093695281298802,1.844934404062263,0,0.3466
France,Desktop,PhD,Bronze,True,False,False,22,9.1,4.2,6,3,4.4,478.44,0,6.170530811181264,1.8128169798052736,3,0.1018
France,Tablet,Master,Gold,True,True,False,45,4.2,4.2,1,4,1.5,1762.18,0,7.474306957918672,1.8128169798052736,2,0.251
Germany,Mobile,Bachelor,Gold,True,True,False,23,32.9,4.6,8,3,15.1,161.27,0,5.083079978992425,1.876052317839795,0,0.3466
Japan,Mobile,Bachelor,Platinum,True,False,False,46,18.2,3.9,5,4,27.9,1055.63,0,6.961893024081339,1.7626197870713454,0,0.3466
USA,Mobile,Bachelor,Bronze,True,False,False,46,6.6,3.9,6,4,25.1,610.71,1,6.414622214747064,1.7626197870713454,0,0.3466
France,Desktop,High School,Bronze,True,True,False,32,14.8,4.8,4,0,4.1,1805.73,0,7.498720221139314,1.9062310586677143,1,0.3006
UK,Mobile,High School,Silver,True,True,True,37,27.2,4.7,4,1,4.2,2036.32,1,7.618899536243737,1.891255528483568,1,0.3006
Japan,Mobile,PhD,Bronze,True,True,True,40,13.3,2.8,5,1,2.9,1579.69,0,7.364983904239132,1.5534355914115192,3,0.1018
USA,Desktop,High School,Bronze,True,True,True,31,14.7,4.3,9,3,23.6,1104.39,1,7.007048425324676,1.829004627509825,1,0.3006
France,Mobile,High School,Silver,True,False,True,21,27.8,3.0,5,4,9.9,343.41,0,5.838925068598495,1.5948692441471295,1,0.3006
USA,Tablet,Bachelor,Bronze,True,False,True,38,41.7,3.4,6,3,10.0,3133.1,0,8.049778208731993,1.672916754755899,0,0.3466
UK,Desktop,Bachelor,Silver,True,False,False,39,11.1,4.2,4,5,27.8,365.37,1,5.900910538767129,1.8128169798052736,0,0.3466
USA,Mobile,High School,Bronze,True,True,False,54,4.2,4.0,8,2,19.2,3282.68,1,8.096415440926355,1.7796336993958102,1,0.3006
USA,Desktop,High School,Silver,True,True,False,29,4.3,4.7,7,3,27.9,4535.28,0,8.419642102649894,1.891255528483568,1,0.3006
India,Mobile,Bachelor,Gold,True,False,True,51,7.0,3.7,6,2,7.2,2709.46,0,7.9045046320258185,1.727698115361634,0,0.3466
UK,Desktop,Master,Bronze,True,True,True,24,5.8,1.9,7,1,22.3,1421.43,0,7.259418686121946,1.3422601050930534,2,0.251
Australia,Mobile,High School,Platinum,True,True,False,22,3.2,3.7,5,2,2.8,1187.01,1,7.079192819174013,1.727698115361634,1,0.3006
Canada,Tablet,Bachelor,Silver,True,False,False,34,53.4,3.8,5,1,20.0,1102.11,0,7.00498180324312,1.74531138386547,0,0.3466
France,Desktop,Bachelor,Platinum,True,True,True,27,18.6,4.7,2,4,12.9,537.03,0,6.28605395887021,1.891255528483568,0,0.3466
USA,Tablet,Master,Bronze,True,True,False,22,8.0,4.4,6,3,0.9,923.63,0,6.828311558546588,1.844934404062263,2,0.251
UK,Tablet,Bachelor,Silver,True,False,False,61,11.9,4.8,4,2,2.5,2339.59,1,7.757730979324824,1.9062310586677143,0,0.3466
Brazil,Desktop,High School,Silver,True,True,False,33,2.9,3.4,6,2,28.2,299.44,0,5.701914063596173,1.672916754755899,1,0.3006
UK,Desktop,Bachelor,Gold,True,False,True,66,30.7,4.1,5,2,23.5,5481.37,1,8.609110348697268,1.7963629745483078,0,0.3466
USA,Tablet,Master,Silver,True,False,False,26,2.6,3.3,9,2,24.0,12418.43,0,9.426936938479463,1.6539684852930463,2,0.251
France,Tablet,High School,Silver,True,False,False,18,18.3,3.9,6,4,1.0,1589.61,0,7.371243982108609,1.7626197870713454,1,0.3006
India,Desktop,Bachelor,Platinum,True,True,False,53,2.8,4.2,7,0,22.5,2728.38,1,7.911463305450223,1.8128169798052736,0,0.3466
Brazil,Desktop,High School,Bronze,True,True,False,29,8.7,3.4,4,2,0.8,1266.53,1,7.144036156488469,1.672916754755899,1,0.3006
USA,Desktop,High School,Bronze,True,True,False,40,32.9,3.0,3,5,8.5,588.72,1,6.377950688618344,1.5948692441471295,1,0.3006
Japan,Tablet,Bachelor,Silver,True,True,False,22,3.3,4.3,8,0,14.9,1270.84,0,7.147433378135437,1.829004627509825,0,0.3466
USA,Desktop,High School,Silver,True,True,False,38,10.8,3.4,6,3,11.8,1419.44,1,7.258017706615324,1.672916754755899,1,0.3006
USA,Mobile,Master,Silver,True,True,False,22,20.1,4.3,5,4,4.2,1324.7,0,7.188941297690216,1.829004627509825,2,0.251
India,Mobile,Bachelor,Silver,True,True,False,37,17.7,4.4,10,3,29.5,8675.35,1,9.068240949822515,1.844934404062263,0,0.3466
USA,Desktop,Bachelor,Platinum,True,True,False,32,12.9,3.4,5,1,1.6,7088.92,0,8.866288280701765,1.672916754755899,0,0.3466
UK,Mobile,Bachelor,Gold,True,False,True,41,18.1,4.5,7,5,20.5,1708.77,0,7.443529092431989,1.860614396637471,0,0.3466
USA,Desktop,Bachelor,Bronze,True,True,False,46,7.5,4.5,8,1,23.7,208.92,1,5.341951403568098,1.860614396637471,0,0.3466
India,Tablet,High School,Bronze,True,True,False,41,57.2,4.8,8,2,8.3,928.03,0,6.833064059849883,1.9062310586677143,1,0.3006
Brazil,Desktop,Master,Platinum,True,True,True,43,3.4,4.4,4,3,12.2,1676.87,0,7.424684239438581,1.844934404062263,2,0.251
Japan,Mobile,PhD,Gold,True,False,False,37,30.9,3.8,8,3,2.5,2404.12,1,7.7849392112146205,1.74531138386547,3,0.1018
Brazil,Mobile,High School,Platinum,True,True,False,33,14.2,3.5,7,0,10.8,516.15,0,6.246397420911599,1.691512653766797,1,0.3006
USA,Desktop,High School,Bronze,True,True,False,44,20.0,4.1,4,3,10.4,5023.67,1,8.521916021277324,1.7963629745483078,1,0.3006
Germany,Desktop,High School,Gold,True,True,True,37,23.0,3.8,6,2,0.9,275.87,0,5.619929740262226,1.74531138386547,1,0.3006
UK,Desktop,Master,Gold,True,False,True,115,590.8553402355045,4.2,9,3,7.9,178431.91089986084,0,12.09196235588929,1.8128169798052736,2,0.251
USA,Desktop,Master,Bronze,True,False,False,43,6.4,3.1,6,1,27.8,1506.81,0,7.3177501123766975,1.6149595811994066,2,0.251
Germany,Mobile,Master,Silver,True,True,True,26,9.7,2.4,9,3,20.3,177.94,0,5.181446414816621,1.4650326891622956,2,0.251
Australia,Mobile,Master,Silver,True,True,False,55,3.8,4.3,1,6,0.4,236.76,1,5.467046969822524,1.829004627509825,2,0.251
USA,Mobile,Bachelor,Silver,True,True,True,35,9.6,3.8,7,2,15.5,706.48,1,6.560294893160547,1.74531138386547,0,0.3466
UK,Mobile,Bachelor,Gold,True,True,False,39,15.8,3.1,5,2,10.4,1374.55,1,7.225881683807993,1.6149595811994066,0,0.3466
USA,Mobile,Master,Gold,True,False,True,37,19.8,3.4,12,1,29.5,962.95,1,6.870001489370221,1.672916754755899,2,0.251
USA,Mobile,Bachelor,Gold,True,True,False,46,16.7,4.3,6,1,28.5,353.07,1,5.866666337557681,1.829004627509825,0,0.3466
Australia,Desktop,Bachelor,Gold,True,True,False,42,3.0,3.2,7,1,20.6,668.61,0,6.505200930499934,1.6346542330120937,0,0.3466
Germany,Desktop,Bachelor,Silver,True,True,False,37,7.8,4.6,10,0,0.6,1104.53,1,7.007175184102891,1.876052317839795,0,0.3466
Germany,Desktop,Bachelor,Bronze,True,True,True,55,7.2,4.1,8,3,4.4,6238.01,1,8.738416500244373,1.7963629745483078,0,0.3466
Brazil,Mobile,Bachelor,Gold,True,True,True,18,4.3,3.0,6,0,22.8,470.8,0,6.154433375386121,1.5948692441471295,0,0.3466
USA,Desktop,Bachelor,Silver,True,True,False,53,6.2,4.5,8,4,18.1,894.43,1,6.796186643877669,1.860614396637471,0,0.3466
Germany,Desktop,Master,Bronze,True,True,True,49,12.2,4.4,4,2,7.0,396.69,1,5.983155119236841,1.844934404062263,2,0.251
Germany,Desktop,Bachelor,Silver,True,True,True,18,37.8,3.6,4,0,3.2,776.04,0,6.6542040652465015,1.7097690490891824,0,0.3466
France,Mobile,Bachelor,Bronze,True,True,True,49,5.7,3.5,9,3,11.0,1173.05,0,7.067362473490975,1.691512653766797,0,0.3466
Spain,Desktop,Master,Silver,True,False,False,51,4.9,3.5,10,4,26.3,293.03,0,5.680274992854161,1.691512653766797,2,0.251
Brazil,Desktop,Bachelor,Bronze,True,True,False,45,7.5,4.9,7,2,16.2,3697.63,0,8.215447352858039,1.920985627295474,0,0.3466
UK,Desktop,High School,Bronze,True,True,False,19,16.0,4.2,9,4,8.8,149.73,0,5.008833672149628,1.8128169798052736,1,0.3006
India,Desktop,High School,Platinum,True,True,False,46,32.4,4.0,7,0,2.7,657.27,0,6.488094892968237,1.7796336993958102,1,0.3006
USA,Mobile,Bachelor,Gold,True,True,True,50,11.4,3.5,5,3,5.4,1349.96,0,7.2078302413638795,1.691512653766797,0,0.3466
USA,Desktop,Bachelor,Gold,True,True,True,31,3.8,4.9,5,6,12.5,565.5,0,6.3377102955561755,1.920985627295474,0,0.3466
USA,Desktop,PhD,Silver,True,True,True,121,4.5,4.3,9,6,22.7,3391.25,1,8.128953863973141,1.829004627509825,3,0.1018
UK,Mobile,Bachelor,Gold,True,False,False,34,14.2,2.0,11,1,14.6,875.77,0,6.775103499384622,1.3680501190364096,0,0.3466
Germany,Desktop,Bachelor,Gold,True,True,True,49,27.0,3.1,10,4,14.1,1920.64,0,7.560413742811948,1.6149595811994066,0,0.3466
France,Desktop,High School,Silver,True,False,False,34,52.1,4.4,7,4,8.3,4553.7,1,8.423695368300923,1.844934404062263,1,0.3006
Australia,Tablet,High School,Platinum,True,True,True,31,4.7,3.8,8,6,7.5,1129.9,0,7.029884412215201,1.74531138386547,1,0.3006
Germany,Desktop,Master,Bronze,True,True,False,38,13.6,4.4,8,5,20.2,251.49,1,5.527403227317876,1.844934404062263,2,0.251
Germany,Desktop,High School,Platinum,True,False,True,22,5.3,2.8,4,6,21.4,835.59,1,6.728138062162261,1.5534355914115192,1,0.3006
USA,Desktop,Bachelor,Silver,True,True,True,36,5.9,4.1,6,3,28.9,1343.4,0,7.202958992832764,1.7963629745483078,0,0.3466
USA,Mobile,Master,Silver,True,True,True,42,5.5,4.6,4,2,27.0,885.23,1,6.785847498248802,1.876052317839795,2,0.251
France,Mobile,Bachelor,Bronze,True,True,False,48,9.3,4.1,5,2,17.6,686.3,1,6.5313148499145885,1.7963629745483078,0,0.3466
Germany,Mobile,Master,Silver,True,False,False,102,6.0,3.5,4,0,18.3,1114.22,0,7.01590988752434,1.691512653766797,2,0.251
India,Mobile,Bachelor,Silver,True,True,False,21,421.76503515648506,3.4,10,3,11.7,2977.51,1,7.998842659746066,1.672916754755899,0,0.3466
USA,Desktop,High School,Platinum,True,True,False,54,8.4,4.1,8,4,29.2,3295.97,0,8.100455789046192,1.7963629745483078,1,0.3006
USA,Desktop,Master,Platinum,True,False,True,55,26.8,3.4,3,2,27.5,1275.16,1,7.150826939915369,1.672916754755899,2,0.251
Germany,Mobile,Master,Platinum,True,True,True,39,7.2,4.3,10,0,1.3,2408.45,1,7.786738666045778,1.829004627509825,2,0.251
USA,Tablet,High School,Bronze,True,False,False,29,72.7,2.4,8,0,11.2,997.89,1,6.905643049795863,1.4650326891622956,1,0.3006
USA,Desktop,High School,Platinum,True,False,False,32,16.0,3.6,6,3,12.0,1424.41,0,7.2615129718788385,1.7097690490891824,1,0.3006
Brazil,Mobile,High School,Silver,True,True,True,36,23.8,4.0,5,2,8.1,4879.05,0,8.492705807764967,1.7796336993958102,1,0.3006
USA,Desktop,High School,Gold,True,False,False,41,7.6,4.7,10,1,13.2,441.49,1,6.090155369730873,1.891255528483568,1,0.3006
France,Desktop,PhD,Bronze,True,True,False,34,26.6,3.0,8,4,13.5,2190.74,1,7.691994665278732,1.5948692441471295,3,0.1018
UK,Desktop,Bachelor,Silver,True,True,True,28,15.9,1.9,5,2,23.3,712.13,0,6.5682604790151595,1.3422601050930534,0,0.3466
USA,Desktop,Bachelor,Platinum,True,True,True,50,9.0,4.7,2,1,27.3,2307.51,1,7.743924300062091,1.891255528483568,0,0.3466
UK,Mobile,Master,Platinum,True,False,False,41,5.1,4.5,10,1,15.8,3226.61,1,8.079187329464828,1.860614396637471,2,0.251
India,Mobile,Bachelor,Silver,True,True,False,25,10.1,4.0,7,5,7.7,3766.41,1,8.233877572117658,1.7796336993958102,0,0.3466
UK,Desktop,Bachelor,Gold,True,False,False,41,9.4,4.1,3,4,16.1,1566.78,0,7.35677783683913,1.7963629745483078,0,0.3466
Brazil,Desktop,PhD,Bronze,True,True,False,40,24.4,3.9,9,1,5.3,1302.66,1,7.172163606774201,1.7626197870713454,3,0.1018
USA,Mobile,Master,Gold,True,True,False,29,10.1,3.7,8,1,10.5,984.24,0,6.891869769751914,1.727698115361634,2,0.251
Brazil,Desktop,Master,Silver,True,True,False,52,2.6,2.5,9,3,16.1,116.07,0,4.754193457380532,1.487876807789161,2,0.251
USA,Mobile,Bachelor,Bronze,True,True,True,40,20.4,4.7,8,4,28.6,1822.21,0,7.507805329136503,1.891255528483568,0,0.3466
Japan,Desktop,Master,Bronze,True,True,True,35,34.3,2.8,4,3,14.1,1519.35,1,7.326037890800916,1.5534355914115192,2,0.251
France,Mobile,High School,Bronze,True,False,True,37,3.2,4.4,4,3,0.3,407.58,0,6.010237232431265,1.844934404062263,1,0.3006
Australia,Desktop,Bachelor,Gold,True,True,False,43,51.6,3.0,6,6,3.3,2982.32,0,8.000456800097167,1.5948692441471295,0,0.3466
UK,Desktop,PhD,Bronze,True,True,False,37,37.2,4.1,11,3,12.0,1168.01,0,7.0630567249953575,1.7963629745483078,3,0.1018
USA,Desktop,High School,Silver,True,True,True,37,7.4,3.7,4,5,5.1,2503.9,0,7.825604795320285,1.727698115361634,1,0.3006
USA,Desktop,Master,Bronze,True,False,True,51,5.0,4.2,7,1,9.7,661.47,0,6.494464631052678,1.8128169798052736,2,0.251
India,Desktop,Bachelor,Silver,True,False,True,21,28.3,4.6,6,6,26.1,500.03,0,6.214668096622264,1.876052317839795,0,0.3466
France,Mobile,High School,Gold,True,False,True,23,4.1,3.8,4,1,20.7,676.73,0,6.517272375046999,1.74531138386547,1,0.3006
Brazil,Desktop,Master,Silver,True,False,True,47,7.1,3.9,4,2,19.1,4475.72,0,8.406422511621676,1.7626197870713454,2,0.251
USA,Desktop,High School,Silver,True,True,False,67,4.3,3.6,3,1,11.8,209.51,0,5.3447714709199206,1.7097690490891824,1,0.3006
UK,Mobile,Bachelor,Silver,True,True,False,49,12.2,3.6,10,1,23.1,676.87,0,6.517479230839698,1.7097690490891824,0,0.3466
USA,Mobile,High School,Bronze,True,False,False,60,39.3,3.4,1,4,30.0,985.37,0,6.893017205156872,1.672916754755899,1,0.3006
Canada,Tablet,PhD,Gold,True,True,True,33,16.4,2.7,7,3,10.0,1789.12,1,7.48947915783828,1.5320566796070851,3,0.1018
Japan,Mobile,High School,Bronze,True,True,False,30,27.5,4.0,6,2,20.0,1254.13,0,7.134197384081246,1.7796336993958102,1,0.3006
Australia,Mobile,High School,Bronze,True,True,True,43,9.2,4.5,10,4,6.1,2344.26,1,7.759725066047275,1.860614396637471,1,0.3006
UK,Mobile,High School,Gold,True,True,False,49,13.2,3.4,4,0,3.0,1317.69,0,7.18363548254161,1.672916754755899,1,0.3006
France,Tablet,PhD,Bronze,True,False,True,22,4.6,3.4,4,3,29.1,317.98,0,5.761988487720563,1.672916754755899,3,0.1018
Japan,Mobile,Master,Gold,True,False,False,35,11.3,3.1,6,3,6.1,2978.25,0,7.99909115867947,1.6149595811994066,2,0.251
UK,Desktop,Master,Bronze,True,True,False,38,6.7,3.9,5,4,3.1,1407.91,1,7.249861614220443,1.7626197870713454,2,0.251
India,Desktop,Bachelor,Gold,True,False,True,30,10.7,4.2,6,2,14.5,905.77,0,6.808785410679621,1.8128169798052736,0,0.3466
Canada,Desktop,Bachelor,Bronze,True,False,False,31,10.1,3.5,9,5,20.9,6177.01,0,8.728589614603445,1.691512653766797,0,0.3466
Australia,Mobile,High School,Bronze,True,True,False,48,9.5,4.5,3,4,0.0,388.82,0,5.963116511592494,1.860614396637471,1,0.3006
Brazil,Mobile,Bachelor,Bronze,True,False,False,44,65.8,4.6,17,3,12.0,1314.49,1,7.181204036685693,1.876052317839795,0,0.3466
UK,Mobile,High School,Gold,True,True,True,48,50.1,3.9,9,1,14.1,1437.11,0,7.270389431513997,1.7626197870713454,1,0.3006
UK,Desktop,PhD,Platinum,True,True,True,42,37.8,2.7,7,2,14.8,330.18,1,5.799637960299722,1.5320566796070851,3,0.1018
Canada,Mobile,Master,Silver,True,True,True,28,51.2,3.3,5,3,12.0,438.46,1,6.083268587583019,1.6539684852930463,2,0.251
USA,Mobile,Bachelor,Gold,True,True,True,43,37.9,3.2,3,1,4.6,1371.88,1,7.223937340903819,1.6346542330120937,0,0.3466
Japan,Desktop,High School,Silver,True,False,True,27,12.0,4.6,7,0,21.4,1226.48,1,7.111903557002199,1.876052317839795,1,0.3006
Japan,Mobile,Master,Platinum,True,True,False,34,11.0,3.6,9,2,19.1,1953.9,1,7.577582654220466,1.7097690490891824,2,0.251
Japan,Desktop,High School,Gold,True,True,False,26,14.7,4.1,5,2,1.0,1041.22,1,6.948148381541382,1.7963629745483078,1,0.3006
Spain,Tablet,High School,Bronze,True,True,False,31,10.3,4.1,10,1,18.1,685.69,0,6.530425630546818,1.7963629745483078,1,0.3006
UK,Mobile,High School,Gold,True,False,False,39,5.3,4.4,10,5,22.6,2675.33,0,7.891828016207316,1.844934404062263,1,0.3006
UK,Mobile,Bachelor,Silver,True,True,True,33,15.4,3.4,7,2,3.8,110.11,1,4.7014798661255,1.672916754755899,0,0.3466
USA,Mobile,Master,Bronze,True,True,False,27,3.5,2.8,10,5,22.9,2912.44,0,7.976746496803386,1.5534355914115192,2,0.251
Germany,Tablet,Bachelor,Bronze,True,False,False,52,13.6,3.1,4,1,7.8,393.9,1,5.97609706997686,1.6149595811994066,0,0.3466
UK,Mobile,High School,Platinum,True,False,False,37,5.5,4.7,6,1,20.3,682.06,1,6.525117630513343,1.891255528483568,1,0.3006
UK,Desktop,Bachelor,Platinum,True,False,False,32,11.4,3.8,8,2,20.1,1259.13,0,7.138176285266576,1.74531138386547,0,0.3466
India,Mobile,Master,Gold,True,True,True,25,14.2,3.1,1,3,17.0,1007.08,0,6.914810333455814,1.6149595811994066,2,0.251
Australia,Desktop,High School,Platinum,True,False,False,18,9.2,5.0,2,2,6.7,709.8,1,6.564983240212396,1.9355256601749082,1,0.3006
USA,Desktop,High School,Gold,True,True,True,35,3.3,4.8,2,2,8.2,3635.39,0,8.198471674446273,1.9062310586677143,1,0.3006
UK,Tablet,PhD,Bronze,True,True,False,21,4.7,4.9,5,2,14.2,3585.12,0,8.184547225276866,1.920985627295474,3,0.1018
Australia,Mobile,PhD,Bronze,True,True,True,47,17.6,4.6,3,1,0.8,12093.57,1,9.400429185380498,1.876052317839795,3,0.1018
USA,Desktop,PhD,Bronze,True,True,False,38,7.8,4.2,6,2,12.5,1662.45,1,7.4160476968897715,1.8128169798052736,3,0.1018
USA,Desktop,Master,Bronze,True,True,False,57,19.1,4.6,5,4,20.8,809.58,1,6.696515594670751,1.876052317839795,2,0.251
USA,Desktop,High School,Bronze,True,True,True,41,12.3,4.3,9,1,0.1,1192.55,1,7.083849150604686,1.829004627509825,1,0.3006
France,Desktop,High School,Silver,True,True,False,29,10.4,4.2,10,2,22.2,5914.09,1,8.685092918423107,1.8128169798052736,1,0.3006
USA,Desktop,Bachelor,Gold,True,True,False,18,16.1,3.8,4,2,12.9,1426.1,0,7.262698724742721,1.74531138386547,0,0.3466
Canada,Mobile,Bachelor,Gold,True,False,False,48,7.1,3.8,5,1,14.6,680.05,0,6.5221663248787625,1.74531138386547,0,0.3466
Germany,Desktop,PhD,Silver,True,False,False,22,16.8,4.3,13,5,6.7,752.14,0,6.6229224768350825,1.829004627509825,3,0.1018
Germany,Mobile,Master,Platinum,True,False,True,33,8.7,4.2,12,2,12.4,1193.36,0,7.084528136845675,1.8128169798052736,2,0.251
USA,Desktop,Master,Silver,True,True,False,58,92.7,2.7,2,5,15.2,933.53,1,6.838973099583763,1.5320566796070851,2,0.251
Germany,Tablet,High School,Gold,True,False,True,45,4.9,4.3,10,1,29.4,657.32,1,6.488170962313089,1.829004627509825,1,0.3006
Japan,Desktop,PhD,Silver,True,True,False,43,9.2,3.5,6,2,18.6,496.92,0,6.208429047345477,1.691512653766797,3,0.1018
Brazil,Desktop,Master,Bronze,True,True,False,49,9.5,2.6,7,2,18.9,2091.51,1,7.6456415721282935,1.5102107064924273,2,0.251
Brazil,Desktop,High School,Platinum,True,False,False,49,4.1,3.3,2,2,29.9,622.96,0,6.434482311268731,1.6539684852930463,1,0.3006
France,Mobile,Master,Bronze,True,True,True,57,21.8,4.1,10,2,1.1,588.71,1,6.377933702470547,1.7963629745483078,2,0.251
Australia,Mobile,High School,Silver,True,True,False,31,8.6,4.0,6,2,26.1,1270.48,0,7.1471500608023915,1.7796336993958102,1,0.3006
India,Desktop,High School,Bronze,True,True,True,33,1.8,3.8,6,6,23.7,2492.24,1,7.820937183456204,1.74531138386547,1,0.3006
Brazil,Desktop,Master,Silver,True,True,False,27,21.2,4.7,5,4,1.4,974.63,0,6.882057911794878,1.891255528483568,2,0.251
USA,Desktop,Master,Platinum,True,True,True,38,7.3,4.2,6,5,13.3,364.24,0,5.897812991026527,1.8128169798052736,2,0.251
USA,Mobile,High School,Bronze,True,False,True,36,11.2,3.9,4,2,15.5,430.19,1,6.064226971561136,1.7626197870713454,1,0.3006
USA,Mobile,Bachelor,Gold,True,False,False,18,20.9,4.0,7,3,1.0,2578.53,0,7.854974748094652,1.7796336993958102,0,0.3466
Japan,Desktop,PhD,Bronze,True,True,True,30,9.1,3.7,8,5,13.4,296.56,1,5.692249558842477,1.727698115361634,3,0.1018
Germany,Desktop,Master,Bronze,True,True,False,55,9.0,3.9,3,3,26.4,548.08,1,6.306421261694644,1.7626197870713454,2,0.251
Germany,Desktop,Master,Bronze,True,False,False,41,87.5,4.3,8,2,0.9,165.51,1,5.109031615952449,1.829004627509825,2,0.251
Australia,Desktop,High School,Gold,True,False,False,47,2.2,3.4,2,4,24.8,229.32,0,5.435118408040182,1.672916754755899,1,0.3006
Australia,Mobile,High School,Bronze,True,True,True,37,4.4,3.7,6,1,25.2,276.26,0,5.621342451271814,1.727698115361634,1,0.3006
Australia,Desktop,High School,Silver,True,False,False,18,5.1,4.3,3,3,0.1,1263.19,1,7.141395546507311,1.829004627509825,1,0.3006
UK,Desktop,High School,Bronze,True,True,False,36,51.0,3.0,5,2,27.3,407.52,1,6.010090011231147,1.5948692441471295,1,0.3006
Japan,Desktop,High School,Bronze,True,True,True,51,7.3,3.4,3,1,21.5,375.36,1,5.927885565465111,1.672916754755899,1,0.3006
UK,Tablet,High School,Gold,True,False,False,24,14.8,4.0,4,1,28.2,649.47,0,6.476156645667449,1.7796336993958102,1,0.3006
USA,Tablet,Bachelor,Bronze,True,True,False,47,8.3,4.5,8,3,27.9,3799.9,1,8.242730029578738,1.860614396637471,0,0.3466
USA,Desktop,Bachelor,Bronze,True,False,True,18,19.7,2.6,3,1,7.4,409.63,0,6.01525431323072,1.5102107064924273,0,0.3466
UK,Desktop,Master,Bronze,True,True,False,38,12.1,3.2,6,1,15.5,1962.59,1,7.582020308477643,1.6346542330120937,2,0.251
Germany,Desktop,High School,Silver,True,True,False,45,14.9,4.0,7,2,14.7,6708.63,0,8.811150036243305,1.7796336993958102,1,0.3006
India,Mobile,Bachelor,Silver,True,True,True,34,34.1,4.4,4,0,21.3,2322.28,1,7.750304740689947,1.844934404062263,0,0.3466
USA,Desktop,High School,Bronze,True,True,False,68,17.3,3.3,3,3,17.5,636.75,1,6.456377113859566,1.6539684852930463,1,0.3006
Brazil,Mobile,Bachelor,Bronze,True,False,False,32,6.8,4.4,5,3,28.9,649.8,0,6.476664623235,1.844934404062263,0,0.3466
France,Mobile,High School,Silver,True,True,False,31,15.6,3.9,2,4,15.1,1641.88,1,7.403597205733988,1.7626197870713454,1,0.3006
UK,Tablet,PhD,Bronze,True,True,True,40,84.3,3.8,2,5,11.2,2716.75,1,7.907191591942961,1.74531138386547,3,0.1018
Germany,Desktop,Master,Gold,True,False,False,29,19.1,3.7,4,4,29.8,520.22,1,6.254251799026743,1.727698115361634,2,0.251
UK,Mobile,Bachelor,Gold,True,False,False,21,13.8,3.5,2,1,17.8,478.61,1,6.170886069530959,1.691512653766797,0,0.3466
France,Mobile,High School,Silver,True,False,False,25,4.1,4.4,9,4,12.3,2022.0,0,7.611842399580417,1.844934404062263,1,0.3006
Germany,Desktop,Bachelor,Bronze,True,False,False,47,21.7,4.6,5,1,10.6,617.6,0,6.425840998710567,1.876052317839795,0,0.3466
USA,Desktop,Master,Gold,True,True,True,34,24.5,3.8,9,1,21.2,1280.63,1,7.155107423329125,1.74531138386547,2,0.251
USA,Desktop,High School,Gold,True,False,False,58,15.6,3.9,7,3,26.7,2189.84,0,7.691583760780851,1.7626197870713454,1,0.3006
France,Desktop,Bachelor,Silver,True,True,True,33,13.3,3.4,3,4,5.3,1194.72,0,7.085667127287391,1.672916754755899,0,0.3466
Australia,Desktop,Master,Gold,True,False,False,47,117.5,3.2,6,2,11.2,2311.38,1,7.745600027739347,1.6346542330120937,2,0.251
UK,Mobile,Master,Gold,True,False,False,44,24.2,3.9,7,1,2.0,901.82,1,6.804414943607548,1.7626197870713454,2,0.251
Brazil,Desktop,Master,Silver,True,False,False,33,32.9,3.5,2,3,8.2,4151.88,1,8.331316522693957,1.691512653766797,2,0.251
Japan,Tablet,Master,Bronze,True,False,False,27,12.9,4.0,4,2,27.5,831.67,1,6.723435727525509,1.7796336993958102,2,0.251
Australia,Desktop,PhD,Gold,True,True,False,18,11.0,4.6,2,3,19.4,1883.33,0,7.540796765559306,1.876052317839795,3,0.1018
India,Tablet,Bachelor,Bronze,True,True,True,45,20.2,4.1,6,2,27.4,821.1,1,6.710644904714743,1.7963629745483078,0,0.3466
France,Desktop,Bachelor,Gold,True,False,True,52,11.0,3.4,9,5,16.7,2504.15,1,7.825704634579162,1.672916754755899,0,0.3466
Japan,Mobile,Master,Gold,True,True,False,19,11.7,4.9,8,4,29.6,723.58,0,6.584211113559282,1.920985627295474,2,0.251
Australia,Desktop,Master,Gold,True,True,True,34,17.6,4.8,6,4,19.1,1601.54,1,7.3787209453217555,1.9062310586677143,2,0.251
UK,Desktop,PhD,Silver,True,True,True,30,8.1,3.1,6,1,21.6,639.84,0,6.461218145098508,1.6149595811994066,3,0.1018
UK,Tablet,High School,Bronze,True,True,False,45,14.5,4.4,4,0,25.9,652.2,1,6.480351263355219,1.844934404062263,1,0.3006
USA,Desktop,Bachelor,Bronze,True,True,False,34,13.0,3.4,3,1,10.6,2027.07,0,7.614346679649506,1.672916754755899,0,0.3466
India,Mobile,High School,Gold,True,True,True,54,26.4,3.5,3,1,8.9,930.17,0,6.835367365141129,1.691512653766797,1,0.3006
India,Mobile,High School,Gold,True,True,False,33,7.5,3.4,12,3,5.2,1105.85,1,7.008369549014731,1.672916754755899,1,0.3006
USA,Mobile,High School,Silver,True,False,True,23,2.5,4.4,8,2,21.2,561.21,0,6.330095167028923,1.844934404062263,1,0.3006
France,Mobile,Master,Bronze,True,True,True,32,9.5,4.3,6,2,24.6,615.49,0,6.422418698538829,1.829004627509825,2,0.251
Germany,Mobile,High School,Platinum,True,True,False,34,16.7,2.2,6,0,11.7,10513.86,0,9.260449665711512,1.4177166459929065,1,0.3006
USA,Desktop,Master,Platinum,True,True,True,44,26.3,4.1,5,7,0.0,3647.79,1,8.201876783747775,1.7963629745483078,2,0.251
Spain,Mobile,Master,Silver,True,True,False,34,7.0,3.0,7,5,27.2,1237.18,1,7.120589875145172,1.5948692441471295,2,0.251
USA,Tablet,High School,Silver,True,True,False,43,18.8,3.8,4,2,21.7,554.52,1,6.318102874670175,1.74531138386547,1,0.3006
USA,Desktop,High School,Gold,True,True,False,29,30.2,3.9,10,3,26.6,637.73,1,6.457914996279296,1.7626197870713454,1,0.3006
France,Desktop,Bachelor,Gold,True,True,False,34,22.2,4.1,7,4,26.3,327.81,0,5.792434172250764,1.7963629745483078,0,0.3466
Brazil,Mobile,Master,Platinum,True,True,False,29,6.5,4.1,4,3,14.7,11996.87,0,9.392401061413874,1.7963629745483078,2,0.251
USA,Desktop,Master,Bronze,True,True,False,28,7.1,2.7,7,2,22.6,457.33,0,6.125405230961421,1.5320566796070851,2,0.251
Japan,Desktop,Master,Silver,True,False,True,53,17.3,4.1,3,6,25.4,425.8,0,6.053969752459379,1.7963629745483078,2,0.251
France,Desktop,PhD,Silver,True,False,False,29,44.7,4.1,11,2,1.3,1248.32,1,7.129553926318292,1.7963629745483078,3,0.1018
USA,Mobile,Bachelor,Gold,True,True,False,34,12.3,4.1,4,0,24.4,228.17,0,5.430090965157479,1.7963629745483078,0,0.3466
USA,Desktop,PhD,Gold,True,False,False,51,10.7,4.2,11,3,15.0,1133.42,1,7.032994889600652,1.8128169798052736,3,0.1018
France,Mobile,Master,Platinum,True,True,False,47,4.1,3.8,9,5,10.7,3575.7,0,8.181916240156772,1.74531138386547,2,0.251
UK,Mobile,Master,Silver,True,True,False,58,9.1,3.8,8,2,5.1,1899.44,1,7.549314384868987,1.74531138386547,2,0.251
Australia,Desktop,High School,Gold,True,True,True,44,6.9,3.8,7,3,6.8,1256.76,1,7.136292259573055,1.74531138386547,1,0.3006
India,Mobile,PhD,Silver,True,True,False,31,12.5,3.2,5,1,23.9,572.75,0,6.350449321333605,1.6346542330120937,3,0.1018
Spain,Tablet,Bachelor,Silver,True,True,True,63,3.6,4.5,8,2,25.9,565.3,1,6.3373565636812454,1.860614396637471,0,0.3466
UK,Mobile,Master,Bronze,True,True,False,45,9.4,4.6,6,1,28.9,630.56,1,6.446608313446694,1.876052317839795,2,0.251
Canada,Mobile,High School,Gold,True,True,True,36,5.4,3.5,6,5,4.4,584.64,1,6.3709962731896415,1.691512653766797,1,0.3006
Germany,Desktop,Bachelor,Platinum,True,True,False,39,25.8,4.3,5,2,15.5,437.22,1,6.0804365009102455,1.829004627509825,0,0.3466
UK,Mobile,High School,Bronze,True,True,False,40,6.1,4.4,4,0,27.5,612.21,0,6.417075360909104,1.844934404062263,1,0.3006
USA,Desktop,High School,Bronze,True,True,True,35,7.7,4.8,7,2,6.6,2123.78,0,7.660952798842817,1.9062310586677143,1,0.3006
USA,Desktop,High School,Gold,True,True,False,21,15.3,4.1,4,0,7.3,848.26,0,6.743187192572156,1.7963629745483078,1,0.3006
Japan,Desktop,Master,Silver,True,True,True,58,8.5,4.0,6,2,16.3,1514.64,1,7.322933065944094,1.7796336993958102,2,0.251
Germany,Desktop,High School,Platinum,True,False,True,38,80.4,2.9,6,2,17.1,2315.79,0,7.747506161006659,1.574366995878342,1,0.3006
USA,Mobile,Bachelor,Bronze,True,False,False,40,25.6,4.3,9,2,5.8,2979.38,1,7.999470504162003,1.829004627509825,0,0.3466
France,Desktop,High School,Bronze,True,True,True,63,12.4,3.4,5,3,15.6,287.69,1,5.661883511524495,1.672916754755899,1,0.3006
UK,Mobile,Bachelor,Silver,True,True,True,30,16.4,4.5,6,5,27.3,1565.83,1,7.356171313825334,1.860614396637471,0,0.3466
France,Mobile,High School,Bronze,True,True,False,46,1.9,4.7,11,2,17.5,925.65,0,6.830496193435185,1.891255528483568,1,0.3006
UK,Mobile,High School,Bronze,True,False,False,28,32.6,3.9,7,2,23.6,5225.18,0,8.561244526000397,1.7626197870713454,1,0.3006
India,Desktop,Bachelor,Bronze,True,True,False,42,18.3,4.7,8,0,23.2,1398.76,0,7.243341408840973,1.891255528483568,0,0.3466
India,Mobile,Master,Bronze,True,False,False,40,11.5,3.3,2,4,11.6,1733.75,1,7.458041971629041,1.6539684852930463,2,0.251
Germany,Desktop,High School,Bronze,True,True,False,47,19.2,3.0,6,0,23.6,1042.7,1,6.949568781795548,1.5948692441471295,1,0.3006
UK,Desktop,High School,Platinum,True,True,True,52,21.1,3.6,4,3,24.9,553.63,1,6.316496593586639,1.7097690490891824,1,0.3006
UK,Tablet,High School,Bronze,True,True,True,31,8.7,3.5,3,1,12.7,614.75,0,6.421215681096302,1.691512653766797,1,0.3006
India,Desktop,PhD,Silver,True,False,True,55,16.5,3.9,1,1,23.6,1426.16,0,7.262740796643606,1.7626197870713454,3,0.1018
UK,Desktop,Bachelor,Gold,True,True,True,56,28.2,4.0,3,6,29.8,3815.28,1,8.246769335520726,1.7796336993958102,0,0.3466
USA,Tablet,Bachelor,Silver,True,True,False,35,17.5,4.4,5,2,18.9,582.16,1,6.366745324038831,1.844934404062263,0,0.3466
USA,Desktop,High School,Silver,True,True,False,38,10.0,3.3,3,3,7.5,293.03,0,5.680274992854161,1.6539684852930463,1,0.3006
Germany,Mobile,Bachelor,Gold,True,True,True,32,15.4,3.6,6,3,25.1,893.37,0,6.795000828770599,1.7097690490891824,0,0.3466
Germany,Desktop,High School,Gold,True,True,False,34,36.8,2.5,2,1,3.6,1575.49,0,7.362321613985818,1.487876807789161,1,0.3006
India,Desktop,High School,Gold,True,False,True,24,22.8,3.2,3,3,15.0,836.33,0,6.729023272038716,1.6346542330120937,1,0.3006
USA,Desktop,Bachelor,Silver,True,False,False,47,4.8,4.7,6,2,26.9,1539.03,0,7.338907626826278,1.891255528483568,0,0.3466
UK,Desktop,Bachelor,Gold,True,True,False,18,19.5,3.3,8,0,19.4,2713.41,0,7.905961425457551,1.6539684852930463,0,0.3466
India,Desktop,High School,Silver,True,True,False,30,17.5,3.3,7,2,29.2,606.36,0,6.407473869091818,1.6539684852930463,1,0.3006
India,Mobile,Master,Bronze,True,False,False,37,30.9,4.8,12,4,11.8,668.61,1,6.505200930499934,1.9062310586677143,2,0.251
UK,Mobile,PhD,Gold,True,True,False,54,12.5,4.2,4,2,15.8,2332.23,1,7.75458017039429,1.8128169798052736,3,0.1018
Germany,Tablet,Bachelor,Silver,True,True,False,31,9.1,4.0,4,7,10.9,551.55,1,6.312732496415391,1.7796336993958102,0,0.3466
UK,Desktop,Bachelor,Platinum,True,False,False,43,4.1,4.3,10,1,19.6,4490.3,0,8.409674793649033,1.829004627509825,0,0.3466
Australia,Mobile,PhD,Bronze,True,False,False,37,7.0,2.6,5,5,9.1,2113.43,1,7.65606749904198,1.5102107064924273,3,0.1018
USA,Mobile,Master,Bronze,True,True,False,49,32.0,3.4,11,2,8.1,1032.74,1,6.939970743344495,1.672916754755899,2,0.251
Australia,Tablet,Bachelor,Platinum,True,True,False,43,14.3,3.2,6,3,22.2,1786.59,0,7.488064054028297,1.6346542330120937,0,0.3466
Japan,Desktop,Master,Bronze,True,False,True,48,11.2,4.6,8,4,29.3,1631.79,1,7.397432850773937,1.876052317839795,2,0.251
France,Mobile,High School,Platinum,True,False,False,31,34.3,4.4,2,1,5.1,3833.92,1,8.251643057451535,1.844934404062263,1,0.3006
USA,Tablet,Bachelor,Platinum,True,True,False,26,29.1,2.5,3,3,26.2,2299.77,1,7.740564396916907,1.487876807789161,0,0.3466
Germany,Desktop,High School,Gold,True,False,True,42,6.8,3.3,4,5,28.1,1357.17,1,7.213156928333322,1.6539684852930463,1,0.3006
Germany,Tablet,High School,Silver,True,True,True,32,31.8,4.4,6,0,23.1,1236.87,0,7.12033927390298,1.844934404062263,1,0.3006
USA,Desktop,Bachelor,Silver,True,True,False,38,3.2,4.4,3,1,11.8,375.35,1,5.927858924019011,1.844934404062263,0,0.3466
Japan,Mobile,High School,Gold,True,True,False,42,17.6,4.2,5,3,1.9,1892.15,0,7.545469027653169,1.8128169798052736,1,0.3006
Canada,Tablet,Master,Gold,True,True,False,53,16.0,3.9,7,3,0.9,1519.4,1,7.326070799069122,1.7626197870713454,2,0.251
France,Mobile,Bachelor,Silver,True,True,False,47,30.6,2.9,6,3,17.9,1111.21,1,7.013204790679699,1.574366995878342,0,0.3466
Japan,Desktop,Bachelor,Platinum,True,False,True,30,16.5,4.5,5,2,23.6,921.56,0,6.826067886221921,1.860614396637471,0,0.3466
USA,Desktop,High School,Silver,True,True,True,24,10.0,3.5,6,2,9.1,3556.24,0,8.176459085919896,1.691512653766797,1,0.3006
Germany,Tablet,High School,Platinum,True,True,True,58,10.7,4.4,4,2,13.3,1989.8,1,7.595789410155259,1.844934404062263,1,0.3006
USA,Mobile,Bachelor,Bronze,True,False,True,19,105.1,3.8,7,2,7.5,1392.93,1,7.239164721260888,1.74531138386547,0,0.3466
France,Desktop,PhD,Bronze,True,False,False,33,13.0,4.1,5,5,24.4,4080.67,1,8.314016469602562,1.7963629745483078,3,0.1018
Australia,Mobile,High School,Silver,True,True,True,46,19.6,3.7,6,7,24.0,795.4,0,6.67884513277359,1.727698115361634,1,0.3006
Japan,Mobile,High School,Bronze,True,False,False,58,2.4,4.6,6,3,22.0,1469.7,1,7.292813577312639,1.876052317839795,1,0.3006
USA,Desktop,Master,Gold,True,True,False,36,6.3,4.3,6,2,25.4,5968.44,0,8.694240865707483,1.829004627509825,2,0.251
UK,Desktop,High School,Bronze,True,True,True,38,18.4,4.2,6,1,4.7,420.71,0,6.041943760221272,1.8128169798052736,1,0.3006
France,Desktop,Master,Platinum,True,True,False,27,3.3,4.0,8,3,13.4,784.63,0,6.665212269088317,1.7796336993958102,2,0.251
Germany,Mobile,Bachelor,Bronze,True,True,False,40,18.9,4.0,6,6,24.5,2564.26,1,7.849425216955679,1.7796336993958102,0,0.3466
India,Mobile,Bachelor,Silver,True,True,True,24,6.8,4.6,4,2,28.7,684.65,1,6.528907758778242,1.876052317839795,0,0.3466
India,Mobile,Bachelor,Bronze,True,False,False,29,5.3,4.3,4,4,24.2,138.52,1,4.931014719534221,1.829004627509825,0,0.3466
France,Mobile,High School,Silver,True,False,False,47,6.8,3.8,4,0,26.8,420.43,0,6.041277997065693,1.74531138386547,1,0.3006
UK,Tablet,Bachelor,Bronze,True,False,False,33,41.3,4.7,5,4,0.6,316.02,1,5.755805502723353,1.891255528483568,0,0.3466
UK,Mobile,Master,Bronze,True,False,True,49,15.9,3.8,8,6,22.7,327.2,1,5.790571604728592,1.74531138386547,2,0.251
USA,Desktop,Master,Gold,True,True,False,36,5.9,4.0,6,3,4.2,2065.51,1,7.633132448267849,1.7796336993958102,2,0.251
UK,Mobile,Master,Bronze,True,True,False,22,22.7,3.4,9,0,22.3,1756.64,0,7.471158172486422,1.672916754755899,2,0.251
Germany,Desktop,Master,Bronze,True,True,False,52,23.7,4.1,7,5,2.2,1095.13,1,6.998628356664954,1.7963629745483078,2,0.251
Japan,Mobile,High School,Gold,True,True,True,22,9.0,2.1,5,1,8.9,950.78,0,6.857282700346838,1.393191696315046,1,0.3006
Japan,Mobile,Bachelor,Bronze,True,True,True,31,26.2,4.2,9,3,20.5,1953.5,1,7.577377914495125,1.8128169798052736,0,0.3466
USA,Desktop,Bachelor,Silver,True,True,False,36,27.3,3.2,5,5,5.8,1855.58,0,7.52595259463455,1.6346542330120937,0,0.3466
UK,Tablet,Master,Bronze,True,True,False,50,24.1,2.4,6,4,23.5,669.9,0,6.507128447514222,1.4650326891622956,2,0.251
USA,Desktop,Bachelor,Bronze,True,True,False,111,7.1,-0.8454045866703648,5,2,2.7,172.69,0,5.151498079596578,0.07907003758879129,0,0.3466
USA,Mobile,Bachelor,Silver,True,True,False,27,4.7,3.7,13,4,24.9,233.45,0,5.452967921416946,1.727698115361634,0,0.3466
India,Desktop,Master,Bronze,True,False,False,40,3.1,3.7,5,0,17.1,411.32,1,6.01937150036099,1.727698115361634,2,0.251
USA,Tablet,Bachelor,Gold,True,True,False,35,7.2,3.5,2,1,0.6,4990.02,0,8.515195196753565,1.691512653766797,0,0.3466
Germany,Desktop,High School,Platinum,True,True,True,32,9.1,3.7,6,2,7.6,616.43,1,6.4239447719566325,1.727698115361634,1,0.3006
USA,Desktop,Bachelor,Bronze,True,True,True,41,9.7,4.7,5,0,14.5,377.56,1,5.933729496456744,1.891255528483568,0,0.3466
India,Desktop,Bachelor,Platinum,True,True,False,24,11.7,3.0,5,2,19.3,1106.33,1,7.008803510091616,1.5948692441471295,0,0.3466
France,Desktop,Master,Bronze,True,True,False,18,48.7,3.7,7,3,20.2,944.63,0,6.850793316432605,1.727698115361634,2,0.251
USA,Desktop,PhD,Bronze,True,True,False,64,9.3,3.6,10,3,26.8,949.37,1,6.855798606713391,1.7097690490891824,3,0.1018
Germany,Mobile,Bachelor,Bronze,True,True,False,39,11.7,4.0,7,6,13.1,289.47,1,5.6680516647004024,1.7796336993958102,0,0.3466
Brazil,Desktop,Bachelor,Silver,True,True,False,40,2.8,4.3,4,2,0.4,1130.16,1,7.030114494603409,1.829004627509825,0,0.3466
Canada,Desktop,Master,Silver,True,True,False,29,72.4,4.1,5,1,8.0,418.75,1,6.037274083139276,1.7963629745483078,2,0.251
USA,Desktop,High School,Bronze,True,True,False,49,4.3,4.2,6,1,2.8,278.61,1,5.6298129544560265,1.8128169798052736,1,0.3006
Australia,Mobile,High School,Gold,True,True,False,108,6.9,4.5,5,3,25.1,3911.97,0,8.271796362413646,1.860614396637471,1,0.3006
Australia,Mobile,PhD,Gold,True,False,True,18,21.3,3.5,2,4,4.5,891.81,0,6.793253105407027,1.691512653766797,3,0.1018
Australia,Mobile,Master,Bronze,True,True,False,31,14.8,4.7,1,3,10.7,1400.63,1,7.244677414383715,1.891255528483568,2,0.251
Japan,Mobile,High School,Gold,True,False,False,35,45.4,4.5,4,1,4.4,177.9,1,5.18122159467179,1.860614396637471,1,0.3006
Japan,Desktop,High School,Platinum,True,True,False,36,21.7,-0.1259302679134788,11,54,15.5,1702.57,0,7.4398941531843015,0.5887608782370614,1,0.3006
Germany,Desktop,Master,Bronze,True,False,True,36,11.4,4.7,7,0,5.9,994.84,0,6.9025819202081395,1.891255528483568,2,0.251
Brazil,Desktop,Master,Bronze,True,True,False,30,28.1,4.5,10,1,22.9,842.69,1,6.736599156088698,1.860614396637471,2,0.251
France,Mobile,Master,Silver,True,True,False,29,30.8,4.6,6,6,14.7,398.54,1,5.987807869604438,1.876052317839795,2,0.251
Japan,Tablet,High School,Silver,True,True,True,34,462.43906347090007,0.2793345881741933,2,1,14.9,746.15,1,6.614926652377477,0.7916428696697695,1,0.3006
Germany,Mobile,PhD,Silver,True,True,True,18,26.3,4.4,7,3,28.5,448.76,0,6.106488223676764,1.844934404062263,3,0.1018
Brazil,Desktop,Bachelor,Bronze,True,True,True,18,10.2,4.2,7,2,9.6,671.88,0,6.510079753148802,1.8128169798052736,0,0.3466
India,Desktop,Master,Silver,True,True,False,39,11.2,3.0,4,1,11.4,183.7,0,5.21330399222108,1.5948692441471295,2,0.251
USA,Desktop,Bachelor,Silver,True,False,True,39,13.7,4.0,9,2,17.8,249.95,0,5.521260897859579,1.7796336993958102,0,0.3466
India,Mobile,High School,Silver,True,True,True,49,9.0,3.5,8,2,10.2,277.88,1,5.62718936582468,1.691512653766797,1,0.3006
France,Desktop,PhD,Bronze,True,False,True,35,8.6,4.3,10,3,24.9,2066.69,0,7.633703572623919,1.829004627509825,3,0.1018
India,Tablet,High School,Silver,True,True,False,24,26.8,4.5,6,4,16.4,1919.41,0,7.559773126131402,1.860614396637471,1,0.3006
Germany,Desktop,High School,Bronze,True,False,False,18,3.6,3.4,5,0,0.1,405.7,0,6.005613970212401,1.672916754755899,1,0.3006
UK,Tablet,Master,Silver,True,True,True,27,5.2,4.6,8,2,9.7,152.95,0,5.030111070596912,1.876052317839795,2,0.251
Australia,Mobile,Bachelor,Platinum,True,True,True,43,20.9,3.8,11,2,15.0,11961.25,1,9.389427537093473,1.74531138386547,0,0.3466
UK,Mobile,Master,Silver,True,False,True,55,11.5,2.0,1,3,23.4,776.38,1,6.654642091045495,1.3680501190364096,2,0.251
India,Mobile,Bachelor,Bronze,True,True,True,39,26.9,3.7,6,3,22.2,949.57,0,6.856009250547045,1.727698115361634,0,0.3466
Germany,Mobile,Bachelor,Silver,True,True,False,23,16.2,4.0,2,3,20.1,7220.72,0,8.884709949906554,1.7796336993958102,0,0.3466
Germany,Mobile,PhD,Gold,True,True,False,27,4.2,4.2,3,4,25.0,2285.39,1,7.734291967101395,1.8128169798052736,3,0.1018
UK,Mobile,High School,Gold,True,True,True,28,12.8,3.4,2,4,6.4,1853.32,1,7.524733904306036,1.672916754755899,1,0.3006
France,Mobile,Master,Silver,True,True,True,33,18.7,3.7,5,2,13.8,2019.51,1,7.610610186711931,1.727698115361634,2,0.251
UK,Tablet,High School,Bronze,True,True,True,51,14.7,2.8,2,2,16.2,1061.7,0,6.967626676019528,1.5534355914115192,1,0.3006
USA,Mobile,Master,Silver,True,True,True,52,8.4,3.4,6,2,29.2,547.41,0,6.305198064616554,1.672916754755899,2,0.251
UK,Mobile,High School,Silver,True,False,False,36,9.8,2.8,8,3,29.3,1896.91,1,7.547981525477968,1.5534355914115192,1,0.3006
USA,Tablet,Bachelor,Platinum,True,True,False,40,7.8,2.8,4,6,14.9,468.83,0,6.1502402293893885,1.5534355914115192,0,0.3466
Canada,Desktop,Master,Silver,True,True,True,28,4.2,3.7,6,3,4.3,1761.63,0,7.473994795796159,1.727698115361634,2,0.251
Canada,Desktop,Bachelor,Silver,True,True,False,18,3.8,4.5,4,1,26.6,1619.87,0,7.390101178092894,1.860614396637471,0,0.3466
UK,Mobile,Master,Silver,True,True,True,59,16.6,4.3,6,0,0.8,668.1,1,6.5044378629314314,1.829004627509825,2,0.251
Brazil,Mobile,Master,Bronze,True,False,True,18,468.5755670426493,4.3,6,4,13.6,248.36,0,5.514879306496692,1.829004627509825,2,0.251
UK,Mobile,Master,Gold,True,False,False,18,19.3,3.6,5,4,14.9,626.65,0,6.440388171057531,1.7097690490891824,2,0.251
Japan,Desktop,PhD,Silver,True,False,True,60,7.6,4.2,5,3,4.4,912.79,0,6.81650584318549,1.8128169798052736,3,0.1018
India,Mobile,Bachelor,Platinum,True,True,False,38,4.3,4.4,5,3,11.1,729.48,0,6.592331951548632,1.844934404062263,0,0.3466
Canada,Mobile,High School,Silver,True,True,True,24,8.8,3.1,2,1,20.2,2881.83,0,7.966180788004965,1.6149595811994066,1,0.3006
Germany,Desktop,High School,Bronze,True,True,False,46,65.1,4.0,5,2,21.0,5192.79,1,8.555026403974068,1.7796336993958102,1,0.3006
Brazil,Mobile,High School,Silver,True,True,True,47,11.3,3.8,4,4,23.4,519.67,1,6.25319399473728,1.74531138386547,1,0.3006
UK,Mobile,High School,Bronze,True,True,True,22,20.4,3.9,7,4,17.2,2578.97,0,7.855145373398023,1.7626197870713454,1,0.3006
Spain,Desktop,Bachelor,Bronze,True,True,False,32,13.9,3.2,9,4,8.8,1397.1,0,7.2421539386564415,1.6346542330120937,0,0.3466
USA,Mobile,High School,Bronze,True,True,True,49,4.0,3.5,9,4,0.4,2276.26,0,7.7302890242227225,1.691512653766797,1,0.3006
France,Mobile,High School,Gold,True,True,True,28,38.8,4.6,5,3,18.2,1045.78,1,6.9525182974556525,1.876052317839795,1,0.3006
Japan,Desktop,High School,Silver,True,True,True,41,10.0,3.0,5,3,16.9,780.41,0,6.659819422608427,1.5948692441471295,1,0.3006
Japan,Desktop,Master,Bronze,True,True,True,55,4.3,4.3,4,4,19.0,770.05,1,6.646455447804475,1.829004627509825,2,0.251
USA,Tablet,Bachelor,Silver,True,False,False,18,8.1,4.3,4,2,27.9,294.89,0,5.686602405446348,1.829004627509825,0,0.3466
Australia,Desktop,Bachelor,Silver,True,False,False,34,10.3,3.8,6,1,7.1,203.36,0,5.314977807441144,1.74531138386547,0,0.3466
USA,Desktop,Master,Platinum,True,True,False,41,22.2,2.5,6,2,21.2,1423.88,1,7.261140818758112,1.487876807789161,2,0.251
Japan,Desktop,High School,Silver,True,True,True,18,7.1,3.0,5,8,6.0,1492.43,1,7.308160942994333,1.5948692441471295,1,0.3006
USA,Mobile,PhD,Gold,True,False,False,32,99.1,4.2,5,3,23.6,1286.53,0,7.159703950532696,1.8128169798052736,3,0.1018
UK,Mobile,Bachelor,Bronze,True,True,False,51,5.8,4.8,6,2,0.9,761.21,0,6.634909272487568,1.9062310586677143,0,0.3466
France,Mobile,High School,Gold,True,True,False,30,19.9,3.2,8,2,8.1,1289.94,0,7.162350984646111,1.6346542330120937,1,0.3006
Germany,Desktop,Master,Gold,True,True,False,20,2.5,3.9,8,5,7.7,3368.02,0,8.122080313586867,1.7626197870713454,2,0.251
USA,Tablet,Master,Platinum,True,True,True,52,11.0,4.7,5,3,25.5,4915.23,0,8.500093827010296,1.891255528483568,2,0.251
USA,Desktop,Bachelor,Bronze,True,True,False,43,16.3,2.6,7,7,16.4,3756.74,1,8.231306839027003,1.5102107064924273,0,0.3466
Germany,Desktop,Master,Silver,True,False,True,37,5.0,4.1,6,3,12.4,1121.81,1,7.022698731279468,1.7963629745483078,2,0.251
Brazil,Mobile,High School,Silver,True,False,False,37,40.4,3.7,3,0,7.3,1596.12,0,7.375330963153205,1.727698115361634,1,0.3006
Australia,Desktop,High School,Bronze,True,False,True,50,17.2,4.4,9,0,9.7,551.07,1,6.311861842826082,1.844934404062263,1,0.3006
USA,Tablet,High School,Silver,True,True,False,42,9.4,3.2,8,0,21.6,1365.41,1,7.2192100288185,1.6346542330120937,1,0.3006
UK,Tablet,High School,Platinum,True,True,False,116,17.1,3.8,5,4,25.5,194807.47581932417,1,12.179767046350111,1.74531138386547,1,0.3006
USA,Desktop,High School,Silver,True,True,False,30,7.6,4.0,14,2,2.8,931.37,0,6.8366566204525565,1.7796336993958102,1,0.3006
USA,Tablet,PhD,Platinum,True,True,False,18,33.2,4.7,7,3,0.4,1148.46,1,7.0461771934860735,1.891255528483568,3,0.1018
Japan,Mobile,High School,Bronze,True,True,False,45,27.4,3.6,5,4,16.5,4966.7,1,8.510510914652315,1.7097690490891824,1,0.3006
France,Tablet,Bachelor,Gold,True,False,False,51,16.4,3.2,4,0,25.1,651.32,0,6.479001072896019,1.6346542330120937,0,0.3466
USA,Desktop,Bachelor,Silver,True,False,False,35,19.9,4.6,3,3,0.7,1432.96,0,7.267497513970335,1.876052317839795,0,0.3466
USA,Mobile,Master,Silver,True,True,False,49,3.7,4.7,6,3,17.4,1846.06,1,7.520808917243155,1.891255528483568,2,0.251
USA,Desktop,PhD,Platinum,True,True,True,34,39.4,3.6,6,1,24.4,2315.97,1,7.747583885241115,1.7097690490891824,3,0.1018
India,Mobile,Master,Bronze,True,True,False,37,11.3,4.6,5,6,3.4,1326.78,1,7.1905102330973625,1.876052317839795,2,0.251
Canada,Desktop,PhD,Gold,True,True,True,59,27.7,3.5,8,5,10.9,4967.04,0,8.51057936822572,1.691512653766797,3,0.1018
USA,Mobile,Master,Silver,True,True,True,35,22.2,4.3,6,4,3.0,1491.79,0,7.30773202018716,1.829004627509825,2,0.251
USA,Desktop,PhD,Bronze,True,True,False,34,27.3,4.5,4,3,1.1,541.03,1,6.2934747301740925,1.860614396637471,3,0.1018
India,Desktop,Master,Platinum,True,False,False,18,5.3,2.8,4,2,14.8,1517.42,0,7.32476680325734,1.5534355914115192,2,0.251
Australia,Mobile,High School,Silver,True,True,False,46,5.8,3.1,3,1,19.9,676.17,1,6.516444523717289,1.6149595811994066,1,0.3006
Germany,Tablet,Bachelor,Gold,True,False,False,29,73.6,4.1,6,1,27.7,2870.03,1,7.962077761660708,1.7963629745483078,0,0.3466
USA,Mobile,Bachelor,Bronze,True,False,True,40,3.6,4.9,13,2,9.3,1203.35,0,7.092864612978413,1.920985627295474,0,0.3466
USA,Tablet,Bachelor,Gold,True,False,False,34,5.1,3.7,8,2,7.8,1490.07,1,7.306578377701757,1.727698115361634,0,0.3466
France,Desktop,High School,Silver,True,True,False,33,12.6,3.0,5,3,18.7,2505.07,1,7.826071957240313,1.5948692441471295,1,0.3006
UK,Mobile,Bachelor,Bronze,True,True,False,37,12.6,4.2,7,2,28.4,2518.13,0,7.831271841548009,1.8128169798052736,0,0.3466
USA,Mobile,PhD,Silver,True,True,True,38,7.9,4.7,5,5,5.6,435.01,1,6.0753690193302,1.891255528483568,3,0.1018
France,Desktop,High School,Bronze,True,True,True,52,19.9,3.2,4,3,3.6,532.52,0,6.277620455563716,1.6346542330120937,1,0.3006
USA,Mobile,Master,Silver,True,False,True,56,25.1,3.2,4,3,25.3,5401.26,1,8.59438753866771,1.6346542330120937,2,0.251
Brazil,Mobile,Master,Bronze,True,True,True,46,12.0,3.8,8,0,4.0,865.78,1,6.76363083471797,1.74531138386547,2,0.251
UK,Mobile,PhD,Bronze,True,True,False,53,9.8,4.4,4,2,13.1,1237.17,1,7.120581792214301,1.844934404062263,3,0.1018
USA,Mobile,PhD,Bronze,True,True,False,48,12.0,4.0,8,3,23.4,1109.26,1,7.011448405318676,1.7796336993958102,3,0.1018
France,Mobile,Master,Silver,True,False,False,129,8.2,4.6,6,2,11.3,1377.91,1,7.228323137394235,1.876052317839795,2,0.251
UK,Desktop,Bachelor,Silver,True,True,False,55,3.1,3.8,8,3,19.5,997.2,1,6.9049513516494025,1.74531138386547,0,0.3466
Canada,Desktop,High School,Silver,True,False,False,22,15.5,4.5,6,4,23.8,2462.54,0,7.80894861656914,1.860614396637471,1,0.3006
France,Mobile,Bachelor,Bronze,True,True,False,30,22.5,4.0,4,4,16.2,482.93,0,6.179871715613331,1.7796336993958102,0,0.3466
UK,Desktop,Master,Silver,True,True,False,28,10.8,4.6,8,3,6.0,413.8,0,6.025382765311443,1.876052317839795,2,0.251
Japan,Desktop,Master,Gold,True,True,False,34,2.0,3.8,9,1,6.8,1604.74,0,7.380717028672238,1.74531138386547,2,0.251
UK,Desktop,Master,Bronze,True,False,True,46,7.7,3.8,7,4,29.5,1732.26,1,7.457182193329621,1.74531138386547,2,0.251
Australia,Mobile,High School,Gold,True,False,True,25,25.1,4.8,8,4,24.3,695.46,1,6.544573497128709,1.9062310586677143,1,0.3006
UK,Desktop,Bachelor,Silver,True,False,False,44,3.9,2.3,5,0,9.6,368.18,1,5.908571949018416,1.4416544924686217,0,0.3466
France,Mobile,Bachelor,Gold,True,True,False,31,21.3,4.2,10,2,5.3,1261.61,1,7.140143962060027,1.8128169798052736,0,0.3466
USA,Mobile,High School,Bronze,True,True,False,125,8.5,-0.6521236838072437,5,1,8.4,735.46,0,6.600496153790323,0.24338609953220042,1,0.3006
Germany,Desktop,High School,Bronze,True,True,True,40,12.0,4.0,4,3,24.6,598.96,0,6.39519481792243,1.7796336993958102,1,0.3006
India,Mobile,High School,Gold,True,True,True,58,7.0,3.4,4,3,17.9,992.14,1,6.899864226359366,1.672916754755899,1,0.3006
India,Mobile,Master,Gold,True,False,False,29,4.9,3.3,9,1,20.7,931.47,0,6.836763983403852,1.6539684852930463,2,0.251
USA,Mobile,High School,Bronze,True,False,False,37,38.4,4.2,6,1,19.7,2998.33,0,8.005810745987167,1.8128169798052736,1,0.3006
USA,Mobile,High School,Bronze,True,False,False,25,23.4,4.4,7,1,25.6,1612.41,0,7.385485233158782,1.844934404062263,1,0.3006
India,Desktop,PhD,Silver,True,True,False,29,20.4,3.3,6,1,29.6,4520.79,0,8.41644203631531,1.6539684852930463,3,0.1018
Australia,Mobile,Bachelor,Silver,True,True,True,25,25.2,3.4,7,2,18.9,455.38,0,6.121132235230019,1.672916754755899,0,0.3466
USA,Desktop,High School,Gold,True,True,False,41,18.2,4.6,4,1,18.1,1085.04,0,6.989372131654459,1.876052317839795,1,0.3006
Germany,Tablet,High School,Bronze,True,True,True,43,25.9,3.6,4,2,3.4,2232.65,0,7.7109444997432774,1.7097690490891824,1,0.3006
UK,Mobile,High School,Silver,True,False,False,46,7.2,3.0,6,4,27.6,6402.55,0,8.76445162749262,1.5948692441471295,1,0.3006
India,Mobile,High School,Bronze,True,False,True,29,36.7,4.4,10,3,1.9,995.23,0,6.902973866225107,1.844934404062263,1,0.3006
USA,Desktop,High School,Bronze,True,True,False,44,34.1,3.6,5,2,20.3,1198.4,0,7.088742612762955,1.7097690490891824,1,0.3006
USA,Desktop,Bachelor,Bronze,True,True,False,39,16.5,4.1,9,1,22.3,1819.12,1,7.506108146655536,1.7963629745483078,0,0.3466
Brazil,Desktop,High School,Gold,True,False,True,37,9.7,4.1,8,5,10.0,1165.46,1,7.060871137852546,1.7963629745483078,1,0.3006
USA,Mobile,Bachelor,Silver,True,False,True,23,4.6,4.8,6,4,3.1,279.55,0,5.633181167472654,1.9062310586677143,0,0.3466
Germany,Desktop,Master,Gold,True,True,True,40,14.6,4.5,2,4,12.7,1138.54,1,7.037502018834789,1.860614396637471,2,0.251
Germany,Mobile,Bachelor,Bronze,True,True,True,40,46.9,4.1,6,4,7.2,255.78,0,5.544317700005174,1.7963629745483078,0,0.3466
UK,Desktop,PhD,Bronze,True,False,True,39,4.8,2.9,4,2,17.8,512.0,0,6.238324625039508,1.574366995878342,3,0.1018
UK,Tablet,Bachelor,Bronze,True,True,False,43,27.5,2.9,7,2,1.0,2519.8,0,7.831934812276529,1.574366995878342,0,0.3466
France,Desktop,Bachelor,Bronze,True,False,True,46,8.4,3.2,5,3,1.4,931.76,0,6.837075270794396,1.6346542330120937,0,0.3466
USA,Tablet,Master,Gold,True,True,True,25,8.9,3.6,7,0,17.2,1247.01,0,7.128503964894073,1.7097690490891824,2,0.251
France,Tablet,High School,Bronze,True,False,False,35,4.8,2.9,2,2,4.1,731.18,0,6.5946596674682665,1.574366995878342,1,0.3006
India,Mobile,High School,Bronze,True,False,False,44,6.7,4.0,4,4,10.8,200.82,0,5.30240898445129,1.7796336993958102,1,0.3006
Brazil,Mobile,Master,Bronze,True,False,True,35,20.4,2.9,4,3,26.2,1667.57,0,7.4191227559191795,1.574366995878342,2,0.251
USA,Desktop,Bachelor,Bronze,True,False,True,50,22.6,3.8,5,3,0.7,2228.83,1,7.7092320630928866,1.74531138386547,0,0.3466
USA,Mobile,Master,Gold,True,True,False,39,14.7,3.9,7,2,4.5,1353.06,0,7.210123973085542,1.7626197870713454,2,0.251
UK,Desktop,PhD,Silver,True,True,True,18,8.2,4.4,5,4,27.2,901.7,0,6.804281870505861,1.844934404062263,3,0.1018
UK,Desktop,Bachelor,Gold,True,True,True,48,5.0,3.3,4,4,11.4,1577.34,0,7.363495162963924,1.6539684852930463,0,0.3466
Germany,Mobile,Bachelor,Silver,True,True,False,37,12.8,3.6,4,3,11.0,5074.32,1,8.531947804784723,1.7097690490891824,0,0.3466
Japan,Mobile,Bachelor,Bronze,True,True,True,18,9.1,3.9,2,4,16.6,1117.35,0,7.018715089290395,1.7626197870713454,0,0.3466
USA,Mobile,PhD,Bronze,True,False,False,35,14.4,4.2,6,0,13.2,360.08,1,5.886326228984677,1.8128169798052736,3,0.1018
USA,Desktop,Master,Gold,True,True,False,23,9.4,3.6,8,4,23.2,2434.3,0,7.797414519855375,1.7097690490891824,2,0.251
UK,Desktop,PhD,Gold,True,True,False,47,9.6,3.4,3,2,8.4,133.75,1,4.8959723857761155,1.672916754755899,3,0.1018
Japan,Desktop,High School,Bronze,True,False,True,38,13.8,4.0,7,3,4.5,1077.38,0,6.982287446866413,1.7796336993958102,1,0.3006
USA,Desktop,Master,Bronze,True,True,False,27,16.1,3.0,3,3,16.6,280.52,0,5.636645023668709,1.5948692441471295,2,0.251
Japan,Desktop,High School,Bronze,True,True,True,48,32.4,4.2,4,1,14.1,598.04,0,6.393657641345727,1.8128169798052736,1,0.3006
UK,Desktop,High School,Bronze,True,False,False,44,9.3,3.9,6,6,10.8,2701.21,0,7.901455099752178,1.7626197870713454,1,0.3006
Australia,Desktop,PhD,Bronze,True,True,True,35,18.8,3.9,3,0,11.3,534.51,0,6.2813504393639885,1.7626197870713454,3,0.1018
Australia,Mobile,High School,Bronze,True,True,True,23,51.6,3.3,4,2,27.3,582.74,0,6.367741117751471,1.6539684852930463,1,0.3006
UK,Desktop,PhD,Silver,True,False,True,28,19.3,3.7,4,4,23.8,1013.98,0,6.921638460090732,1.727698115361634,3,0.1018
USA,Mobile,High School,Bronze,True,False,True,28,30.9,4.4,3,2,6.0,3180.55,0,8.064809416793905,1.844934404062263,1,0.3006
Germany,Desktop,Master,Bronze,True,True,True,47,7.4,3.8,11,5,13.3,1445.47,1,7.276189807176695,1.74531138386547,2,0.251
USA,Tablet,High School,Gold,True,False,False,18,6.8,4.0,6,0,22.6,1306.91,0,7.175420851268567,1.7796336993958102,1,0.3006
Japan,Mobile,Bachelor,Silver,True,False,False,37,10.7,4.3,6,5,15.6,567.28,0,6.340853008995741,1.829004627509825,0,0.3466
India,Desktop,High School,Platinum,True,True,False,35,11.7,4.2,7,0,28.0,230.88,1,5.441898095025561,1.8128169798052736,1,0.3006
Japan,Mobile,Bachelor,Bronze,True,True,True,50,28.7,3.8,7,6,21.3,3142.89,1,8.052898037775945,1.74531138386547,0,0.3466
India,Desktop,Bachelor,Silver,True,False,False,41,6.8,4.2,6,1,4.2,898.98,0,6.801260787283108,1.8128169798052736,0,0.3466
UK,Mobile,Master,Bronze,True,True,False,44,11.3,3.7,2,1,12.0,522.82,1,6.259237236565396,1.727698115361634,2,0.251
USA,Desktop,High School,Silver,True,True,True,32,28.8,4.4,9,4,25.7,515.13,0,6.244419295993821,1.844934404062263,1,0.3006
Brazil,Tablet,High School,Bronze,True,False,True,23,14.5,4.5,9,2,12.0,754.41,0,6.625935986798732,1.860614396637471,1,0.3006
UK,Desktop,High School,Bronze,True,True,True,34,12.1,3.8,6,1,15.3,2405.14,1,7.785363392903817,1.74531138386547,1,0.3006
Japan,Desktop,Bachelor,Platinum,True,True,False,47,14.7,2.9,3,1,24.5,832.86,0,6.724865560815073,1.574366995878342,0,0.3466
UK,Mobile,Master,Silver,True,False,False,47,4.9,4.1,3,2,0.6,851.02,0,6.746435630059844,1.7963629745483078,2,0.251
USA,Desktop,Master,Platinum,True,True,False,33,4.9,4.6,5,5,2.3,1940.52,0,7.5707112573778526,1.876052317839795,2,0.251
Spain,Mobile,High School,Bronze,True,True,False,28,3.4,4.0,4,4,8.0,388.02,0,5.961056884686556,1.7796336993958102,1,0.3006
USA,Mobile,Bachelor,Bronze,True,True,False,25,14.4,2.8,7,2,23.0,395.14,0,5.979240132485259,1.5534355914115192,0,0.3466
Spain,Mobile,Master,Silver,True,True,False,36,25.4,2.8,5,2,8.3,322.43,1,5.775886058412575,1.5534355914115192,2,0.251
Canada,Desktop,High School,Gold,True,True,False,40,22.5,3.9,11,4,12.4,4257.28,1,8.356385737684398,1.7626197870713454,1,0.3006
Brazil,Mobile,Bachelor,Silver,True,False,False,56,30.4,3.8,5,1,10.3,274.91,1,5.616443771373892,1.74531138386547,0,0.3466
Japan,Mobile,Bachelor,Platinum,True,True,False,39,39.0,2.5,8,2,24.0,4979.69,1,8.513122919085166,1.487876807789161,0,0.3466
France,Desktop,High School,Bronze,True,True,False,45,13.7,4.3,3,1,18.2,1843.97,0,7.519676135003721,1.829004627509825,1,0.3006
India,Desktop,High School,Gold,True,True,True,29,11.6,3.5,10,4,6.5,1395.38,0,7.240922058594624,1.691512653766797,1,0.3006
UK,Desktop,High School,Bronze,True,True,True,39,39.7,3.0,4,5,26.5,1071.84,1,6.977132076759958,1.5948692441471295,1,0.3006
Germany,Tablet,Bachelor,Bronze,True,True,True,40,7.0,4.3,9,2,0.3,1548.86,1,7.3452744554413725,1.829004627509825,0,0.3466
France,Desktop,High School,Silver,True,True,False,36,4.7,4.3,8,2,12.5,139.86,0,4.940641922275721,1.829004627509825,1,0.3006
Germany,Mobile,High School,Silver,True,False,True,38,9.3,4.6,7,1,23.9,758.27,0,6.631039522745729,1.876052317839795,1,0.3006
Germany,Desktop,Bachelor,Bronze,True,False,True,40,8.5,4.0,7,3,13.8,2623.93,1,7.8724284728788785,1.7796336993958102,0,0.3466
UK,Desktop,High School,Bronze,True,False,False,44,12.7,3.6,7,1,8.4,828.31,0,6.719387480451781,1.7097690490891824,1,0.3006
France,Mobile,High School,Silver,True,False,False,52,6.2,3.3,2,2,27.6,769.43,1,6.645649980979936,1.6539684852930463,1,0.3006
India,Tablet,PhD,Silver,True,True,False,18,16.4,4.3,8,6,20.0,6428.1,1,8.76843428367479,1.829004627509825,3,0.1018
USA,Mobile,High School,Bronze,True,False,True,51,7.7,4.6,5,2,16.3,822.7,1,6.712591614174885,1.876052317839795,1,0.3006
Australia,Mobile,Master,Bronze,True,False,False,18,32.5,3.6,9,2,27.8,3315.6,0,8.106393881717372,1.7097690490891824,2,0.251
Japan,Mobile,Bachelor,Bronze,True,False,True,42,4.7,3.4,8,1,27.3,1437.31,1,7.270528590022721,1.672916754755899,0,0.3466
India,Desktop,Master,Platinum,True,True,False,66,10.9,4.0,4,3,10.4,1572.57,0,7.360466502687166,1.7796336993958102,2,0.251
France,Desktop,Bachelor,Platinum,True,True,True,37,9.3,4.1,5,3,10.5,308.66,1,5.732240347472685,1.7963629745483078,0,0.3466
Brazil,Mobile,High School,Silver,True,True,True,40,14.7,4.7,4,1,8.8,1262.67,1,7.140983805549897,1.891255528483568,1,0.3006
USA,Tablet,Master,Platinum,True,False,True,34,25.6,3.9,5,4,8.5,5446.74,0,8.602772543547536,1.7626197870713454,2,0.251
India,Tablet,Bachelor,Silver,True,True,False,46,15.1,2.6,8,0,4.3,7689.93,1,8.94766695972744,1.5102107064924273,0,0.3466
USA,Desktop,Master,Bronze,True,False,False,42,11.0,4.5,12,4,19.2,2224.33,0,7.7072110256580215,1.860614396637471,2,0.251
Australia,Desktop,Bachelor,Bronze,True,False,True,30,21.2,4.4,7,2,9.0,342.54,0,5.836388439204223,1.844934404062263,0,0.3466
Spain,Desktop,PhD,Platinum,True,True,True,37,23.9,4.2,5,0,13.4,1334.21,0,7.196094635375493,1.8128169798052736,3,0.1018
UK,Tablet,Master,Silver,True,True,False,25,15.1,3.9,5,0,14.3,385.23,0,5.953840558511292,1.7626197870713454,2,0.251
USA,Tablet,PhD,Gold,True,False,True,37,16.6,4.7,8,3,20.1,1039.89,0,6.94687021731069,1.891255528483568,3,0.1018
Brazil,Mobile,Bachelor,Gold,True,True,False,33,20.4,3.8,6,1,24.8,1989.28,0,7.595528043204627,1.74531138386547,0,0.3466
UK,Desktop,Bachelor,Silver,True,False,False,40,3.3,3.8,6,2,29.1,1442.94,1,7.274437977867817,1.74531138386547,0,0.3466
India,Mobile,Master,Bronze,True,True,False,29,9.2,4.4,7,2,13.2,419.88,0,6.039968956167597,1.844934404062263,2,0.251
USA,Mobile,Master,Bronze,True,True,True,35,16.5,4.3,5,1,25.6,1164.32,1,7.059892504598777,1.829004627509825,2,0.251
USA,Desktop,PhD,Bronze,True,False,False,38,9.6,4.0,7,1,16.0,783.12,1,6.663285940953175,1.7796336993958102,3,0.1018
Canada,Mobile,Bachelor,Bronze,True,True,True,39,9.7,4.4,11,5,28.0,1106.83,0,7.009255352713485,1.844934404062263,0,0.3466
Japan,Desktop,Master,Silver,True,True,False,41,16.4,4.0,6,0,22.8,1307.37,0,7.175772764609714,1.7796336993958102,2,0.251
India,Desktop,High School,Bronze,True,True,True,36,16.7,3.5,9,1,20.6,244.5,1,5.499215308914927,1.691512653766797,1,0.3006
UK,Tablet,Bachelor,Bronze,True,True,True,29,17.7,3.5,6,0,12.5,2708.6,0,7.904187175221271,1.691512653766797,0,0.3466
Japan,Mobile,High School,Silver,True,True,False,39,6.5,4.2,7,1,9.1,5475.34,1,8.60800965321317,1.8128169798052736,1,0.3006
France,Desktop,Bachelor,Bronze,True,True,False,36,3.9,3.5,4,3,24.2,1921.67,0,7.560949878638922,1.691512653766797,0,0.3466
France,Mobile,PhD,Silver,True,False,True,50,23.2,4.0,7,0,17.4,346.49,0,5.847853958184639,1.7796336993958102,3,0.1018
Japan,Desktop,High School,Silver,True,True,True,52,6.7,3.3,2,2,2.3,1815.15,1,7.503923387912171,1.6539684852930463,1,0.3006
France,Mobile,Bachelor,Silver,True,True,False,22,6.4,3.8,7,1,13.1,302.94,0,5.71353476609888,1.74531138386547,0,0.3466
Germany,Mobile,Bachelor,Platinum,True,False,False,45,5.9,4.0,11,3,4.4,5885.55,1,8.68025547327138,1.7796336993958102,0,0.3466
UK,Mobile,High School,Bronze,True,True,False,48,30.6,3.2,9,4,0.8,5327.53,1,8.580642995115998,1.6346542330120937,1,0.3006
Brazil,Mobile,Bachelor,Bronze,True,True,False,22,14.4,4.3,5,4,29.8,645.7,0,6.4703349996324215,1.829004627509825,0,0.3466
USA,Desktop,Bachelor,Gold,True,True,False,45,16.0,4.2,5,1,16.3,425.83,1,6.0540402055904625,1.8128169798052736,0,0.3466
Japan,Desktop,High School,Silver,True,True,True,49,21.2,4.5,7,2,24.4,1805.97,0,7.498853122543281,1.860614396637471,1,0.3006
USA,Mobile,Master,Gold,True,True,False,27,11.8,4.4,4,3,13.5,2193.8,1,7.693390478977234,1.844934404062263,2,0.251
Japan,Desktop,PhD,Bronze,True,True,False,35,27.4,4.2,5,0,19.1,1511.81,1,7.321062887467765,1.8128169798052736,3,0.1018
Brazil,Mobile,High School,Gold,True,False,True,40,4.7,3.0,6,0,29.7,2266.18,1,7.725850873561128,1.5948692441471295,1,0.3006
USA,Desktop,High School,Platinum,True,False,False,45,5.1,3.9,8,2,19.6,1047.9,0,6.954543440480896,1.7626197870713454,1,0.3006
USA,Desktop,Bachelor,Silver,True,False,True,26,4.9,4.3,8,2,4.9,298.27,0,5.697999116567134,1.829004627509825,0,0.3466
USA,Desktop,Master,Bronze,True,True,True,52,17.1,3.9,7,1,23.6,2298.83,1,7.740155576835538,1.7626197870713454,2,0.251
France,Tablet,High School,Gold,True,False,False,18,18.3,4.3,10,3,27.9,3167.36,1,8.060653712323466,1.829004627509825,1,0.3006
India,Desktop,High School,Gold,True,False,False,54,8.3,4.2,10,3,9.7,300.25,1,5.704615460960093,1.8128169798052736,1,0.3006
USA,Mobile,Bachelor,Gold,True,True,False,45,10.1,4.2,11,1,6.7,1857.44,1,7.526954474589726,1.8128169798052736,0,0.3466
Brazil,Desktop,PhD,Bronze,True,True,False,31,33.6,3.7,5,2,7.9,6370.12,1,8.759373586693323,1.727698115361634,3,0.1018
UK,Desktop,Bachelor,Gold,True,True,False,48,7.0,3.5,7,3,5.0,1303.46,0,7.172777546289748,1.691512653766797,0,0.3466
Germany,Mobile,Bachelor,Bronze,True,True,True,25,15.4,3.8,5,6,6.3,1444.84,1,7.275753867772287,1.74531138386547,0,0.3466
Australia,Mobile,PhD,Bronze,True,True,False,39,7.0,3.6,4,2,20.7,671.99,0,6.510243459460046,1.7097690490891824,3,0.1018
UK,Mobile,Master,Silver,True,False,True,41,29.3,3.5,4,2,11.0,2435.93,0,7.798083892784727,1.691512653766797,2,0.251
Germany,Tablet,Master,Bronze,True,False,False,41,20.1,4.4,4,3,26.6,1184.28,0,7.076890273971916,1.844934404062263,2,0.251
USA,Desktop,Bachelor,Silver,True,True,True,28,4.0,4.4,6,1,10.8,976.7,0,6.884179542453431,1.844934404062263,0,0.3466
USA,Desktop,PhD,Silver,True,True,True,32,9.9,4.7,4,1,27.5,1188.23,0,7.08022008387761,1.891255528483568,3,0.1018
UK,Tablet,Master,Bronze,True,False,True,40,2.3,3.6,8,3,4.0,520.87,0,6.255500490464483,1.7097690490891824,2,0.251
USA,Desktop,Master,Silver,True,True,False,29,25.0,4.1,7,0,1.0,800.86,1,6.685686150269193,1.7963629745483078,2,0.251
Japan,Mobile,Master,Platinum,True,True,False,41,62.7,4.3,9,2,23.5,2630.51,1,7.874933022722275,1.829004627509825,2,0.251
Germany,Mobile,Master,Bronze,True,True,False,31,2.1,3.3,14,1,23.0,711.94,1,6.567993638198167,1.6539684852930463,2,0.251
France,Desktop,High School,Silver,True,True,True,50,3.9,3.8,4,3,20.9,1285.7,0,7.159058596090203,1.74531138386547,1,0.3006
USA,Mobile,Bachelor,Bronze,True,True,True,57,13.9,4.5,5,3,12.6,498.74,0,6.212084917877753,1.860614396637471,0,0.3466
UK,Desktop,Master,Silver,True,True,False,130,12.0,0.4542374366759962,6,5,6.0,478.08,1,6.169778082504398,0.8679077848625197,2,0.251
Japan,Desktop,High School,Bronze,True,True,True,49,8.8,3.8,5,4,6.9,720.83,1,6.580403325849776,1.74531138386547,1,0.3006
Canada,Desktop,Bachelor,Bronze,True,True,True,35,3.0,3.6,8,1,24.0,1640.12,1,7.402524688873104,1.7097690490891824,0,0.3466
USA,Mobile,High School,Bronze,True,True,False,27,15.8,3.7,6,1,28.2,177.64,0,5.179759030423901,1.727698115361634,1,0.3006
Australia,Desktop,Master,Platinum,True,True,False,33,24.8,4.7,4,5,28.5,1546.06,1,7.3434650382261095,1.891255528483568,2,0.251
France,Mobile,High School,Silver,True,False,True,39,118.8,3.9,7,5,11.2,1432.94,1,7.267483556749218,1.7626197870713454,1,0.3006
France,Tablet,Master,Silver,True,True,False,18,34.7,4.6,5,2,19.6,951.37,0,6.85790305102257,1.876052317839795,2,0.251
Germany,Mobile,Bachelor,Bronze,True,True,True,46,4.3,3.9,4,4,9.2,3273.67,1,8.093666958715396,1.7626197870713454,0,0.3466
USA,Mobile,High School,Silver,True,False,True,39,12.1,4.3,7,4,25.6,8103.2,0,9.000014324372588,1.829004627509825,1,0.3006
USA,Mobile,Bachelor,Bronze,True,False,False,50,19.6,2.9,6,3,17.8,2630.2,1,7.874815167907864,1.574366995878342,0,0.3466
France,Desktop,High School,Bronze,True,False,True,45,7.0,4.2,8,1,25.8,1341.92,1,7.201856703236102,1.8128169798052736,1,0.3006
UK,Mobile,Bachelor,Silver,True,False,False,39,22.7,3.6,8,1,22.4,1062.83,0,6.968690440811325,1.7097690490891824,0,0.3466
Australia,Mobile,Bachelor,Bronze,True,True,True,34,21.4,4.9,4,2,7.4,5307.28,0,8.576834741941102,1.920985627295474,0,0.3466
Germany,Tablet,High School,Bronze,True,False,False,56,32.8,3.0,8,5,0.9,892.59,0,6.794127348905883,1.5948692441471295,1,0.3006
USA,Tablet,PhD,Silver,True,False,False,64,23.1,2.7,3,3,29.5,826.13,0,6.716752146125153,1.5320566796070851,3,0.1018
Japan,Tablet,High School,Gold,True,True,True,34,15.3,3.5,6,2,13.6,1348.07,1,7.206429218907383,1.691512653766797,1,0.3006
UK,Tablet,Master,Bronze,True,True,False,51,7.3,4.9,5,2,8.2,2348.51,1,7.761536363495029,1.920985627295474,2,0.251
France,Mobile,Bachelor,Bronze,True,False,True,30,4.3,3.2,6,2,24.4,513.72,0,6.2416783699448555,1.6346542330120937,0,0.3466
Japan,Mobile,Bachelor,Bronze,True,False,False,31,14.5,5.0,6,3,5.1,793.87,0,6.6769197198825525,1.9355256601749082,0,0.3466
Australia,Tablet,Bachelor,Platinum,True,True,False,33,8.8,4.8,4,2,15.2,2932.96,0,7.983767430971055,1.9062310586677143,0,0.3466
Brazil,Desktop,Master,Gold,True,True,True,46,9.5,4.4,3,3,12.6,5769.35,1,8.660314701510025,1.844934404062263,2,0.251
Japan,Tablet,Master,Silver,True,True,False,25,29.9,3.1,6,2,3.8,779.58,1,6.6587553131227,1.6149595811994066,2,0.251
Japan,Desktop,Master,Platinum,True,False,True,57,36.4,2.4,5,2,20.3,824.22,1,6.714437484565169,1.4650326891622956,2,0.251
Canada,Mobile,High School,Silver,True,False,False,49,4.5,4.1,5,3,26.5,1003.32,1,6.911069779949967,1.7963629745483078,1,0.3006
UK,Mobile,Master,Platinum,True,False,False,46,10.3,2.9,4,2,27.9,161.24,1,5.082893938248965,1.574366995878342,2,0.251
USA,Tablet,High School,Bronze,True,False,False,34,8.6,4.5,7,1,16.7,348.08,1,5.852432338412425,1.860614396637471,1,0.3006
UK,Desktop,High School,Bronze,True,True,True,48,15.7,2.7,11,5,0.4,1024.0,1,6.931471805599453,1.5320566796070851,1,0.3006
USA,Mobile,Bachelor,Silver,True,True,False,18,2.0,4.3,2,1,11.6,2562.55,1,7.848758135451425,1.829004627509825,0,0.3466
Japan,Mobile,Bachelor,Bronze,True,True,False,43,3.8,3.8,3,2,16.5,823.95,1,6.714109848456739,1.74531138386547,0,0.3466
Japan,Desktop,Bachelor,Silver,True,True,True,40,11.1,3.8,7,4,29.0,408.15,0,6.011634753897365,1.74531138386547,0,0.3466
France,Mobile,Master,Bronze,True,True,False,18,22.8,3.7,2,1,13.3,2763.26,0,7.924166421111504,1.727698115361634,2,0.251
USA,Mobile,Bachelor,Silver,True,True,False,43,579.8201727234051,3.6,9,1,10.6,399.14,0,5.989312232539839,1.7097690490891824,0,0.3466
Brazil,Mobile,Bachelor,Bronze,True,True,False,45,20.8,2.9,2,6,27.7,147.57,1,4.994302639475358,1.574366995878342,0,0.3466
UK,Desktop,High School,Bronze,True,False,False,18,14.3,3.8,4,4,13.2,472.09,0,6.157169645374924,1.74531138386547,1,0.3006
Japan,Mobile,Master,Platinum,True,True,False,24,33.8,3.2,6,2,28.7,1324.87,0,7.189069620399359,1.6346542330120937,2,0.251
France,Mobile,Bachelor,Gold,True,True,False,63,40.0,4.1,5,3,9.5,1325.86,1,7.189816584477958,1.7963629745483078,0,0.3466
UK,Desktop,Bachelor,Platinum,True,True,False,36,6.6,3.9,7,3,22.4,838.65,1,6.731793456140764,1.7626197870713454,0,0.3466
USA,Desktop,Master,Gold,True,True,False,50,24.7,4.0,11,1,25.3,1897.26,1,7.548166019056796,1.7796336993958102,2,0.251
USA,Tablet,Bachelor,Silver,True,True,False,52,18.3,4.3,8,3,26.6,439.4,0,6.08541015995051,1.829004627509825,0,0.3466
India,Mobile,Bachelor,Silver,True,True,True,43,90.4,2.4,3,0,8.9,1388.22,1,7.235777629947646,1.4650326891622956,0,0.3466
Australia,Mobile,Bachelor,Bronze,True,True,True,50,6.4,4.7,1,0,29.5,334.47,1,5.8125471894475895,1.891255528483568,0,0.3466
Japan,Desktop,Bachelor,Bronze,True,True,False,18,11.1,3.9,4,2,22.3,445.89,0,6.100072284828913,1.7626197870713454,0,0.3466
USA,Desktop,Master,Bronze,True,False,True,35,5.3,4.7,3,2,4.5,557.4,1,6.323283115047848,1.891255528483568,2,0.251
Germany,Desktop,High School,Gold,True,True,True,18,5.6,4.1,6,2,22.8,812.21,0,6.699758927414767,1.7963629745483078,1,0.3006
Brazil,Desktop,High School,Bronze,True,True,True,18,16.6,4.5,7,3,25.0,267.66,0,5.589717518368229,1.860614396637471,1,0.3006
Brazil,Mobile,High School,Platinum,True,True,False,31,14.4,3.9,7,2,5.5,3969.41,0,8.28637274802742,1.7626197870713454,1,0.3006
USA,Mobile,Bachelor,Silver,True,True,True,30,18.8,3.6,6,1,5.1,1235.32,1,7.119085324810798,1.7097690490891824,0,0.3466
USA,Mobile,Master,Gold,True,True,False,38,18.5,4.0,8,3,3.9,568.7,0,6.343353054312754,1.7796336993958102,2,0.251
Japan,Desktop,Bachelor,Bronze,True,True,True,38,10.1,3.1,2,2,14.9,1790.89,0,7.490467981972415,1.6149595811994066,0,0.3466
UK,Mobile,High School,Bronze,True,True,False,40,10.0,3.8,4,4,21.5,631.74,1,6.448477917096723,1.74531138386547,1,0.3006
UK,Desktop,Master,Platinum,True,False,False,40,5.6,4.7,7,2,11.4,1197.8,1,7.088241819830362,1.891255528483568,2,0.251
USA,Desktop,Master,Bronze,True,True,False,42,7.0,4.6,7,1,1.7,4991.55,0,8.515501761755258,1.876052317839795,2,0.251
France,Tablet,Master,Bronze,True,False,False,26,11.6,4.1,3,3,10.8,1729.09,1,7.455350537538517,1.7963629745483078,2,0.251
India,Mobile,Bachelor,Bronze,True,True,False,29,14.3,2.4,6,1,21.1,585.84,0,6.373046714752815,1.4650326891622956,0,0.3466
Canada,Mobile,Master,Bronze,True,False,False,38,21.5,3.5,5,2,2.9,1425.38,0,7.2621937238201815,1.691512653766797,2,0.251
France,Desktop,High School,Bronze,True,True,False,38,19.8,3.9,5,2,16.7,2486.92,1,7.818800276016224,1.7626197870713454,1,0.3006
Germany,Tablet,High School,Silver,True,True,True,25,42.3,4.3,7,4,18.1,1111.35,0,7.013330771530775,1.829004627509825,1,0.3006
USA,Mobile,High School,Silver,True,True,True,51,5.6,4.6,9,2,19.5,682.77,1,6.526158053223932,1.876052317839795,1,0.3006
France,Mobile,Master,Silver,True,True,False,47,10.1,3.9,4,1,10.4,882.92,0,6.783234596273011,1.7626197870713454,2,0.251
UK,Desktop,High School,Bronze,True,True,False,28,6.0,3.3,3,2,27.8,3222.16,0,8.077807221101118,1.6539684852930463,1,0.3006
France,Tablet,Bachelor,Gold,True,False,False,35,33.8,4.4,6,2,29.8,590.22,1,6.380495348752722,1.844934404062263,0,0.3466
UK,Mobile,Bachelor,Gold,True,True,False,62,8.2,4.5,6,2,25.1,1032.67,1,6.939902960192455,1.860614396637471,0,0.3466
USA,Tablet,Bachelor,Bronze,True,False,False,40,30.7,4.2,7,2,3.3,1826.44,1,7.510123995983209,1.8128169798052736,0,0.3466
USA,Desktop,Master,Bronze,True,True,False,43,38.9,3.5,5,3,8.0,3443.72,0,8.144307561429523,1.691512653766797,2,0.251
UK,Desktop,High School,Bronze,True,False,True,31,17.0,4.4,11,2,6.0,294.81,0,5.686331081042445,1.844934404062263,1,0.3006
USA,Desktop,Bachelor,Gold,True,True,False,34,15.4,4.2,7,2,1.6,1310.15,1,7.177896913456929,1.8128169798052736,0,0.3466
USA,Desktop,Master,Gold,True,True,False,56,12.6,2.1,11,2,26.9,1343.23,0,7.202832440236964,1.393191696315046,2,0.251
Spain,Tablet,High School,Platinum,True,True,False,39,9.5,4.5,6,2,5.6,1556.74,1,7.350349170092938,1.860614396637471,1,0.3006
Germany,Desktop,Master,Bronze,True,True,False,37,8.6,4.4,6,2,11.3,1706.57,0,7.442240787136303,1.844934404062263,2,0.251
France,Desktop,Master,Silver,True,True,True,38,10.8,3.2,6,3,11.3,1053.72,1,6.9600820391599045,1.6346542330120937,2,0.251
India,Desktop,PhD,Bronze,True,False,False,69,52.4,3.2,5,3,23.3,926.74,0,6.831673051576078,1.6346542330120937,3,0.1018
Spain,Desktop,Master,Bronze,True,True,False,38,5.3,3.8,5,4,13.4,401.81,1,5.995979340075115,1.74531138386547,2,0.251
France,Desktop,Bachelor,Silver,True,False,True,28,14.3,4.2,9,2,11.1,352.18,0,5.864142408532632,1.8128169798052736,0,0.3466
India,Mobile,Bachelor,Bronze,True,False,False,30,21.5,4.6,2,2,8.0,1410.68,1,7.251827136621199,1.876052317839795,0,0.3466
UK,Mobile,High School,Gold,True,True,False,47,9.7,3.6,2,1,15.8,309.77,0,5.7358300866249765,1.7097690490891824,1,0.3006
UK,Desktop,High School,Silver,True,False,False,21,17.0,3.7,6,5,3.4,1213.93,1,7.101618309330976,1.727698115361634,1,0.3006
Germany,Desktop,High School,Gold,True,False,False,43,3.7,3.3,5,3,18.5,2063.29,1,7.632057075174486,1.6539684852930463,1,0.3006
Japan,Desktop,Bachelor,Bronze,True,True,False,29,35.2,4.9,4,0,24.7,1715.2,0,7.447284970876483,1.920985627295474,0,0.3466
Japan,Desktop,Master,Platinum,True,True,True,18,30.1,3.8,3,2,27.8,10726.68,0,9.28048937488557,1.74531138386547,2,0.251
UK,Mobile,Bachelor,Platinum,True,False,False,26,11.3,3.4,8,0,18.9,443.29,0,6.094224183409496,1.672916754755899,0,0.3466
USA,Mobile,Bachelor,Platinum,True,False,False,38,6.0,4.3,6,3,24.7,1110.4,1,7.01247558975254,1.829004627509825,0,0.3466
Japan,Mobile,Bachelor,Gold,True,False,True,55,23.0,2.4,7,2,6.8,1100.25,1,7.003292705691201,1.4650326891622956,0,0.3466
USA,Mobile,Bachelor,Gold,True,True,False,49,4.9,4.0,4,3,15.4,4146.01,1,8.329901704956153,1.7796336993958102,0,0.3466
France,Desktop,PhD,Silver,True,True,True,34,5.5,4.4,6,5,8.5,1800.45,0,7.495791912639463,1.844934404062263,3,0.1018
Japan,Tablet,High School,Bronze,True,True,False,50,11.7,3.7,5,1,30.0,777.14,1,6.655620514317328,1.727698115361634,1,0.3006
Japan,Mobile,Bachelor,Silver,True,False,True,34,41.0,4.5,5,1,11.3,1990.43,0,7.59610597477854,1.860614396637471,0,0.3466
Brazil,Tablet,Bachelor,Gold,True,True,True,20,20.3,4.5,9,1,6.7,1096.89,1,7.000234181774401,1.860614396637471,0,0.3466
India,Desktop,High School,Platinum,True,True,True,117,570.337595807259,-0.3833020039429966,10,171,23.2,667.52,1,6.503569352372353,0.4346242851595774,1,0.3006
Germany,Tablet,Bachelor,Silver,True,True,False,20,3.2,3.8,7,2,13.8,606.72,0,6.408067399626602,1.74531138386547,0,0.3466
Brazil,Mobile,Master,Bronze,True,True,False,47,12.6,4.6,9,3,3.8,967.2,0,6.874405299300583,1.876052317839795,2,0.251
France,Mobile,High School,Silver,True,False,False,48,14.9,3.4,4,3,23.7,1596.98,0,7.375869624655065,1.672916754755899,1,0.3006
USA,Desktop,High School,Platinum,True,False,True,27,11.5,4.4,5,1,14.5,304.43,0,5.718441175664861,1.844934404062263,1,0.3006
USA,Mobile,High School,Bronze,True,True,False,40,51.7,3.0,4,6,23.7,1896.26,0,7.547638804215086,1.5948692441471295,1,0.3006
UK,Tablet,Master,Bronze,True,False,True,40,11.0,4.2,6,4,22.5,638.58,1,6.459246961281008,1.8128169798052736,2,0.251
Germany,Mobile,Master,Silver,True,False,False,48,2.0,4.4,12,4,17.1,270.34,0,5.599680426055682,1.844934404062263,2,0.251
France,Mobile,Bachelor,Bronze,True,True,False,23,8.8,3.7,6,6,21.6,2626.83,0,7.873533074991665,1.727698115361634,0,0.3466
India,Tablet,Bachelor,Bronze,True,True,False,45,17.5,4.2,4,3,25.7,471.15,1,6.155176514652765,1.8128169798052736,0,0.3466
USA,Desktop,Master,Bronze,True,True,False,22,16.6,4.3,6,0,13.5,61791.57174955962,0,11.031522254688294,1.829004627509825,2,0.251
USA,Mobile,Master,Gold,True,False,True,47,10.6,2.4,5,2,28.7,2777.66,0,7.929364125615213,1.4650326891622956,2,0.251
Canada,Mobile,Master,Bronze,True,True,False,51,9.3,4.7,6,2,5.5,2396.34,1,7.781697852339991,1.891255528483568,2,0.251
USA,Tablet,Master,Silver,True,False,True,30,2.5,3.7,5,2,29.1,1176.7,0,7.0704691894698835,1.727698115361634,2,0.251
Germany,Desktop,Bachelor,Gold,True,True,False,53,13.0,4.2,7,3,7.0,2037.01,1,7.619238325394923,1.8128169798052736,0,0.3466
France,Mobile,Bachelor,Platinum,True,False,True,19,9.3,4.7,5,3,15.2,354.11,1,5.869607599329097,1.891255528483568,0,0.3466
France,Mobile,Master,Platinum,True,True,True,51,14.9,3.8,3,1,14.1,1096.79,1,7.00014301077401,1.74531138386547,2,0.251
USA,Mobile,PhD,Silver,True,False,False,55,18.0,4.0,8,4,1.8,1792.63,0,7.49143909425126,1.7796336993958102,3,0.1018
USA,Mobile,High School,Platinum,True,False,False,42,32.9,2.9,4,1,5.7,3671.05,0,8.208233003671037,1.574366995878342,1,0.3006
USA,Tablet,High School,Bronze,True,True,False,36,5.7,3.4,6,3,24.9,371.25,0,5.9168756901169095,1.672916754755899,1,0.3006
France,Tablet,PhD,Gold,True,True,False,42,4.3,4.2,7,4,8.3,978.13,1,6.885642585536539,1.8128169798052736,3,0.1018
France,Desktop,High School,Silver,True,True,True,31,7.7,4.0,4,0,0.2,1372.14,0,7.2241268438963475,1.7796336993958102,1,0.3006
USA,Desktop,Master,Bronze,True,True,True,69,6.8,3.0,7,0,24.7,1655.78,1,7.4120274758782845,1.5948692441471295,2,0.251
Japan,Desktop,Bachelor,Silver,True,True,True,31,6.3,4.3,8,2,28.6,1382.7,0,7.231793388394572,1.829004627509825,0,0.3466
India,Desktop,High School,Bronze,True,False,True,54,38.7,4.5,13,3,16.0,184.22,1,5.216130695560089,1.860614396637471,1,0.3006
USA,Mobile,High School,Gold,True,False,False,29,13.7,3.0,9,1,17.9,822.85,0,6.712773924041392,1.5948692441471295,1,0.3006
Germany,Tablet,High School,Bronze,True,True,False,57,59.0,4.5,1,3,3.4,1064.14,1,6.969922240193208,1.860614396637471,1,0.3006
Japan,Mobile,High School,Silver,True,False,True,62,12.2,3.5,7,2,28.4,930.2,1,6.835399616789997,1.691512653766797,1,0.3006
UK,Desktop,Bachelor,Bronze,True,False,False,43,4.8,4.2,7,5,6.4,502.31,0,6.219217458979092,1.8128169798052736,0,0.3466
UK,Desktop,Master,Bronze,True,False,True,41,6.4,4.0,10,6,16.5,896.18,1,6.798141285655805,1.7796336993958102,2,0.251
France,Mobile,PhD,Platinum,True,True,True,27,27.6,4.8,5,1,29.0,4002.36,1,8.294639466120458,1.9062310586677143,3,0.1018
Australia,Mobile,Bachelor,Gold,True,False,False,25,4.9,4.5,8,0,13.4,10987.17,1,9.304483507412707,1.860614396637471,0,0.3466
India,Desktop,Bachelor,Platinum,True,False,False,42,19.0,4.4,6,3,2.8,460.61,1,6.132551697962893,1.844934404062263,0,0.3466
France,Tablet,Bachelor,Bronze,True,True,True,55,9.2,3.6,2,1,6.5,1129.78,0,7.029778202486289,1.7097690490891824,0,0.3466
Brazil,Tablet,Bachelor,Bronze,True,True,False,31,5.8,4.0,3,1,2.1,1282.84,0,7.156831649122693,1.7796336993958102,0,0.3466
UK,Desktop,Bachelor,Silver,True,True,True,64,36.9,4.7,4,3,12.1,2305.5,1,7.74305285164676,1.891255528483568,0,0.3466
Japan,Tablet,High School,Silver,True,True,False,31,7.6,4.1,6,3,17.7,1666.56,1,7.41851690070004,1.7963629745483078,1,0.3006
Germany,Desktop,High School,Bronze,True,False,False,41,6.3,4.0,6,1,13.5,1327.96,0,7.191399209100821,1.7796336993958102,1,0.3006
USA,Mobile,High School,Gold,True,True,False,41,11.4,4.6,10,2,10.3,1512.34,1,7.3214133991853885,1.876052317839795,1,0.3006
Japan,Mobile,High School,Bronze,True,False,True,37,8.1,2.8,4,1,5.0,1496.29,1,7.310743990015267,1.5534355914115192,1,0.3006
France,Desktop,Master,Bronze,True,True,False,18,71.7,3.0,8,5,21.0,612.43,0,6.417434650173487,1.5948692441471295,2,0.251
UK,Tablet,High School,Bronze,True,True,False,31,28.5,3.7,8,3,28.9,1508.72,0,7.31901688820411,1.727698115361634,1,0.3006
Australia,Mobile,Master,Silver,True,True,False,40,7.6,4.9,5,2,9.9,1818.4,0,7.505712272538333,1.920985627295474,2,0.251
USA,Mobile,PhD,Gold,True,True,False,37,8.3,3.8,8,1,15.6,692.68,1,6.54056813208395,1.74531138386547,3,0.1018
UK,Desktop,PhD,Silver,True,False,False,46,2.4,4.0,4,2,5.0,1450.81,0,7.279877300133821,1.7796336993958102,3,0.1018
USA,Desktop,PhD,Silver,True,True,False,47,13.6,4.2,6,0,2.2,317.34,1,5.7599737543059435,1.8128169798052736,3,0.1018
Brazil,Desktop,High School,Bronze,True,True,False,35,6.7,2.8,3,0,5.0,415.98,0,6.0306371821824545,1.5534355914115192,1,0.3006
Japan,Mobile,Bachelor,Platinum,True,True,False,26,13.1,4.9,6,3,2.8,568.72,0,6.343388221621228,1.920985627295474,0,0.3466
UK,Mobile,High School,Platinum,True,False,False,57,2.5,3.6,13,5,18.5,386.07,1,5.956018700173683,1.7097690490891824,1,0.3006
Japan,Desktop,Master,Silver,True,True,False,22,11.9,3.4,9,3,19.7,973.73,0,6.881134057821267,1.672916754755899,2,0.251
UK,Mobile,Master,Bronze,True,False,False,31,47.4,3.3,4,3,30.0,929.54,0,6.8346898401247556,1.6539684852930463,2,0.251
Brazil,Mobile,Master,Silver,True,True,False,28,12.7,4.2,4,1,29.8,1325.09,0,7.189235660641858,1.8128169798052736,2,0.251
Germany,Mobile,Bachelor,Silver,True,True,False,47,6.6,4.3,1,3,13.3,899.93,0,6.802316982521685,1.829004627509825,0,0.3466
Germany,Mobile,Master,Platinum,True,False,True,54,12.0,3.1,12,3,6.9,5000.36,1,8.517265188824362,1.6149595811994066,2,0.251
Australia,Tablet,High School,Platinum,True,True,False,36,11.6,4.3,8,3,14.7,718.39,1,6.577012597069282,1.829004627509825,1,0.3006
UK,Mobile,High School,Gold,True,True,True,41,70.3,3.4,1,4,26.9,455.44,1,6.121263984642827,1.672916754755899,1,0.3006
USA,Mobile,Master,Bronze,True,False,False,43,514.1768474175991,4.1,5,1,20.5,226.51,1,5.422789094058876,1.7963629745483078,2,0.251
France,Desktop,Bachelor,Platinum,True,False,True,60,4.7,4.5,6,4,18.6,718.22,0,6.57677592880052,1.860614396637471,0,0.3466
Canada,Desktop,PhD,Silver,True,True,True,18,12.4,3.0,10,2,20.9,742.76,1,6.6103729777323945,1.5948692441471295,3,0.1018
UK,Desktop,High School,Gold,True,True,False,47,14.2,4.0,6,4,4.6,3127.28,1,8.04791889614181,1.7796336993958102,1,0.3006
USA,Mobile,Master,Silver,True,True,True,43,19.1,3.6,4,5,11.4,749.15,1,6.618939230489153,1.7097690490891824,2,0.251
UK,Desktop,Bachelor,Bronze,True,False,False,34,22.3,4.6,5,3,5.8,932.23,0,6.8375795653560205,1.876052317839795,0,0.3466
Germany,Desktop,Master,Silver,True,False,False,42,58.2,3.6,3,2,28.5,1082.57,0,6.987093122912967,1.7097690490891824,2,0.251
USA,Mobile,Master,Bronze,True,True,False,47,7.6,3.7,7,2,5.8,205.4,0,5.324959297494458,1.727698115361634,2,0.251
Japan,Desktop,PhD,Bronze,True,True,False,45,7.0,4.7,9,3,5.4,2937.67,0,7.985372029118301,1.891255528483568,3,0.1018
Spain,Desktop,High School,Gold,True,False,False,64,2.8,1.4,6,3,27.2,580.09,0,6.363183263916264,1.2022767788002895,1,0.3006
Germany,Desktop,PhD,Bronze,True,True,False,40,20.7,3.4,5,4,28.5,2043.84,0,7.622585670373224,1.672916754755899,3,0.1018
UK,Mobile,High School,Bronze,True,False,False,38,6.0,2.7,5,2,21.4,542.64,0,6.296446116637824,1.5320566796070851,1,0.3006
Germany,Desktop,High School,Bronze,True,True,True,36,24.9,3.8,2,0,30.0,594.72,1,6.388090706548942,1.74531138386547,1,0.3006
USA,Mobile,Bachelor,Silver,True,True,False,45,8.2,3.5,9,3,1.5,480.03,0,6.173848601948893,1.691512653766797,0,0.3466
Australia,Mobile,Master,Platinum,True,False,False,38,48.5,4.4,6,3,21.6,998.0,0,6.905753276311464,1.844934404062263,2,0.251
Germany,Mobile,Bachelor,Bronze,True,False,False,38,3.9,3.9,8,4,5.6,1564.74,0,7.355474954987137,1.7626197870713454,0,0.3466
UK,Mobile,Master,Bronze,True,False,False,38,27.6,3.4,5,1,11.3,295.07,0,5.687212616327036,1.672916754755899,2,0.251
Japan,Mobile,Master,Platinum,True,False,False,36,25.1,3.4,6,2,8.8,2762.54,1,7.9239058253591885,1.672916754755899,2,0.251
Germany,Desktop,High School,Gold,True,False,False,31,18.6,4.0,3,0,26.1,2569.46,0,7.851451039080135,1.7796336993958102,1,0.3006
Japan,Desktop,PhD,Bronze,True,True,False,43,5.0,4.3,7,4,3.5,695.1,0,6.54405572010644,1.829004627509825,3,0.1018
USA,Desktop,High School,Gold,True,False,False,35,18.6,2.8,7,4,9.3,308.58,0,5.73198112901488,1.5534355914115192,1,0.3006
India,Desktop,Master,Silver,True,True,True,45,13.5,2.5,6,4,22.7,1602.25,0,7.379164170384336,1.487876807789161,2,0.251
Canada,Desktop,Bachelor,Gold,True,True,False,39,2.8,3.9,4,1,22.4,1007.73,0,6.915455555608325,1.7626197870713454,0,0.3466
Japan,Desktop,Bachelor,Silver,True,True,False,33,42.4,3.8,6,3,16.2,1902.61,1,7.550981906724065,1.74531138386547,0,0.3466
Canada,Mobile,Bachelor,Platinum,True,True,False,57,9.2,4.4,6,5,24.4,256.78,0,5.548219687162938,1.844934404062263,0,0.3466
USA,Mobile,High School,Bronze,True,False,True,37,39.8,4.0,3,8,2.5,220.81,1,5.3973026032324585,1.7796336993958102,1,0.3006
Germany,Desktop,Bachelor,Bronze,True,True,True,45,11.5,4.1,6,1,0.1,6201.97,0,8.732622262499389,1.7963629745483078,0,0.3466
France,Mobile,High School,Bronze,True,False,False,30,26.7,3.9,4,3,3.1,1942.5,0,7.5717310822418025,1.7626197870713454,1,0.3006
France,Desktop,High School,Silver,True,True,False,18,6.1,4.7,7,4,24.5,711.97,1,6.5680357756928185,1.891255528483568,1,0.3006
Germany,Desktop,High School,Platinum,True,False,False,31,14.5,3.6,3,5,14.9,292.06,0,5.676959260612326,1.7097690490891824,1,0.3006
UK,Mobile,Bachelor,Silver,True,True,False,18,13.7,4.0,7,0,11.5,392.95,0,5.973682377312184,1.7796336993958102,0,0.3466
USA,Desktop,Master,Bronze,True,True,True,35,9.4,4.1,5,4,7.0,1744.79,1,7.4643894835550855,1.7963629745483078,2,0.251
UK,Desktop,Bachelor,Silver,True,True,False,56,6.1,4.8,7,2,3.9,515.63,1,6.245389454011627,1.9062310586677143,0,0.3466
USA,Desktop,Master,Silver,True,False,False,27,1.0,4.6,7,2,17.4,243.39,0,5.494665095075083,1.876052317839795,2,0.251
Brazil,Tablet,Bachelor,Platinum,True,False,False,18,6.2,2.4,3,2,19.2,589.88,1,6.37991912638274,1.4650326891622956,0,0.3466
USA,Mobile,Master,Silver,True,True,True,56,21.3,4.7,3,1,1.5,306.22,0,5.724303797876949,1.891255528483568,2,0.251
USA,Desktop,Master,Silver,True,False,False,32,4.0,3.1,6,4,2.2,615.13,0,6.421833627582288,1.6149595811994066,2,0.251
France,Mobile,Bachelor,Gold,True,False,True,38,4.7,2.9,5,3,21.9,509.97,0,6.234351900458788,1.574366995878342,0,0.3466
France,Mobile,Master,Gold,True,True,False,47,3.9,3.7,4,2,13.1,2242.12,1,7.715177125839374,1.727698115361634,2,0.251
India,Mobile,High School,Silver,True,True,True,44,14.4,3.1,5,1,9.5,2134.53,0,7.666001760913023,1.6149595811994066,1,0.3006
France,Mobile,Master,Bronze,True,True,False,47,6.0,3.5,8,3,14.5,469.27,0,6.151178295762409,1.691512653766797,2,0.251
UK,Desktop,Master,Gold,True,True,False,49,32.3,4.3,2,0,5.8,1059.84,1,6.965873232316786,1.829004627509825,2,0.251
India,Desktop,High School,Gold,True,True,True,18,21.9,4.4,6,2,0.8,1563.09,0,7.354419910337618,1.844934404062263,1,0.3006
France,Mobile,Master,Gold,True,False,True,21,14.3,3.6,9,4,10.4,3686.88,1,8.212535850918481,1.7097690490891824,2,0.251
USA,Mobile,High School,Platinum,True,True,False,52,15.5,4.3,8,4,9.8,866.87,1,6.764889023208194,1.829004627509825,1,0.3006
France,Mobile,High School,Gold,True,True,True,29,6.6,4.0,1,2,12.1,260.99,0,5.564482092412441,1.7796336993958102,1,0.3006
Australia,Mobile,High School,Gold,True,True,True,30,6.6,3.0,10,3,15.1,1055.97,0,6.962215054771752,1.5948692441471295,1,0.3006
UK,Tablet,Master,Platinum,True,False,False,23,21.5,4.4,9,3,24.0,1832.27,1,7.513310914287387,1.844934404062263,2,0.251
UK,Tablet,Master,Bronze,True,True,True,33,25.3,3.4,6,2,27.2,1229.6,0,7.114444192224386,1.672916754755899,2,0.251
USA,Tablet,Master,Silver,True,True,False,34,21.4,2.9,5,3,5.3,1436.25,1,7.269790829162965,1.574366995878342,2,0.251
USA,Mobile,High School,Silver,True,False,True,27,8.4,4.3,6,4,11.9,1419.12,0,7.2577922401806845,1.829004627509825,1,0.3006
Germany,Tablet,Bachelor,Bronze,True,True,False,25,8.9,3.7,7,2,0.7,1569.6,0,7.358576088811098,1.727698115361634,0,0.3466
France,Desktop,Master,Gold,True,False,False,42,5.8,3.2,8,2,19.4,319.94,0,5.76813347821345,1.6346542330120937,2,0.251
USA,Desktop,High School,Gold,True,True,True,28,22.5,4.9,6,1,10.4,590.86,1,6.3815791027112025,1.920985627295474,1,0.3006
Australia,Mobile,Bachelor,Gold,True,False,False,31,2.5,4.1,10,1,12.9,679.85,1,6.521872185601695,1.7963629745483078,0,0.3466
Brazil,Mobile,High School,Platinum,True,True,False,18,2.1,4.5,8,5,2.0,1534.6,1,7.336025039743565,1.860614396637471,1,0.3006
France,Mobile,High School,Bronze,True,True,True,61,2.5,4.3,7,1,25.3,393.72,1,5.975639996761011,1.829004627509825,1,0.3006
India,Mobile,Bachelor,Gold,True,True,True,49,2.2,2.9,7,4,22.0,409.22,0,6.014252908738413,1.574366995878342,0,0.3466
USA,Desktop,Master,Silver,True,True,False,32,36.1,3.7,7,3,4.9,1509.33,1,7.319421122731905,1.727698115361634,2,0.251
Germany,Desktop,High School,Bronze,True,False,False,27,22.9,3.8,8,1,0.2,1345.83,0,7.204766202079549,1.74531138386547,1,0.3006
Japan,Mobile,High School,Bronze,True,True,True,38,4.7,4.8,6,2,3.5,2368.52,0,7.7700205664911275,1.9062310586677143,1,0.3006
India,Desktop,High School,Gold,True,True,False,38,11.2,4.8,7,5,14.7,2024.66,0,7.613157064209082,1.9062310586677143,1,0.3006
Brazil,Desktop,High School,Silver,True,False,False,23,39.4,3.3,2,1,24.4,318.37,1,5.763214228425613,1.6539684852930463,1,0.3006
UK,Desktop,High School,Gold,True,True,False,18,18.2,4.4,8,3,21.6,2328.19,0,7.752846420641271,1.844934404062263,1,0.3006
Canada,Desktop,Bachelor,Silver,True,True,False,32,66.1,4.3,6,2,19.2,908.26,1,6.81153068122512,1.829004627509825,0,0.3466
USA,Mobile,Master,Bronze,True,True,False,19,11.1,3.6,4,0,24.0,735.33,0,6.600319378043495,1.7097690490891824,2,0.251
India,Desktop,Bachelor,Bronze,True,True,True,40,7.2,4.2,5,2,15.4,814.44,1,6.702500760503668,1.8128169798052736,0,0.3466
Canada,Mobile,Master,Bronze,True,True,True,40,5.1,4.4,13,0,20.0,2881.53,0,7.966076682066668,1.844934404062263,2,0.251
USA,Desktop,Master,Platinum,True,False,False,109,12.4,0.3556057857652144,5,4,25.0,319.38,0,5.766381616412721,0.8256176008642394,2,0.251
Brazil,Mobile,High School,Bronze,True,True,False,32,25.8,2.5,4,3,16.6,509.25,0,6.2329390551069155,1.487876807789161,1,0.3006
USA,Desktop,High School,Platinum,True,True,False,59,13.2,4.2,4,1,18.2,820.02,0,6.709328730204764,1.8128169798052736,1,0.3006
Germany,Mobile,Master,Platinum,True,False,False,47,9.1,3.6,6,4,18.7,513.52,1,6.2412889770035225,1.7097690490891824,2,0.251
Germany,Mobile,High School,Platinum,True,True,False,33,33.3,3.1,2,0,27.9,418.45,1,6.036557408478883,1.6149595811994066,1,0.3006
France,Desktop,High School,Silver,True,True,True,66,18.6,4.2,4,2,13.6,608.81,1,6.4115062321681595,1.8128169798052736,1,0.3006
Australia,Tablet,High School,Platinum,True,True,False,24,11.1,1.8,6,2,2.7,171.33,0,5.143591521344882,1.3157873187768427,1,0.3006
Japan,Mobile,Bachelor,Bronze,True,False,True,28,6.6,3.7,6,6,26.1,1206.3,0,7.095313102571338,1.727698115361634,0,0.3466
Germany,Desktop,Bachelor,Bronze,True,True,True,37,9.9,2.9,2,2,1.7,1563.93,1,7.354957163070383,1.574366995878342,0,0.3466
India,Desktop,PhD,Bronze,True,True,False,20,17.8,3.6,4,2,1.4,1465.98,1,7.290279239788734,1.7097690490891824,3,0.1018
Canada,Tablet,Master,Platinum,True,True,False,59,6.5,3.6,7,3,5.9,983.91,1,6.891534429454586,1.7097690490891824,2,0.251
USA,Mobile,Bachelor,Bronze,True,False,True,40,4.5,3.3,4,6,2.2,1671.38,1,7.42140491147923,1.6539684852930463,0,0.3466
Spain,Desktop,Bachelor,Silver,True,True,True,29,8.3,4.1,7,3,15.7,526.32,0,6.2659093927777425,1.7963629745483078,0,0.3466
USA,Desktop,High School,Bronze,True,True,True,43,11.7,3.5,4,3,26.3,1454.02,1,7.282087413157048,1.691512653766797,1,0.3006
India,Mobile,High School,Bronze,True,True,False,40,36.3,3.2,11,1,7.3,1141.35,0,7.039967051290641,1.6346542330120937,1,0.3006
UK,Mobile,High School,Bronze,True,True,True,34,4.8,4.3,4,8,1.5,184.33,0,5.216727629508083,1.829004627509825,1,0.3006
USA,Mobile,High School,Gold,True,True,False,23,14.6,3.4,3,4,7.6,1344.02,1,7.203420401924755,1.672916754755899,1,0.3006
Germany,Desktop,High School,Silver,True,True,False,21,9.8,3.7,2,1,8.7,1168.03,0,7.063073847989827,1.727698115361634,1,0.3006
Japan,Mobile,High School,Platinum,True,False,False,64,10.2,3.7,6,2,26.0,6528.96,0,8.784002944655384,1.727698115361634,1,0.3006
UK,Desktop,Bachelor,Silver,True,True,False,22,41.7,4.1,4,4,19.7,632.06,0,6.448984326349514,1.7963629745483078,0,0.3466
USA,Desktop,PhD,Platinum,True,True,True,58,13.0,4.5,8,3,4.5,1413.05,1,7.253505767762643,1.860614396637471,3,0.1018
France,Mobile,Bachelor,Silver,True,False,False,28,5.9,3.2,6,2,8.7,4425.97,0,8.395244742458788,1.6346542330120937,0,0.3466
Australia,Tablet,PhD,Silver,True,True,True,47,24.8,3.9,7,5,18.9,1665.94,1,7.418144807672491,1.7626197870713454,3,0.1018
UK,Desktop,Bachelor,Silver,True,True,False,44,23.4,4.1,6,2,1.6,1718.77,1,7.449364197710816,1.7963629745483078,0,0.3466
USA,Mobile,Bachelor,Silver,True,True,True,46,5.5,4.5,3,4,20.4,341.9,1,5.834518296645255,1.860614396637471,0,0.3466
Germany,Mobile,Bachelor,Gold,True,False,False,47,4.7,4.2,9,4,26.2,811.06,1,6.698342034116187,1.8128169798052736,0,0.3466
USA,Mobile,High School,Silver,True,True,True,103,16.9,2.7,6,3,26.0,1530.25,0,7.333186399731179,1.5320566796070851,1,0.3006
India,Mobile,High School,Gold,True,False,False,30,11.9,4.6,5,4,1.8,581.16,0,6.365026106203138,1.876052317839795,1,0.3006
India,Mobile,PhD,Gold,True,False,False,22,8.4,3.5,7,4,24.3,2201.3,0,7.696803373919286,1.691512653766797,3,0.1018
France,Desktop,PhD,Bronze,True,False,True,40,28.4,3.9,5,2,15.0,3152.08,1,8.055817831366344,1.7626197870713454,3,0.1018
UK,Tablet,High School,Silver,True,False,False,22,7.6,2.8,11,0,15.0,5450.4,0,8.603444279459458,1.5534355914115192,1,0.3006
Brazil,Mobile,High School,Bronze,True,False,False,18,17.1,3.2,8,4,17.3,3676.29,0,8.20965937046185,1.6346542330120937,1,0.3006
France,Tablet,Bachelor,Silver,True,True,True,35,31.2,3.8,9,2,12.3,952.74,0,6.859342043766061,1.74531138386547,0,0.3466
India,Mobile,High School,Silver,True,True,False,18,9.3,3.8,6,2,21.4,802.06,1,6.687183418035745,1.74531138386547,1,0.3006
Japan,Tablet,Bachelor,Platinum,True,True,False,41,2.8,4.1,6,1,9.7,1042.77,1,6.9496359129458645,1.7963629745483078,0,0.3466
Brazil,Desktop,High School,Bronze,True,True,False,23,8.8,4.4,7,3,22.4,307.95,0,5.7299374321330525,1.844934404062263,1,0.3006
France,Desktop,Bachelor,Bronze,True,True,False,28,14.2,4.6,8,5,27.8,790.76,1,6.672994508327736,1.876052317839795,0,0.3466
Germany,Tablet,High School,Bronze,True,False,True,18,27.2,4.4,6,5,3.8,568.74,0,6.343423387693005,1.844934404062263,1,0.3006
Canada,Desktop,Bachelor,Bronze,True,True,False,58,8.0,3.2,5,1,13.4,223.08,1,5.407530451521353,1.6346542330120937,0,0.3466
France,Desktop,High School,Gold,True,True,False,20,48.4,3.7,6,2,0.6,1810.07,0,7.501120797545199,1.727698115361634,1,0.3006
France,Mobile,Bachelor,Gold,True,True,True,34,4.3,4.1,9,2,13.2,308.0,1,5.730099782973574,1.7963629745483078,0,0.3466
USA,Mobile,PhD,Gold,True,False,True,18,13.9,4.6,6,1,13.1,535.8,0,6.283760957110508,1.876052317839795,3,0.1018
Japan,Desktop,Bachelor,Gold,True,False,True,28,10.1,3.3,9,2,21.8,3230.25,0,8.08031481260233,1.6539684852930463,0,0.3466
France,Tablet,Master,Bronze,True,True,False,59,35.8,4.6,6,2,10.6,1000.97,1,6.908724808836141,1.876052317839795,2,0.251
USA,Mobile,Master,Bronze,True,True,False,42,3.7,3.3,8,2,26.6,1222.11,0,7.108334152046923,1.6539684852930463,2,0.251
USA,Mobile,PhD,Bronze,True,False,False,29,17.1,4.7,5,5,12.0,3173.35,0,8.062543091204349,1.891255528483568,3,0.1018
France,Mobile,Master,Gold,True,True,False,38,10.0,4.8,6,0,16.6,2643.14,1,7.879722883311146,1.9062310586677143,2,0.251
Brazil,Desktop,Master,Gold,True,False,False,31,41.4,4.3,6,4,7.8,4820.23,1,8.48057692374851,1.829004627509825,2,0.251
France,Desktop,Master,Silver,True,True,True,37,6.3,4.2,6,1,4.7,1084.97,1,6.989307615822713,1.8128169798052736,2,0.251
USA,Desktop,High School,Bronze,True,False,True,47,17.0,3.4,7,2,19.7,2855.8,1,7.957107292996195,1.672916754755899,1,0.3006
Japan,Mobile,Bachelor,Bronze,True,False,False,34,6.2,3.6,4,0,12.6,342.15,0,5.835249237398506,1.7097690490891824,0,0.3466
USA,Mobile,PhD,Platinum,True,False,False,41,14.2,4.5,10,4,18.5,1672.98,0,7.422361746342744,1.860614396637471,3,0.1018
Germany,Mobile,Master,Bronze,True,True,False,41,9.1,4.4,2,1,18.3,177.68,1,5.179984179586172,1.844934404062263,2,0.251
USA,Mobile,PhD,Gold,True,False,True,34,9.0,3.6,4,4,14.7,1507.46,0,7.318181394252624,1.7097690490891824,3,0.1018
USA,Mobile,Master,Bronze,True,True,True,29,2.5,3.3,3,1,9.1,3140.54,1,8.052150038638668,1.6539684852930463,2,0.251
USA,Mobile,Master,Bronze,True,True,False,32,17.0,4.2,6,5,5.9,908.46,1,6.8117508582483355,1.8128169798052736,2,0.251
UK,Desktop,Master,Gold,True,False,True,46,5.1,4.0,9,2,5.5,785.9,0,6.666829557872129,1.7796336993958102,2,0.251
USA,Desktop,Master,Bronze,True,True,False,47,5.0,3.1,9,3,16.1,1223.86,0,7.109765077445518,1.6149595811994066,2,0.251
UK,Tablet,Bachelor,Gold,True,False,False,24,3.5,4.8,8,4,8.9,212.75,0,5.360117767453484,1.9062310586677143,0,0.3466
Germany,Desktop,PhD,Gold,True,True,False,35,5.2,4.6,7,3,16.8,143.81,1,4.9684929838982885,1.876052317839795,3,0.1018
Germany,Desktop,Master,Silver,True,False,False,29,18.2,3.9,4,4,23.9,2698.21,0,7.900343869172335,1.7626197870713454,2,0.251
UK,Mobile,Master,Gold,True,False,False,48,17.5,3.1,4,4,15.0,1758.72,0,7.4723415507138204,1.6149595811994066,2,0.251
India,Desktop,Master,Silver,True,True,False,32,20.7,3.9,6,2,14.1,479.84,1,6.173452715000699,1.7626197870713454,2,0.251
USA,Tablet,Bachelor,Bronze,True,False,False,64,5.4,4.3,4,2,28.5,355.73,0,5.874172016134505,1.829004627509825,0,0.3466
Germany,Desktop,High School,Gold,True,True,False,41,14.5,3.2,5,1,11.3,2193.47,0,7.693240043740459,1.6346542330120937,1,0.3006
USA,Desktop,PhD,Silver,True,True,True,52,7.4,3.4,6,3,0.9,595.0,1,6.38856140554563,1.672916754755899,3,0.1018
USA,Desktop,Bachelor,Bronze,True,True,False,26,26.1,3.0,12,4,26.5,334.84,1,5.813652805791856,1.5948692441471295,0,0.3466
France,Mobile,High School,Platinum,True,True,True,38,17.1,4.0,6,4,6.7,2074.94,1,7.637687516584082,1.7796336993958102,1,0.3006
France,Desktop,High School,Silver,True,True,False,45,7.2,3.5,5,3,17.9,150.63,1,5.014826498714724,1.691512653766797,1,0.3006
India,Mobile,Master,Gold,True,True,False,26,28.0,4.6,8,2,28.1,422.79,0,6.0468756018715295,1.876052317839795,2,0.251
France,Tablet,Master,Gold,True,True,False,38,18.3,4.8,9,0,22.3,4064.26,1,8.30998696358987,1.9062310586677143,2,0.251
Canada,Tablet,Master,Silver,True,False,False,51,4.0,4.8,7,4,25.0,1247.47,1,7.1288727792403215,1.9062310586677143,2,0.251
USA,Desktop,Bachelor,Silver,True,True,False,34,3.2,4.7,7,3,12.7,859.42,0,6.756257743120372,1.891255528483568,0,0.3466
USA,Mobile,Bachelor,Silver,True,True,False,28,4.1,3.9,12,4,13.8,1360.59,0,7.215673708185289,1.7626197870713454,0,0.3466
USA,Mobile,Bachelor,Silver,True,True,True,60,45.6,3.6,7,3,1.8,3494.08,1,8.1588253868257,1.7097690490891824,0,0.3466
USA,Tablet,High School,Gold,True,False,True,24,5.4,3.7,9,5,20.1,1607.23,0,7.382267479329504,1.727698115361634,1,0.3006
France,Tablet,Master,Gold,True,False,True,40,54.6,4.3,2,2,22.3,895.39,0,6.797259377551514,1.829004627509825,2,0.251
Japan,Desktop,High School,Bronze,True,False,False,30,5.2,3.4,8,3,15.9,410.05,0,6.01627910348242,1.672916754755899,1,0.3006
USA,Mobile,Bachelor,Silver,True,True,False,27,4.8,3.8,8,2,25.6,734.21,0,6.598795091236936,1.74531138386547,0,0.3466
Canada,Desktop,Bachelor,Platinum,True,False,False,47,24.6,4.2,4,1,3.3,461.27,0,6.133983554848305,1.8128169798052736,0,0.3466
India,Desktop,Bachelor,Silver,True,True,True,36,25.5,2.2,3,4,2.6,1073.64,0,6.978810023347505,1.4177166459929065,0,0.3466
UK,Desktop,PhD,Gold,True,True,True,43,19.0,4.0,5,1,3.9,760.79,0,6.6343573670859115,1.7796336993958102,3,0.1018
USA,Mobile,High School,Gold,True,False,True,18,20.9,4.3,4,0,25.9,11890.48,0,9.38349335892885,1.829004627509825,1,0.3006
USA,Mobile,Master,Bronze,True,True,False,44,6.4,3.6,7,1,5.6,1329.64,0,7.1926635078845225,1.7097690490891824,2,0.251
USA,Desktop,High School,Bronze,True,True,False,29,23.7,3.5,9,3,2.2,505.67,1,6.225884282616507,1.691512653766797,1,0.3006
USA,Mobile,High School,Gold,True,False,False,18,14.8,4.3,4,5,23.8,2162.7,0,7.679112720078643,1.829004627509825,1,0.3006
Germany,Desktop,Bachelor,Silver,True,True,False,61,9.1,3.9,4,5,20.9,442.0,0,6.091309882077698,1.7626197870713454,0,0.3466
USA,Mobile,High School,Silver,True,True,False,45,13.1,4.6,4,2,4.8,13701.69,1,9.525274461872518,1.876052317839795,1,0.3006
UK,Desktop,Master,Gold,True,True,False,41,28.5,4.2,5,2,22.9,591.88,0,6.383303911634333,1.8128169798052736,2,0.251
Spain,Desktop,Bachelor,Gold,True,True,False,53,16.7,3.8,5,2,8.8,158.46,1,5.065502195537096,1.74531138386547,0,0.3466
Japan,Desktop,High School,Bronze,True,True,False,41,2.2,4.6,6,1,0.9,558.35,1,6.324986005891801,1.876052317839795,1,0.3006
Canada,Desktop,High School,Bronze,True,False,False,28,24.9,3.9,8,1,1.0,3124.0,1,8.046869510959576,1.7626197870713454,1,0.3006
USA,Mobile,Bachelor,Bronze,True,True,True,36,23.4,2.7,3,1,3.6,309.74,0,5.735733235888028,1.5320566796070851,0,0.3466
UK,Desktop,Master,Silver,True,False,False,30,9.0,3.6,4,4,24.6,1674.24,0,7.42311460994867,1.7097690490891824,2,0.251
France,Mobile,Bachelor,Bronze,True,True,False,32,13.4,4.1,10,3,11.9,993.75,1,6.901485665968542,1.7963629745483078,0,0.3466
USA,Desktop,Bachelor,Silver,True,False,True,23,13.3,4.0,4,3,11.3,478.66,0,6.170990533266469,1.7796336993958102,0,0.3466
USA,Mobile,Master,Bronze,True,False,False,26,2.5,4.6,6,2,23.8,849.57,0,6.744730339129773,1.876052317839795,2,0.251
Japan,Mobile,Bachelor,Silver,True,False,False,49,8.8,4.1,7,2,19.4,1403.13,1,7.246460734398657,1.7963629745483078,0,0.3466
Japan,Desktop,High School,Bronze,True,True,True,42,9.1,3.7,6,0,26.5,4178.72,0,8.337760258528162,1.727698115361634,1,0.3006
Germany,Mobile,Bachelor,Silver,True,True,False,32,10.7,3.0,1,4,0.7,465.63,1,6.143391327331203,1.5948692441471295,0,0.3466
Germany,Desktop,Bachelor,Silver,True,True,False,26,8.0,4.0,3,2,5.0,286.04,0,5.656131661180195,1.7796336993958102,0,0.3466
Germany,Mobile,Master,Bronze,True,False,False,33,20.7,4.3,6,4,25.6,1640.01,1,7.402457618360629,1.829004627509825,2,0.251
USA,Desktop,Bachelor,Platinum,True,True,False,18,6.4,3.6,4,3,28.8,634.95,0,6.453546255635042,1.7097690490891824,0,0.3466
UK,Mobile,PhD,Bronze,True,False,False,40,25.2,1.8,3,0,8.8,2350.84,1,7.762527990077825,1.3157873187768427,3,0.1018
USA,Mobile,High School,Silver,True,False,False,49,19.9,4.7,3,5,1.1,2390.78,0,7.779374951514407,1.891255528483568,1,0.3006
USA,Tablet,PhD,Platinum,True,True,False,66,36.2,3.8,7,3,0.3,3478.15,1,8.15425582221885,1.74531138386547,3,0.1018
Canada,Mobile,Bachelor,Silver,True,True,True,25,48.8,2.8,7,1,0.9,1117.81,1,7.019126692939793,1.5534355914115192,0,0.3466
France,Mobile,Master,Gold,True,False,False,49,49.0,4.0,6,3,19.8,1877.77,1,7.537840181554533,1.7796336993958102,2,0.251
Brazil,Desktop,High School,Bronze,True,True,True,30,4.7,4.6,5,4,7.6,1401.14,1,7.245041469966887,1.876052317839795,1,0.3006
UK,Tablet,Bachelor,Silver,True,True,False,24,16.0,3.5,3,3,11.1,680.63,0,6.5230188398494064,1.691512653766797,0,0.3466
UK,Mobile,Master,Silver,True,True,False,24,6.9,4.4,6,3,11.1,2020.83,0,7.611263597091733,1.844934404062263,2,0.251
USA,Desktop,Master,Bronze,True,False,False,40,120.0,2.9,4,1,7.4,1808.3,1,7.500142456390934,1.574366995878342,2,0.251
USA,Mobile,High School,Silver,True,True,True,27,19.9,4.8,8,2,5.4,6206.27,1,8.733315350346196,1.9062310586677143,1,0.3006
USA,Desktop,Bachelor,Bronze,True,False,True,31,37.8,3.5,4,3,15.7,1849.71,0,7.52278414902799,1.691512653766797,0,0.3466
Brazil,Mobile,High School,Silver,True,False,False,33,17.3,4.6,3,0,2.1,666.84,0,6.50255013707983,1.876052317839795,1,0.3006
Japan,Mobile,PhD,Platinum,True,False,False,29,1.5,4.5,5,1,13.7,7969.84,1,8.983419696300441,1.860614396637471,3,0.1018
France,Desktop,Master,Bronze,True,True,True,28,6.5,2.7,7,5,12.6,235.5,0,5.461710913456472,1.5320566796070851,2,0.251
Germany,Mobile,High School,Bronze,True,False,True,18,7.0,4.0,6,1,8.7,472.43,0,6.157889587810629,1.7796336993958102,1,0.3006
Australia,Desktop,Master,Silver,True,True,False,39,8.9,4.9,7,2,2.5,676.23,0,6.5165332548619785,1.920985627295474,2,0.251
USA,Desktop,PhD,Silver,True,False,False,39,16.2,3.8,2,2,19.7,1569.53,1,7.358531490466964,1.74531138386547,3,0.1018
UK,Desktop,Bachelor,Gold,True,True,True,28,18.2,3.8,8,2,18.1,603.17,1,6.402199080708922,1.74531138386547,0,0.3466
UK,Mobile,Master,Silver,True,True,False,42,1.5,3.3,2,5,22.3,419.96,0,6.04015946864674,1.6539684852930463,2,0.251
Brazil,Desktop,Bachelor,Bronze,True,False,True,55,10.1,4.4,4,1,16.0,624.59,0,6.437095434474255,1.844934404062263,0,0.3466
Spain,Desktop,Master,Gold,True,True,False,38,8.3,3.6,1,2,15.3,889.99,1,6.791210226708006,1.7097690490891824,2,0.251
USA,Mobile,Bachelor,Gold,True,False,True,54,36.8,2.7,4,1,7.3,450.96,0,6.111378643773319,1.5320566796070851,0,0.3466
India,Desktop,Bachelor,Silver,True,True,False,65,19.6,2.7,6,5,11.9,1033.21,1,6.940425739843063,1.5320566796070851,0,0.3466
India,Desktop,Bachelor,Silver,True,True,False,68,10.5,2.6,6,2,16.1,1778.69,1,7.483632417282084,1.5102107064924273,0,0.3466
USA,Desktop,High School,Bronze,True,True,False,24,14.6,3.8,4,5,2.2,758.05,0,6.63074934652759,1.74531138386547,1,0.3006
UK,Desktop,Master,Bronze,True,True,True,24,3.2,3.8,6,7,21.1,2985.65,0,8.001572757565313,1.74531138386547,2,0.251
Germany,Mobile,Bachelor,Bronze,True,True,True,33,20.7,3.9,9,2,27.9,12179.36,0,9.407497994727349,1.7626197870713454,0,0.3466
Canada,Desktop,Bachelor,Silver,True,False,True,40,8.9,4.0,7,3,29.1,1707.97,0,7.443060809791449,1.7796336993958102,0,0.3466
USA,Tablet,Master,Platinum,True,True,True,57,6.4,3.2,5,2,24.4,3115.24,1,8.044061474802577,1.6346542330120937,2,0.251
Brazil,Mobile,Bachelor,Silver,True,True,False,46,34.9,3.4,7,1,24.3,474.14,0,6.1615026367350865,1.672916754755899,0,0.3466
UK,Desktop,Bachelor,Bronze,True,False,False,24,15.2,4.5,7,6,5.0,678.02,1,6.519176786030396,1.860614396637471,0,0.3466
Brazil,Desktop,PhD,Bronze,True,False,True,31,7.2,4.2,5,3,9.8,693.18,1,6.541289705722982,1.8128169798052736,3,0.1018
Germany,Desktop,Master,Bronze,True,True,True,37,7.5,3.5,7,0,22.8,1371.35,0,7.223550935092717,1.691512653766797,2,0.251
France,Mobile,High School,Silver,True,True,False,20,16.3,4.1,8,3,1.1,2670.03,0,7.889844987286229,1.7963629745483078,1,0.3006
India,Desktop,Bachelor,Silver,True,False,False,38,15.3,4.4,5,2,2.5,534.39,0,6.281125909472503,1.844934404062263,0,0.3466
India,Desktop,PhD,Bronze,True,False,False,24,12.5,4.7,8,1,19.2,2186.04,0,7.689846966830737,1.891255528483568,3,0.1018
India,Tablet,Bachelor,Silver,True,True,False,18,4.7,2.3,5,6,13.0,1605.38,0,7.381115767665472,1.4416544924686217,0,0.3466
USA,Desktop,Bachelor,Bronze,True,True,True,27,5.2,4.2,5,0,20.5,4109.7,0,8.321105312125454,1.8128169798052736,0,0.3466
Japan,Desktop,High School,Bronze,True,False,True,43,6.7,4.0,6,5,7.7,3091.08,0,8.036275823388912,1.7796336993958102,1,0.3006
USA,Tablet,High School,Bronze,True,True,True,43,10.4,4.5,5,3,2.4,168.19,1,5.125094292739341,1.860614396637471,1,0.3006
Germany,Mobile,Master,Bronze,True,True,True,39,11.8,2.7,6,0,24.9,1024.6,1,6.932057571505102,1.5320566796070851,2,0.251
France,Desktop,Master,Bronze,True,True,False,50,10.7,3.7,9,1,23.5,413.17,0,6.023859130543853,1.727698115361634,2,0.251
Germany,Mobile,PhD,Bronze,True,True,False,49,11.1,4.9,9,0,13.9,1065.95,1,6.9716216993105515,1.920985627295474,3,0.1018
Germany,Desktop,Master,Gold,True,False,True,40,54.9,4.8,2,2,26.4,1357.85,1,7.213657845464112,1.9062310586677143,2,0.251
Spain,Mobile,High School,Gold,True,True,False,39,24.0,3.2,3,2,6.7,838.95,1,6.732151109935707,1.6346542330120937,1,0.3006
USA,Mobile,High School,Silver,True,False,False,40,31.5,4.1,8,3,11.0,874.48,0,6.77362942398558,1.7963629745483078,1,0.3006
Japan,Mobile,PhD,Gold,True,False,True,36,17.7,3.7,12,3,7.3,3453.11,1,8.14703055323938,1.727698115361634,3,0.1018
UK,Tablet,Bachelor,Bronze,True,False,True,18,12.9,2.8,5,4,2.6,800.38,0,6.685086614891138,1.5534355914115192,0,0.3466
USA,Tablet,Bachelor,Gold,True,False,True,52,16.9,3.2,9,2,19.6,649.51,1,6.476218232450944,1.6346542330120937,0,0.3466
USA,Tablet,PhD,Bronze,True,True,True,43,14.6,3.6,2,1,17.7,1858.46,0,7.527503466772302,1.7097690490891824,3,0.1018
Canada,Mobile,Bachelor,Silver,True,True,False,23,23.3,3.5,5,4,13.3,797.43,0,6.68139405651194,1.691512653766797,0,0.3466
India,Desktop,High School,Silver,True,False,False,55,5.6,3.2,7,2,25.8,337.6,1,5.821861762721802,1.6346542330120937,1,0.3006
Australia,Mobile,Master,Bronze,True,False,True,31,21.8,4.4,4,2,14.8,2185.46,1,7.689581611687925,1.844934404062263,2,0.251
Spain,Mobile,PhD,Platinum,True,True,True,37,13.9,4.0,7,1,13.5,1425.84,1,7.262516392715596,1.7796336993958102,3,0.1018
USA,Tablet,High School,Bronze,True,False,False,50,2.9,3.3,4,4,20.4,3202.56,0,8.071705768958383,1.6539684852930463,1,0.3006
UK,Desktop,Master,Bronze,True,False,False,41,13.0,4.1,5,1,1.1,1262.68,0,7.140991725244197,1.7963629745483078,2,0.251
Japan,Tablet,Bachelor,Bronze,True,True,True,54,4.3,4.8,8,4,8.4,1253.13,1,7.133399700511911,1.9062310586677143,0,0.3466
Germany,Mobile,Bachelor,Bronze,True,True,False,34,7.9,3.5,4,3,25.0,477.93,0,6.169464278252913,1.691512653766797,0,0.3466
Germany,Tablet,PhD,Bronze,True,True,True,58,10.7,3.2,8,2,3.9,1483.16,1,7.301930225731639,1.6346542330120937,3,0.1018
UK,Tablet,PhD,Bronze,True,True,False,29,3.6,3.5,7,1,24.6,4684.04,0,8.451916264390794,1.691512653766797,3,0.1018
France,Desktop,High School,Bronze,True,False,False,54,11.7,3.7,3,1,19.0,3338.58,1,8.11330084586839,1.727698115361634,1,0.3006
France,Desktop,High School,Gold,True,True,True,18,12.9,4.3,7,2,24.0,749.25,0,6.619072706196772,1.829004627509825,1,0.3006
USA,Desktop,High School,Bronze,True,False,False,25,22.3,2.7,4,4,2.3,1440.77,0,7.272932971879285,1.5320566796070851,1,0.3006
Germany,Desktop,Bachelor,Bronze,True,False,False,42,8.5,4.0,5,0,21.2,2581.22,0,7.856017434365775,1.7796336993958102,0,0.3466
France,Mobile,High School,Silver,True,True,True,33,15.2,4.6,6,1,23.4,1504.14,0,7.315976585284019,1.876052317839795,1,0.3006
France,Mobile,Bachelor,Platinum,True,True,True,37,11.3,3.9,8,3,0.8,1286.86,0,7.159960421570362,1.7626197870713454,0,0.3466
USA,Tablet,High School,Bronze,True,False,False,38,8.7,4.1,7,6,21.8,769.6,1,6.645870899351497,1.7963629745483078,1,0.3006
Brazil,Mobile,Bachelor,Bronze,True,False,False,24,3.2,3.8,3,4,14.6,751.6,0,6.622204267539311,1.74531138386547,0,0.3466
USA,Desktop,High School,Platinum,True,True,False,25,11.1,4.7,6,1,0.4,4075.87,1,8.312839499820251,1.891255528483568,1,0.3006
UK,Desktop,Master,Bronze,True,True,False,41,22.1,3.6,8,1,19.4,1790.42,1,7.490205508183384,1.7097690490891824,2,0.251
Brazil,Desktop,High School,Silver,True,True,False,30,5.8,3.8,8,5,7.2,600.34,0,6.3974961613878865,1.74531138386547,1,0.3006
France,Desktop,Bachelor,Bronze,True,True,False,54,10.2,3.0,3,3,29.0,1027.81,1,6.93518560403016,1.5948692441471295,0,0.3466
UK,Mobile,Master,Platinum,True,True,False,36,11.5,4.1,9,0,29.3,600.77,0,6.398212165781106,1.7963629745483078,2,0.251
Japan,Desktop,Master,Platinum,True,True,False,47,29.4,3.7,3,1,0.1,1343.51,1,7.2030408712731,1.727698115361634,2,0.251
France,Desktop,High School,Gold,True,True,False,43,12.5,3.4,7,3,4.0,950.23,0,6.8567040605549945,1.672916754755899,1,0.3006
Brazil,Desktop,High School,Bronze,True,False,False,31,15.3,4.1,8,2,15.4,1316.34,1,7.182610437179024,1.7963629745483078,1,0.3006
Brazil,Mobile,Master,Silver,True,False,True,18,12.1,3.1,5,4,18.9,412.92,0,6.023253869597389,1.6149595811994066,2,0.251
France,Mobile,Bachelor,Bronze,True,True,True,52,8.2,4.1,4,3,19.0,1101.6,1,7.004518947414445,1.7963629745483078,0,0.3466
Germany,Mobile,Master,Gold,True,False,False,26,4.9,4.0,6,7,21.6,840.2,0,6.7336399587352815,1.7796336993958102,2,0.251
USA,Desktop,Bachelor,Platinum,True,False,True,33,9.7,4.6,5,1,5.2,953.78,0,6.8604330368877235,1.876052317839795,0,0.3466
UK,Tablet,Bachelor,Silver,True,True,True,36,16.7,4.8,5,3,9.0,4299.57,1,8.36627029668132,1.9062310586677143,0,0.3466
Germany,Desktop,Bachelor,Silver,True,False,False,37,13.4,3.4,6,2,16.1,3731.33,1,8.22452001744708,1.672916754755899,0,0.3466
France,Mobile,Master,Bronze,True,True,False,50,39.8,4.7,4,0,4.2,154.43,1,5.03974091923491,1.891255528483568,2,0.251
Germany,Mobile,PhD,Silver,True,False,False,38,26.0,4.4,4,2,24.3,1005.66,0,6.913399321367222,1.844934404062263,3,0.1018
UK,Mobile,High School,Silver,True,True,False,36,32.9,4.7,4,1,23.5,203.87,1,5.317482535809048,1.891255528483568,1,0.3006
USA,Tablet,Bachelor,Bronze,True,True,False,50,2.4,3.3,7,2,20.5,171.79,1,5.1462728006383545,1.6539684852930463,0,0.3466
Germany,Desktop,High School,Bronze,True,True,True,45,43.1,3.4,4,3,10.0,1632.78,1,7.398039362523018,1.672916754755899,1,0.3006
UK,Mobile,Bachelor,Bronze,True,True,True,29,15.1,3.8,4,2,17.4,500.03,1,6.214668096622264,1.74531138386547,0,0.3466
Brazil,Desktop,Master,Gold,True,True,True,24,16.9,3.1,6,4,0.2,3604.59,0,8.189963312321932,1.6149595811994066,2,0.251
USA,Mobile,Bachelor,Gold,True,True,True,28,24.9,3.8,7,2,18.0,779.99,1,6.659281099088633,1.74531138386547,0,0.3466
France,Desktop,PhD,Platinum,True,True,True,37,12.4,4.5,7,3,1.5,4388.19,0,8.38667212036655,1.860614396637471,3,0.1018
Canada,Desktop,Bachelor,Gold,True,True,False,23,5.2,3.8,3,2,6.6,4392.16,0,8.38757641239831,1.74531138386547,0,0.3466
USA,Mobile,PhD,Silver,True,True,False,39,38.8,3.6,6,0,10.4,2767.63,1,7.925746637282629,1.7097690490891824,3,0.1018
Germany,Mobile,Master,Bronze,True,False,False,36,6.6,3.3,7,2,19.4,490.18,1,6.194772670588081,1.6539684852930463,2,0.251
USA,Desktop,High School,Platinum,True,True,True,18,5.5,3.9,7,2,7.3,250.68,0,5.524177225356475,1.7626197870713454,1,0.3006
Japan,Mobile,High School,Silver,True,True,False,21,10.1,4.6,6,2,3.9,878.89,0,6.778659747647184,1.876052317839795,1,0.3006
France,Mobile,Bachelor,Silver,True,True,True,18,8.9,3.8,2,2,14.9,3059.99,0,8.02616692696723,1.74531138386547,0,0.3466
Germany,Desktop,High School,Silver,True,True,True,34,12.2,2.6,6,3,22.5,9605.29,1,9.170069267354886,1.5102107064924273,1,0.3006
France,Mobile,Bachelor,Gold,True,True,False,51,11.3,2.5,3,1,11.7,500.81,1,6.216226787637648,1.487876807789161,0,0.3466
Australia,Mobile,Bachelor,Bronze,True,False,False,18,35.8,4.7,5,6,25.8,2420.86,0,7.791878127921921,1.891255528483568,0,0.3466
USA,Mobile,PhD,Bronze,True,True,True,22,17.6,4.1,3,1,28.2,1425.04,0,7.261955162484229,1.7963629745483078,3,0.1018
USA,Desktop,Bachelor,Silver,True,True,False,36,6.1,3.1,9,1,21.4,3258.02,1,8.08887492787857,1.6149595811994066,0,0.3466
India,Desktop,Master,Gold,True,True,False,25,6.8,2.6,4,4,24.2,449.12,1,6.107290112613573,1.5102107064924273,2,0.251
France,Mobile,PhD,Silver,True,True,True,25,8.9,4.2,4,4,16.6,764.95,1,6.639810472213388,1.8128169798052736,3,0.1018
Australia,Tablet,Master,Silver,True,True,True,44,9.0,4.4,7,3,17.3,870.06,0,6.768562174787859,1.844934404062263,2,0.251
France,Mobile,High School,Bronze,True,True,False,32,8.1,3.2,5,4,1.1,1562.99,0,7.354355932448354,1.6346542330120937,1,0.3006
India,Desktop,Bachelor,Gold,True,False,True,20,5.0,4.2,3,3,15.9,529.84,0,6.272575074176724,1.8128169798052736,0,0.3466
Germany,Mobile,Bachelor,Gold,True,True,False,18,15.4,4.8,14,3,15.8,361.34,0,5.889819343345781,1.9062310586677143,0,0.3466
Brazil,Tablet,Bachelor,Silver,True,True,True,65,8.5,4.8,6,2,16.8,1481.59,1,7.300871114409094,1.9062310586677143,0,0.3466
Australia,Desktop,Bachelor,Bronze,True,True,True,52,5.7,3.4,9,3,6.7,641.95,0,6.464510419037093,1.672916754755899,0,0.3466
France,Tablet,Master,Platinum,True,True,False,33,18.0,3.7,7,2,11.6,6928.27,0,8.843365421769246,1.727698115361634,2,0.251
USA,Tablet,Bachelor,Silver,True,True,False,39,24.0,4.5,2,1,28.5,1957.39,0,7.579367232160849,1.860614396637471,0,0.3466
UK,Desktop,Bachelor,Gold,True,True,True,32,10.0,4.0,6,1,25.6,963.41,1,6.870479074046754,1.7796336993958102,0,0.3466
USA,Tablet,PhD,Bronze,True,False,False,44,50.7,4.4,10,1,13.6,1571.17,0,7.359575843731561,1.844934404062263,3,0.1018
USA,Desktop,High School,Bronze,True,False,False,28,71.7,3.4,9,2,12.5,809.61,0,6.696552650235574,1.672916754755899,1,0.3006
UK,Mobile,Bachelor,Gold,True,True,False,31,18.1,3.6,9,1,23.5,2122.64,0,7.6604158759631265,1.7097690490891824,0,0.3466
France,Desktop,Master,Bronze,True,True,False,43,8.4,2.8,3,5,11.9,1114.77,0,7.016403384589075,1.5534355914115192,2,0.251
France,Desktop,High School,Silver,True,True,True,55,15.1,3.9,9,4,18.0,5583.44,0,8.627560352880227,1.7626197870713454,1,0.3006
Germany,Mobile,Bachelor,Silver,True,True,False,47,4.6,4.8,7,3,26.1,1890.97,1,7.54484520391072,1.9062310586677143,0,0.3466
France,Mobile,High School,Gold,True,False,True,53,6.1,2.6,12,1,5.8,4191.71,1,8.340864044218561,1.5102107064924273,1,0.3006
USA,Desktop,Master,Bronze,True,True,False,34,3.2,4.0,6,3,22.2,457.0,0,6.124683390894205,1.7796336993958102,2,0.251
USA,Mobile,Bachelor,Bronze,True,True,True,31,7.4,2.1,5,4,29.9,2498.91,0,7.823609915780656,1.393191696315046,0,0.3466
USA,Desktop,Bachelor,Platinum,True,False,False,18,4.5,4.6,2,1,1.1,465.31,0,6.142703850130517,1.876052317839795,0,0.3466
Germany,Desktop,Bachelor,Silver,True,True,False,39,20.1,3.2,8,1,0.9,664.09,0,6.498417682460099,1.6346542330120937,0,0.3466
USA,Desktop,High School,Bronze,True,True,True,43,6.7,3.5,4,1,20.9,1308.55,1,7.17667493293293,1.691512653766797,1,0.3006
UK,Mobile,High School,Bronze,True,True,False,34,15.2,3.8,5,3,13.3,6693.14,0,8.80883840025824,1.74531138386547,1,0.3006
Germany,Desktop,Bachelor,Platinum,True,False,False,29,22.2,4.7,4,1,5.5,998.47,1,6.906224107336906,1.891255528483568,0,0.3466
India,Desktop,Bachelor,Bronze,True,True,True,53,31.1,4.3,5,3,15.5,2283.84,1,7.733613515782703,1.829004627509825,0,0.3466
USA,Desktop,Bachelor,Silver,True,False,True,46,9.2,4.5,7,3,26.7,290.14,0,5.6703635651107565,1.860614396637471,0,0.3466
Japan,Desktop,Bachelor,Silver,True,True,True,54,15.6,2.8,7,1,15.7,1183.55,1,7.076273675632399,1.5534355914115192,0,0.3466
Japan,Mobile,Bachelor,Gold,True,False,False,27,16.0,4.2,3,2,28.2,652.73,0,6.481163567508151,1.8128169798052736,0,0.3466
Brazil,Tablet,Master,Gold,True,True,False,30,33.7,4.5,3,3,17.1,1672.73,0,7.42221230123216,1.860614396637471,2,0.251
Australia,Desktop,Bachelor,Silver,True,False,False,52,22.8,3.5,5,2,5.6,570.22,0,6.3460222512755795,1.691512653766797,0,0.3466
USA,Tablet,High School,Bronze,True,True,True,37,34.6,4.3,11,0,25.2,2930.79,0,7.983027290242319,1.829004627509825,1,0.3006
USA,Mobile,Master,Gold,True,False,True,31,3.2,3.9,5,1,11.4,4568.46,0,8.426931446791283,1.7626197870713454,2,0.251
Australia,Mobile,Master,Silver,True,True,False,32,7.2,2.7,8,0,18.1,2396.56,1,7.781789654797857,1.5320566796070851,2,0.251
Germany,Mobile,High School,Platinum,True,True,False,38,27.8,3.5,4,2,11.8,433.48,0,6.0718456590547945,1.691512653766797,1,0.3006
France,Mobile,Bachelor,Silver,True,True,False,50,19.4,3.6,7,0,12.7,2660.22,1,7.886164105122646,1.7097690490891824,0,0.3466
Japan,Desktop,Bachelor,Silver,True,True,False,36,11.0,4.5,5,0,5.2,122.75,0,4.81014976667463,1.860614396637471,0,0.3466
Japan,Mobile,Bachelor,Bronze,True,True,False,47,8.3,4.8,8,3,18.8,380.29,1,5.940934119558254,1.9062310586677143,0,0.3466
Australia,Mobile,Master,Gold,True,True,True,44,22.9,2.5,2,3,9.5,4673.13,1,8.449584361701447,1.487876807789161,2,0.251
Spain,Mobile,High School,Bronze,True,False,True,27,2.5,4.8,4,3,10.5,400.57,0,5.992888532758999,1.9062310586677143,1,0.3006
Brazil,Mobile,Master,Bronze,True,True,True,27,23.0,4.1,3,2,5.8,2215.57,1,7.703264985717034,1.7963629745483078,2,0.251
UK,Desktop,High School,Bronze,True,False,True,33,13.1,2.9,7,4,10.3,943.7,0,6.849808319027288,1.574366995878342,1,0.3006
India,Mobile,Bachelor,Bronze,True,True,True,22,8.2,4.4,6,1,24.6,1343.35,0,7.202921773143544,1.844934404062263,0,0.3466
USA,Mobile,Master,Bronze,True,True,True,32,18.2,3.9,2,4,28.6,602.22,1,6.400622827053764,1.7626197870713454,2,0.251
USA,Desktop,Bachelor,Bronze,True,True,False,56,8.9,4.6,7,2,13.2,1665.0,0,7.417580402414544,1.876052317839795,0,0.3466
Australia,Desktop,High School,Gold,True,False,False,38,12.5,3.2,7,2,22.5,3166.16,1,8.060274776119156,1.6346542330120937,1,0.3006
UK,Mobile,PhD,Bronze,True,True,False,29,11.7,4.2,2,3,27.3,1237.98,0,7.1212362980251935,1.8128169798052736,3,0.1018
USA,Tablet,Master,Gold,True,True,True,61,22.1,4.3,5,2,7.6,440.35,1,6.087569865251469,1.829004627509825,2,0.251
USA,Mobile,Master,Bronze,True,False,True,27,13.8,4.9,4,1,4.0,2032.77,0,7.617154673927751,1.920985627295474,2,0.251
India,Mobile,Bachelor,Silver,True,False,False,26,2.6,4.4,7,4,7.3,768.92,1,6.64498693288466,1.844934404062263,0,0.3466
Germany,Desktop,High School,Silver,True,True,True,53,4.0,3.6,5,2,26.7,2173.84,1,7.684250467916641,1.7097690490891824,1,0.3006
Japan,Desktop,PhD,Platinum,True,True,False,46,5.1,4.4,5,3,9.2,272.26,0,5.606757492084327,1.844934404062263,3,0.1018
USA,Desktop,Bachelor,Gold,True,True,True,36,17.6,2.5,5,1,15.8,813.29,0,6.701087749511253,1.487876807789161,0,0.3466
Brazil,Desktop,Master,Silver,True,True,True,48,19.0,3.3,7,2,28.9,387.83,1,5.960567099280103,1.6539684852930463,2,0.251
Brazil,Desktop,Bachelor,Gold,True,True,True,42,46.4,3.7,7,0,14.3,569.71,1,6.345127459430418,1.727698115361634,0,0.3466
UK,Desktop,Bachelor,Bronze,True,True,True,24,5.4,3.7,8,2,11.0,479.19,0,6.172097178469975,1.727698115361634,0,0.3466
Germany,Mobile,PhD,Silver,True,True,False,18,34.7,3.5,3,3,27.7,4496.33,0,8.411016787456497,1.691512653766797,3,0.1018
USA,Mobile,Bachelor,Bronze,True,True,False,31,2.6,4.2,8,3,3.2,2112.3,1,7.655532680193197,1.8128169798052736,0,0.3466
Canada,Desktop,High School,Bronze,True,False,False,51,12.4,3.7,9,1,21.2,2666.33,1,7.8884582740236615,1.727698115361634,1,0.3006
Japan,Desktop,High School,Bronze,True,True,False,33,14.8,4.0,7,2,12.9,5483.74,1,8.609542628909123,1.7796336993958102,1,0.3006
Australia,Desktop,Bachelor,Gold,True,True,True,44,14.8,4.3,4,3,23.6,2008.03,1,7.60490942093906,1.829004627509825,0,0.3466
UK,Mobile,High School,Silver,True,True,False,40,9.5,4.3,8,2,14.1,4999.38,0,8.517069183727601,1.829004627509825,1,0.3006
Brazil,Desktop,Bachelor,Gold,True,True,True,18,13.4,4.1,6,0,24.9,1681.7,1,7.427560465528704,1.7963629745483078,0,0.3466
Brazil,Desktop,Bachelor,Silver,True,False,True,33,4.5,4.7,5,2,12.9,2675.02,1,7.891712135937671,1.891255528483568,0,0.3466
Japan,Tablet,Master,Bronze,True,False,False,42,24.3,4.0,11,1,4.7,562.95,0,6.333190814249139,1.7796336993958102,2,0.251
Canada,Mobile,Bachelor,Gold,True,True,False,29,14.9,4.8,4,3,12.0,1972.25,1,7.586930301975199,1.9062310586677143,0,0.3466
UK,Desktop,PhD,Gold,True,False,False,34,16.3,4.2,6,3,3.9,1194.9,0,7.085817778855708,1.8128169798052736,3,0.1018
USA,Desktop,High School,Platinum,True,False,False,43,9.7,2.8,6,1,1.7,581.5,1,6.365610971958719,1.5534355914115192,1,0.3006
Japan,Desktop,Bachelor,Silver,True,True,False,39,9.4,3.1,6,0,7.3,1337.51,1,7.198564955377726,1.6149595811994066,0,0.3466
Brazil,Mobile,High School,Gold,True,True,False,51,18.5,3.5,7,2,12.5,1035.06,1,6.942214675033708,1.691512653766797,1,0.3006
France,Mobile,Master,Gold,True,False,False,43,43.5,3.7,6,4,3.9,525.61,1,6.264559492864602,1.727698115361634,2,0.251
USA,Desktop,PhD,Bronze,True,True,True,27,4.0,4.0,7,1,20.8,1735.5,0,7.4590508353018405,1.7796336993958102,3,0.1018
Germany,Mobile,Master,Bronze,True,False,True,32,3.8,3.9,3,2,19.0,292.36,0,5.677985919612191,1.7626197870713454,2,0.251
UK,Desktop,Bachelor,Bronze,True,True,True,38,15.1,4.6,3,1,24.1,794.65,1,6.677901766142829,1.876052317839795,0,0.3466
Germany,Desktop,Bachelor,Bronze,True,True,False,54,9.3,2.8,4,3,7.3,1459.77,1,7.286034168045984,1.5534355914115192,0,0.3466
Japan,Desktop,Master,Silver,True,False,True,32,13.5,4.1,5,4,11.3,2364.8,1,7.7684487307538825,1.7963629745483078,2,0.251
Brazil,Mobile,PhD,Platinum,True,False,True,18,12.0,3.6,8,0,19.8,1696.31,1,7.436210582667935,1.7097690490891824,3,0.1018
USA,Desktop,PhD,Silver,True,False,True,43,20.0,4.9,10,3,12.2,549.28,1,6.308608329709382,1.920985627295474,3,0.1018
Germany,Desktop,Bachelor,Gold,True,True,False,29,9.7,4.9,8,3,11.5,849.48,1,6.744624397574098,1.920985627295474,0,0.3466
UK,Desktop,PhD,Silver,True,False,True,23,4.6,4.1,8,3,10.4,650.46,0,6.477679804901255,1.7963629745483078,3,0.1018
USA,Desktop,High School,Bronze,True,False,True,38,6.5,3.8,9,5,14.9,557.64,0,6.3237135928848875,1.74531138386547,1,0.3006
Brazil,Mobile,High School,Bronze,True,False,False,50,10.7,5.0,5,5,12.2,857.58,1,6.754114469149079,1.9355256601749082,1,0.3006
Australia,Desktop,High School,Silver,True,True,False,31,4.5,4.0,3,3,16.4,2376.26,0,7.773283102105199,1.7796336993958102,1,0.3006
UK,Desktop,High School,Gold,True,False,True,44,593.7646313604049,3.4,9,3,29.6,341.89,0,5.834489047899294,1.672916754755899,1,0.3006
Brazil,Mobile,Master,Platinum,True,True,False,46,12.8,4.4,6,3,14.6,1405.35,0,7.248041661065307,1.844934404062263,2,0.251
Australia,Mobile,Master,Bronze,True,True,False,48,9.2,3.6,7,6,23.3,1852.16,1,7.52410780456301,1.7097690490891824,2,0.251
India,Mobile,Master,Gold,True,True,False,29,14.4,4.2,2,2,20.1,723.52,0,6.584128189089605,1.8128169798052736,2,0.251
USA,Mobile,Bachelor,Bronze,True,True,True,25,3.3,3.4,10,1,16.7,342.26,0,5.835570682149306,1.672916754755899,0,0.3466
Canada,Desktop,Bachelor,Silver,True,True,True,26,5.7,3.6,7,4,22.2,3124.53,1,8.047039150859288,1.7097690490891824,0,0.3466
UK,Mobile,Master,Silver,True,True,False,47,4.9,4.3,4,4,19.1,2251.19,0,7.719214244274921,1.829004627509825,2,0.251
UK,Mobile,Bachelor,Bronze,True,True,True,46,24.6,4.2,9,2,2.0,4240.82,0,8.35251192575378,1.8128169798052736,0,0.3466
USA,Desktop,Master,Bronze,True,True,False,27,77.1,3.9,3,0,22.4,3425.84,0,8.139101976100571,1.7626197870713454,2,0.251
Germany,Tablet,Master,Bronze,True,True,True,64,6.0,3.7,3,2,27.2,278.79,1,5.630458810237358,1.727698115361634,2,0.251
USA,Desktop,Master,Bronze,True,True,False,25,10.1,3.5,8,2,24.1,766.95,0,6.642421610194118,1.691512653766797,2,0.251
USA,Tablet,Bachelor,Gold,True,False,True,118,7.0,4.8,7,3,11.4,1697.86,1,7.4371239135310026,1.9062310586677143,0,0.3466
UK,Tablet,Master,Bronze,True,False,False,56,14.5,4.1,6,6,27.1,1250.24,1,7.131090811866706,1.7963629745483078,2,0.251
India,Mobile,High School,Silver,True,False,False,39,7.5,2.9,7,1,3.0,2129.52,1,7.663651881195192,1.574366995878342,1,0.3006
India,Tablet,Bachelor,Bronze,True,True,False,29,15.3,4.1,11,4,11.4,397.14,1,5.984288863358886,1.7963629745483078,0,0.3466
UK,Mobile,Master,Gold,True,True,True,29,20.7,4.7,5,4,0.1,4380.54,0,8.384927283442424,1.891255528483568,2,0.251
India,Desktop,Bachelor,Gold,True,True,True,35,4.6,3.3,3,4,10.8,635.14,1,6.453845447033159,1.6539684852930463,0,0.3466
India,Desktop,Master,Gold,True,True,False,51,15.1,4.6,3,1,1.2,1359.11,1,7.214585352744549,1.876052317839795,2,0.251
Brazil,Desktop,Bachelor,Silver,True,True,False,24,2.9,4.0,10,1,22.5,373.9,1,5.923988381983068,1.7796336993958102,0,0.3466
USA,Desktop,Bachelor,Bronze,True,False,True,18,9.9,2.5,6,6,8.2,1055.63,0,6.961893024081339,1.487876807789161,0,0.3466
Japan,Mobile,Master,Gold,True,True,True,42,9.4,3.2,7,1,16.5,1203.16,1,7.092706707962107,1.6346542330120937,2,0.251
Canada,Desktop,Bachelor,Bronze,True,True,False,45,10.1,3.2,4,4,17.8,401.5,0,5.995207533386816,1.6346542330120937,0,0.3466
Japan,Desktop,Bachelor,Bronze,True,True,False,62,9.5,3.8,6,0,9.3,2239.85,1,7.714164178321163,1.74531138386547,0,0.3466
UK,Mobile,Bachelor,Bronze,True,True,False,21,8.2,4.4,10,1,7.4,986.95,0,6.894619379588996,1.844934404062263,0,0.3466
Germany,Tablet,High School,Silver,True,True,False,36,9.8,3.6,5,7,16.5,2908.41,0,7.975361819086591,1.7097690490891824,1,0.3006
Japan,Desktop,Master,Silver,True,False,False,52,14.7,4.4,5,5,7.2,500.32,1,6.215247893709531,1.844934404062263,2,0.251
Germany,Desktop,High School,Silver,True,True,False,39,15.1,4.2,9,0,4.7,607.0,1,6.408528791059498,1.8128169798052736,1,0.3006
USA,Desktop,Master,Silver,True,True,False,36,13.4,4.0,3,5,22.3,1418.5,1,7.257355254248906,1.7796336993958102,2,0.251
UK,Mobile,Master,Bronze,True,True,True,47,7.7,4.7,5,4,9.6,938.32,0,6.8440910422132495,1.891255528483568,2,0.251
India,Desktop,High School,Platinum,True,True,True,31,28.9,2.4,7,4,13.4,711.37,0,6.567192688256872,1.4650326891622956,1,0.3006
India,Mobile,Master,Silver,True,True,True,48,41.3,4.4,6,1,27.4,14614.93,1,9.58979888793415,1.844934404062263,2,0.251
USA,Desktop,Bachelor,Silver,True,True,True,23,4.3,2.7,5,2,3.8,933.17,1,6.838587392180899,1.5320566796070851,0,0.3466
Canada,Desktop,High School,Silver,True,True,True,20,13.9,4.1,7,3,1.9,814.78,0,6.702918138150561,1.7963629745483078,1,0.3006
UK,Tablet,High School,Bronze,True,False,False,35,8.4,3.4,9,2,12.9,6866.58,0,8.834421444670689,1.672916754755899,1,0.3006
Japan,Desktop,Bachelor,Bronze,True,False,True,18,25.5,4.1,3,3,18.4,542.4,1,6.296003736626186,1.7963629745483078,0,0.3466
Brazil,Desktop,Master,Silver,True,False,False,39,12.1,4.3,2,2,14.0,1512.77,1,7.321697686370249,1.829004627509825,2,0.251
India,Desktop,Bachelor,Bronze,True,True,True,18,12.7,3.0,3,6,0.3,1809.44,0,7.5007726841230165,1.5948692441471295,0,0.3466
Canada,Mobile,Bachelor,Bronze,True,False,True,41,18.1,3.8,2,1,12.2,3316.58,1,8.106689410489851,1.74531138386547,0,0.3466
UK,Mobile,Master,Gold,True,True,True,40,9.6,4.7,7,2,14.4,1215.89,1,7.103231597907996,1.891255528483568,2,0.251
India,Desktop,Master,Silver,True,True,False,37,46.6,3.5,4,2,28.4,956.26,1,6.863029842602406,1.691512653766797,2,0.251
USA,Desktop,Bachelor,Silver,True,True,True,43,18.3,2.8,3,2,2.3,339.5,0,5.827473946998751,1.5534355914115192,0,0.3466
Japan,Desktop,Master,Silver,True,False,True,40,25.7,3.9,5,4,20.6,564.86,1,6.336577912831399,1.7626197870713454,2,0.251
Brazil,Mobile,Bachelor,Platinum,True,False,False,34,10.2,3.6,3,0,11.8,880.04,1,6.7799673609846804,1.7097690490891824,0,0.3466
Japan,Mobile,Master,Bronze,True,False,True,60,11.0,4.4,8,3,26.2,207.21,1,5.333732771768991,1.844934404062263,2,0.251
UK,Mobile,Bachelor,Gold,True,False,False,43,23.3,4.6,5,1,19.8,1190.22,1,7.081893442968072,1.876052317839795,0,0.3466
India,Mobile,Master,Silver,True,True,True,47,21.5,4.4,3,2,11.8,852.24,1,6.7478681773029425,1.844934404062263,2,0.251
USA,Desktop,Bachelor,Bronze,True,True,False,51,4.5,4.0,4,2,19.2,428.3,1,6.059823884621325,1.7796336993958102,0,0.3466
USA,Desktop,High School,Bronze,True,True,False,46,13.5,3.8,9,2,13.4,305.18,0,5.72090176646359,1.74531138386547,1,0.3006
Japan,Desktop,Bachelor,Silver,True,True,True,63,17.8,4.5,8,4,21.5,114.34,1,4.7391764658358255,1.860614396637471,0,0.3466
Germany,Desktop,Bachelor,Silver,True,True,False,40,11.0,4.4,9,3,23.7,6317.11,1,8.751017104076203,1.844934404062263,0,0.3466
India,Desktop,Master,Bronze,True,False,False,38,16.5,3.6,7,4,20.8,5017.41,1,8.520669143289888,1.7097690490891824,2,0.251
UK,Mobile,Bachelor,Silver,True,True,False,30,11.4,3.3,4,3,11.2,343.24,0,5.83842991093892,1.6539684852930463,0,0.3466
USA,Mobile,Master,Silver,True,False,True,35,2.0,4.1,10,1,1.0,184.69,0,5.21867874388782,1.7963629745483078,2,0.251
India,Tablet,Master,Silver,True,True,False,29,4.3,3.3,3,4,4.1,1881.04,0,7.5395800943593505,1.6539684852930463,2,0.251
France,Desktop,Master,Gold,True,True,True,46,26.6,3.6,2,2,13.9,877.1,1,6.776621010957336,1.7097690490891824,2,0.251
USA,Mobile,High School,Gold,True,True,True,27,10.0,4.6,4,0,17.6,821.71,0,6.711387534754778,1.876052317839795,1,0.3006
Brazil,Mobile,PhD,Silver,True,True,False,39,14.2,4.6,12,5,2.8,1130.9,0,7.030769054877282,1.876052317839795,3,0.1018
Germany,Mobile,Master,Platinum,True,False,True,45,12.1,3.5,5,5,13.9,801.01,1,6.685873431384937,1.691512653766797,2,0.251
France,Desktop,Master,Bronze,True,True,False,40,6.3,3.2,4,5,8.6,5682.18,0,8.645090240898638,1.6346542330120937,2,0.251
Germany,Desktop,Bachelor,Bronze,True,True,False,27,8.4,3.5,9,2,2.0,340.67,0,5.830914266783482,1.691512653766797,0,0.3466
India,Desktop,Bachelor,Bronze,True,True,False,46,15.8,3.1,8,4,10.6,359.95,1,5.885965132915312,1.6149595811994066,0,0.3466
India,Desktop,High School,Silver,True,False,False,37,17.2,3.1,9,3,19.0,468.94,1,6.15047482849259,1.6149595811994066,1,0.3006
Japan,Mobile,Bachelor,Silver,True,False,False,18,70.2,4.8,3,3,23.3,731.21,0,6.594700696195219,1.9062310586677143,0,0.3466
USA,Desktop,High School,Silver,True,True,False,26,8.3,2.6,3,2,22.8,2925.45,0,7.981203593986697,1.5102107064924273,1,0.3006
India,Desktop,Bachelor,Bronze,True,True,True,55,46.4,2.7,9,5,15.3,798.01,1,6.682121128699613,1.5320566796070851,0,0.3466
Japan,Mobile,Bachelor,Bronze,True,True,False,56,6.1,4.1,4,2,2.8,534.2,0,6.280770300675861,1.7963629745483078,0,0.3466
Japan,Mobile,Bachelor,Gold,True,True,True,44,18.0,3.5,1,2,17.9,1058.81,1,6.964900914962671,1.691512653766797,0,0.3466
UK,Mobile,Bachelor,Gold,True,True,False,113,14.0,-0.4156621460783729,2,188,1.5,455.63,1,6.121681076639609,0.4134481984779809,0,0.3466
India,Mobile,Master,Silver,True,True,False,29,11.0,2.6,6,1,12.8,2511.76,1,7.828738981622445,1.5102107064924273,2,0.251
Brazil,Desktop,High School,Silver,True,False,False,35,12.1,3.9,9,3,19.8,608.55,1,6.411079078320566,1.7626197870713454,1,0.3006
USA,Desktop,Master,Silver,True,True,False,53,7.4,4.7,5,4,3.7,1973.98,0,7.587807088229841,1.891255528483568,2,0.251
Germany,Desktop,High School,Bronze,True,False,True,43,25.1,4.1,4,3,18.6,2511.42,1,7.828603609208748,1.7963629745483078,1,0.3006
Australia,Mobile,High School,Silver,True,False,False,39,6.2,4.1,6,0,20.2,770.95,1,6.647623520617362,1.7963629745483078,1,0.3006
USA,Tablet,High School,Silver,True,False,False,36,15.7,4.5,7,2,26.7,4163.72,0,8.334164184438402,1.860614396637471,1,0.3006
Canada,Desktop,Master,Silver,True,True,False,52,22.3,3.2,6,5,6.5,748.35,0,6.617870782975156,1.6346542330120937,2,0.251
Japan,Mobile,Bachelor,Bronze,True,True,False,51,36.9,3.6,9,0,24.6,2490.72,1,7.820327104287539,1.7097690490891824,0,0.3466
Japan,Desktop,Master,Platinum,True,True,False,46,26.5,4.1,5,2,10.3,6327.8,1,8.752707903385444,1.7963629745483078,2,0.251
UK,Mobile,Bachelor,Gold,True,False,False,39,19.3,4.1,8,3,11.6,490.1,1,6.194609451915502,1.7963629745483078,0,0.3466
USA,Desktop,High School,Bronze,True,False,False,34,7.3,2.7,5,3,29.0,1681.69,1,7.427554519147226,1.5320566796070851,1,0.3006
Canada,Desktop,Master,Silver,True,True,False,46,6.5,4.7,4,2,15.2,365.7,0,5.901813325155335,1.891255528483568,2,0.251
UK,Mobile,High School,Platinum,True,True,False,25,4.9,4.3,6,1,26.1,1994.76,1,7.598279021335368,1.829004627509825,1,0.3006
Brazil,Mobile,Master,Bronze,True,True,True,27,4.5,3.8,4,4,21.0,610.32,1,6.413983409781974,1.74531138386547,2,0.251
UK,Mobile,High School,Silver,True,False,False,21,12.2,4.1,9,1,12.6,560.41,0,6.328668658700502,1.7963629745483078,1,0.3006
USA,Desktop,Bachelor,Silver,True,True,False,53,6.8,4.0,7,1,1.3,1138.08,1,7.037097910985205,1.7796336993958102,0,0.3466
USA,Desktop,Master,Silver,True,True,False,29,31.8,2.3,5,3,14.8,2463.95,0,7.809521032239728,1.4416544924686217,2,0.251
France,Desktop,PhD,Gold,True,True,False,43,7.7,3.4,4,2,11.2,1353.16,0,7.210197876907142,1.672916754755899,3,0.1018
Canada,Mobile,Bachelor,Bronze,True,True,False,36,13.1,4.4,9,2,15.7,849.86,0,6.745071630036506,1.844934404062263,0,0.3466
UK,Tablet,Master,Bronze,True,True,False,73,9.9,3.2,7,5,21.9,1712.84,1,7.445908090575879,1.6346542330120937,2,0.251
UK,Desktop,High School,Bronze,True,True,False,43,4.0,3.8,8,3,16.1,1521.04,1,7.327149590401331,1.74531138386547,1,0.3006
UK,Desktop,Master,Bronze,True,True,False,18,29.1,4.6,10,2,20.1,3668.98,0,8.207668973263837,1.876052317839795,2,0.251
France,Mobile,Master,Silver,True,True,True,52,21.3,3.3,11,3,21.0,724.15,1,6.584998553246865,1.6539684852930463,2,0.251
Germany,Desktop,High School,Gold,True,False,True,33,23.3,3.6,5,2,23.4,682.58,0,6.525879736307059,1.7097690490891824,1,0.3006
India,Mobile,Bachelor,Bronze,True,True,False,36,19.6,4.9,6,3,19.5,1915.42,1,7.557692198716205,1.920985627295474,0,0.3466
Germany,Desktop,High School,Silver,True,True,False,30,6.6,3.8,8,3,26.4,3505.27,0,8.162022829312088,1.74531138386547,1,0.3006
Germany,Mobile,Bachelor,Silver,True,False,True,40,6.7,3.8,12,3,9.0,999.17,0,6.906924934341423,1.74531138386547,0,0.3466
USA,Mobile,High School,Bronze,True,True,True,40,17.5,4.4,5,4,25.1,714.26,0,6.571247041712908,1.844934404062263,1,0.3006
Spain,Mobile,Bachelor,Silver,True,True,True,30,41.9,3.2,6,0,19.0,1177.09,0,7.070800569927417,1.6346542330120937,0,0.3466
USA,Mobile,PhD,Silver,True,True,False,32,16.6,4.6,4,3,18.4,2538.03,1,7.839143468535442,1.876052317839795,3,0.1018
USA,Desktop,High School,Silver,True,True,False,39,26.6,4.0,7,1,5.6,1072.58,0,6.9778222400949135,1.7796336993958102,1,0.3006
Japan,Mobile,Bachelor,Bronze,True,True,True,18,8.0,3.9,5,2,25.3,623.73,0,6.435717582423407,1.7626197870713454,0,0.3466
France,Mobile,Bachelor,Silver,True,True,True,21,29.3,4.8,6,3,18.0,1029.13,0,6.9364690641030835,1.9062310586677143,0,0.3466
Germany,Desktop,PhD,Platinum,True,True,False,58,8.7,3.9,7,3,5.4,799.5,0,6.683986532274009,1.7626197870713454,3,0.1018
Germany,Desktop,Bachelor,Silver,True,True,True,42,14.8,4.4,6,3,1.5,614.01,0,6.420011214659468,1.844934404062263,0,0.3466
Brazil,Desktop,Bachelor,Bronze,True,True,False,32,9.1,4.2,6,5,14.6,1367.46,0,7.220710283411295,1.8128169798052736,0,0.3466
USA,Mobile,Bachelor,Silver,True,True,False,18,24.8,4.9,5,2,8.5,402.51,0,5.99771994127049,1.920985627295474,0,0.3466
India,Desktop,High School,Bronze,True,True,False,37,25.1,4.4,3,1,8.9,588.03,1,6.376777967005293,1.844934404062263,1,0.3006
Japan,Mobile,High School,Silver,True,False,False,50,3.7,3.9,7,2,2.3,381.33,1,5.943665141974687,1.7626197870713454,1,0.3006
Germany,Desktop,Bachelor,Bronze,True,True,True,70,35.2,3.6,6,2,6.7,753.22,1,6.624357349802741,1.7097690490891824,0,0.3466
Germany,Tablet,High School,Bronze,True,False,True,61,81.5,3.7,3,2,29.0,580.76,1,6.364337590615487,1.727698115361634,1,0.3006
UK,Desktop,Bachelor,Silver,True,True,True,27,9.2,4.0,5,2,16.8,728.08,1,6.5904109322691005,1.7796336993958102,0,0.3466
Brazil,Desktop,Bachelor,Bronze,True,True,False,32,11.0,3.6,3,6,16.1,468.26,0,6.149023697209347,1.7097690490891824,0,0.3466
Germany,Mobile,Bachelor,Silver,True,True,False,20,32.8,3.3,8,1,15.2,118.02,1,4.7708541016290225,1.6539684852930463,0,0.3466
UK,Mobile,High School,Bronze,True,True,False,28,12.9,4.0,8,1,23.1,3677.08,0,8.209874237931606,1.7796336993958102,1,0.3006
France,Desktop,PhD,Bronze,True,False,False,35,12.1,4.3,10,0,20.3,1662.19,0,7.415891288977619,1.829004627509825,3,0.1018
Spain,Desktop,Master,Gold,True,False,True,34,55.6,3.9,5,2,5.8,715.83,1,6.573442708602044,1.7626197870713454,2,0.251
Germany,Desktop,High School,Platinum,True,True,False,63,4.1,4.4,7,2,15.0,1637.44,0,7.400889325616727,1.844934404062263,1,0.3006
Australia,Mobile,Bachelor,Bronze,True,True,False,22,6.5,3.5,6,1,21.3,254.41,1,5.5389471388695215,1.691512653766797,0,0.3466
UK,Mobile,Bachelor,Silver,True,False,False,37,17.0,3.8,7,4,13.5,275.62,0,5.619023105446999,1.74531138386547,0,0.3466
USA,Mobile,High School,Bronze,True,False,False,18,3.3,2.8,6,2,16.3,444.41,0,6.0967475597625285,1.5534355914115192,1,0.3006
USA,Mobile,Bachelor,Silver,True,True,True,42,9.0,4.3,8,1,2.4,1592.7,1,7.373185968257736,1.829004627509825,0,0.3466
Germany,Mobile,High School,Silver,True,False,False,22,9.0,3.0,7,2,0.4,1333.6,0,7.1956373314365845,1.5948692441471295,1,0.3006
USA,Desktop,PhD,Bronze,True,True,True,51,26.3,3.5,5,2,23.1,2692.84,0,7.898351677752835,1.691512653766797,3,0.1018
USA,Tablet,Master,Gold,True,True,True,35,21.2,3.9,5,3,23.3,1632.36,1,7.397782099433339,1.7626197870713454,2,0.251
Australia,Mobile,Bachelor,Bronze,True,True,False,21,3.2,4.7,4,1,15.3,627.32,1,6.441456777266224,1.891255528483568,0,0.3466
India,Desktop,Bachelor,Bronze,True,False,False,18,7.0,4.8,9,3,24.5,1305.67,1,7.174471597968678,1.9062310586677143,0,0.3466
Brazil,Desktop,PhD,Gold,True,False,True,26,7.0,4.6,7,5,23.5,2866.13,0,7.960717966745315,1.876052317839795,3,0.1018
USA,Desktop,PhD,Silver,True,True,False,41,10.2,2.2,2,5,10.7,1318.75,0,7.184439597224377,1.4177166459929065,3,0.1018
USA,Desktop,PhD,Silver,True,True,True,43,5.1,4.0,11,2,14.7,604.8,0,6.404897824865323,1.7796336993958102,3,0.1018
USA,Mobile,High School,Silver,True,False,False,32,17.5,3.5,10,4,14.2,4220.46,0,8.34769940582881,1.691512653766797,1,0.3006
Brazil,Mobile,High School,Silver,True,False,False,49,7.0,3.3,11,4,0.6,774.75,1,6.652540396667858,1.6539684852930463,1,0.3006
Australia,Mobile,Master,Silver,True,False,True,24,19.5,4.8,2,3,0.0,2539.85,1,7.83986030315065,1.9062310586677143,2,0.251
Germany,Mobile,Bachelor,Bronze,True,True,False,18,12.2,4.3,2,1,25.2,365.29,0,5.900691558666071,1.829004627509825,0,0.3466
USA,Mobile,High School,Silver,True,True,False,41,5.6,3.1,5,6,29.3,1875.05,0,7.536390604715629,1.6149595811994066,1,0.3006
Germany,Mobile,High School,Silver,True,False,False,53,37.0,3.7,6,4,22.7,459.67,1,6.130508840730516,1.727698115361634,1,0.3006
UK,Desktop,Master,Silver,True,True,False,54,37.9,4.2,3,2,2.1,1209.06,1,7.097598477174937,1.8128169798052736,2,0.251
UK,Desktop,Master,Gold,True,True,False,22,15.4,4.6,5,3,18.3,2555.2,1,7.845885777460748,1.876052317839795,2,0.251
Japan,Mobile,Bachelor,Bronze,True,True,False,31,10.1,3.3,7,1,18.8,2181.96,0,7.687978834419304,1.6539684852930463,0,0.3466
Japan,Desktop,Master,Silver,True,True,False,47,5.2,3.5,9,1,8.1,1915.2,0,7.5575773348037085,1.691512653766797,2,0.251
USA,Desktop,Bachelor,Bronze,True,True,True,30,28.7,3.5,10,1,14.6,2403.09,0,7.784510688218637,1.691512653766797,0,0.3466
USA,Tablet,Master,Silver,True,True,False,39,23.5,4.7,7,5,0.4,1950.01,0,7.575589779749771,1.891255528483568,2,0.251
Spain,Mobile,Bachelor,Silver,True,True,False,29,6.4,2.9,9,4,14.0,545.62,1,6.301922762748901,1.574366995878342,0,0.3466
USA,Desktop,High School,Gold,True,True,False,25,7.0,4.6,3,1,8.1,818.45,1,6.7074123075903636,1.876052317839795,1,0.3006
USA,Mobile,Bachelor,Silver,True,True,False,27,17.6,4.7,5,1,6.5,1438.52,0,7.271370086266519,1.891255528483568,0,0.3466
USA,Mobile,Bachelor,Gold,True,True,False,49,4.8,4.7,5,3,29.2,519.72,0,6.253290205014536,1.891255528483568,0,0.3466
USA,Desktop,Bachelor,Gold,True,False,False,38,7.4,3.9,2,2,20.2,3617.82,1,8.193626913473825,1.7626197870713454,0,0.3466
UK,Desktop,High School,Platinum,True,True,True,53,5.3,2.9,2,3,26.8,1093.19,1,6.996855306555068,1.574366995878342,1,0.3006
India,Tablet,PhD,Silver,True,False,False,44,5.4,3.3,6,2,4.4,1209.58,1,7.09802847089704,1.6539684852930463,3,0.1018
UK,Desktop,High School,Platinum,True,True,False,57,6.8,4.8,9,0,6.9,661.21,0,6.494071489849441,1.9062310586677143,1,0.3006
Germany,Desktop,High School,Bronze,True,False,True,48,25.1,3.3,5,2,27.8,1471.59,1,7.294098727882714,1.6539684852930463,1,0.3006
Japan,Mobile,Bachelor,Bronze,True,True,False,47,3.0,3.7,9,2,8.4,454.41,0,6.118999874207044,1.727698115361634,0,0.3466
Germany,Mobile,Bachelor,Silver,True,True,True,37,17.2,3.7,4,2,26.4,177965.87860205624,0,12.08934711765185,1.727698115361634,0,0.3466
India,Desktop,Bachelor,Platinum,True,True,False,74,15.0,3.5,5,2,22.2,628.86,1,6.443908656410141,1.691512653766797,0,0.3466
India,Desktop,Master,Silver,True,True,True,39,26.4,3.4,5,2,1.1,1179.13,1,7.0725321573935505,1.672916754755899,2,0.251
USA,Desktop,Bachelor,Bronze,True,True,True,18,15.0,4.3,4,5,4.6,774.13,0,6.651739818142582,1.829004627509825,0,0.3466
Brazil,Tablet,Bachelor,Silver,True,False,True,41,9.0,4.6,9,6,16.7,4220.55,1,8.347720730291167,1.876052317839795,0,0.3466
Germany,Desktop,Master,Silver,True,False,False,26,6.3,4.1,5,2,27.5,2299.2,0,7.740316515324761,1.7963629745483078,2,0.251
Spain,Mobile,High School,Bronze,True,False,True,50,26.9,3.0,3,2,17.3,979.04,0,6.88657249971423,1.5948692441471295,1,0.3006
Germany,Tablet,Bachelor,Gold,True,True,False,47,18.1,4.5,6,4,21.0,1464.22,1,7.289077956455411,1.860614396637471,0,0.3466
Spain,Desktop,Master,Platinum,True,True,True,36,8.2,2.0,7,5,20.2,3402.44,0,8.13224810027756,1.3680501190364096,2,0.251
Brazil,Tablet,High School,Gold,True,True,False,27,25.2,4.1,7,4,3.4,5600.64,0,8.630636155907412,1.7963629745483078,1,0.3006
USA,Tablet,Bachelor,Bronze,True,True,False,40,8.5,3.5,7,0,24.9,1525.33,0,7.329966059074451,1.691512653766797,0,0.3466
France,Tablet,PhD,Bronze,True,True,False,30,12.2,3.9,4,2,22.0,1355.0,0,7.2115567333138015,1.7626197870713454,3,0.1018
Spain,Desktop,Bachelor,Bronze,True,True,False,47,7.5,3.4,9,0,9.6,1031.21,1,6.938488149017834,1.672916754755899,0,0.3466
India,Mobile,Bachelor,Bronze,True,True,False,45,18.7,3.8,4,2,13.8,1487.26,0,7.30469077986454,1.74531138386547,0,0.3466
USA,Mobile,PhD,Bronze,True,True,True,73,5.5,3.1,5,3,14.4,3190.48,1,8.067926654678818,1.6149595811994066,3,0.1018
Japan,Tablet,High School,Gold,True,True,False,33,9.6,4.5,11,2,23.8,1523.98,1,7.329080612800899,1.860614396637471,1,0.3006
UK,Desktop,High School,Bronze,True,False,True,34,7.2,4.6,7,4,28.6,2932.65,0,7.9836617301146084,1.876052317839795,1,0.3006
USA,Mobile,Master,Gold,True,False,False,36,15.0,4.7,2,1,25.7,625.57,1,6.438663234117079,1.891255528483568,2,0.251
Germany,Desktop,Master,Platinum,True,False,False,37,16.6,4.3,6,4,14.4,324.15,0,5.781206371621004,1.829004627509825,2,0.251
USA,Desktop,Bachelor,Bronze,True,True,False,50,5.0,4.8,3,6,10.1,1682.76,1,7.42819058152656,1.9062310586677143,0,0.3466
India,Desktop,Bachelor,Platinum,True,True,False,35,16.9,4.1,10,3,6.9,930.42,1,6.835636097104112,1.7963629745483078,0,0.3466
UK,Mobile,Master,Gold,True,True,False,62,3.7,3.8,5,2,20.6,2247.05,1,7.7173735238291705,1.74531138386547,2,0.251
India,Mobile,Master,Silver,True,True,True,45,70.4,3.6,2,5,12.5,732.64,0,6.596654448908786,1.7097690490891824,2,0.251
USA,Mobile,High School,Bronze,True,False,False,32,8.1,3.3,7,1,4.3,940.06,1,6.84594370301425,1.6539684852930463,1,0.3006
UK,Tablet,High School,Silver,True,True,True,29,28.2,4.4,4,3,1.5,896.69,1,6.798710205894033,1.844934404062263,1,0.3006
USA,Desktop,Bachelor,Bronze,True,True,False,50,14.3,4.3,4,2,17.5,2204.17,1,7.698106299784636,1.829004627509825,0,0.3466
USA,Mobile,Master,Silver,True,False,True,38,14.8,2.9,7,1,26.2,717.25,0,6.575424454861474,1.574366995878342,2,0.251
USA,Desktop,Master,Bronze,True,True,False,38,4.8,2.7,8,2,9.9,490.98,0,6.196403393767345,1.5320566796070851,2,0.251
USA,Desktop,PhD,Silver,True,True,True,31,23.9,4.3,4,0,6.3,833.13,0,6.72518969241534,1.829004627509825,3,0.1018
France,Mobile,Master,Bronze,True,False,False,37,12.7,4.9,5,2,15.1,1463.32,0,7.288463105742284,1.920985627295474,2,0.251
UK,Tablet,Bachelor,Bronze,True,True,False,30,17.7,3.4,6,0,22.6,669.31,0,6.5062473309780975,1.672916754755899,0,0.3466
Germany,Mobile,Bachelor,Silver,True,False,False,54,11.3,4.5,11,5,1.1,921.38,1,6.8258725461668215,1.860614396637471,0,0.3466
UK,Mobile,Master,Silver,True,False,False,47,13.5,3.7,12,2,26.3,673.34,1,6.512250402668226,1.727698115361634,2,0.251
India,Desktop,Master,Silver,True,True,False,36,6.0,3.9,7,3,29.7,725.59,1,6.586985117008053,1.7626197870713454,2,0.251
Australia,Desktop,Bachelor,Bronze,True,True,False,36,10.8,4.4,9,3,13.4,3866.8,0,8.26018257059045,1.844934404062263,0,0.3466
Germany,Mobile,High School,Gold,True,True,True,39,8.7,4.3,5,2,25.3,5535.74,0,8.618980530876682,1.829004627509825,1,0.3006
UK,Desktop,PhD,Silver,True,True,False,38,6.9,3.4,9,1,12.6,3710.97,0,8.219048576953547,1.672916754755899,3,0.1018
USA,Desktop,Bachelor,Bronze,True,True,False,27,13.6,3.5,2,0,3.2,1810.02,0,7.50109317392258,1.691512653766797,0,0.3466
Canada,Mobile,Bachelor,Silver,True,False,False,18,16.3,4.0,8,2,15.1,1324.84,0,7.189046976411904,1.7796336993958102,0,0.3466
USA,Desktop,Bachelor,Silver,True,True,True,28,14.9,4.4,4,2,5.3,489.17,0,6.192710077320975,1.844934404062263,0,0.3466
UK,Desktop,Master,Bronze,True,True,False,36,11.2,3.2,9,2,5.7,615.07,1,6.421736082467595,1.6346542330120937,2,0.251
UK,Mobile,High School,Silver,True,True,False,29,16.9,3.6,7,1,23.9,793.53,0,6.676491346435155,1.7097690490891824,1,0.3006
UK,Mobile,Master,Gold,True,True,False,48,14.8,3.7,4,3,3.1,8826.31,0,9.08549231271143,1.727698115361634,2,0.251
USA,Tablet,High School,Gold,True,True,False,35,13.2,3.5,6,2,8.8,568.65,1,6.343265130630454,1.691512653766797,1,0.3006
Brazil,Mobile,High School,Bronze,True,False,False,60,13.9,4.7,5,5,10.9,1206.19,1,7.095221910483432,1.891255528483568,1,0.3006
USA,Desktop,Bachelor,Gold,True,True,True,31,31.4,3.5,4,2,27.3,200.34,0,5.300015923183619,1.691512653766797,0,0.3466
Japan,Tablet,Master,Bronze,True,True,False,40,4.6,2.9,8,1,18.3,1735.47,1,7.459033549067733,1.574366995878342,2,0.251
USA,Mobile,PhD,Platinum,True,True,False,35,9.4,4.1,2,2,1.7,1175.23,0,7.06921915210362,1.7963629745483078,3,0.1018
USA,Desktop,Master,Bronze,True,True,True,43,16.0,4.1,4,3,8.4,234.48,1,5.457370296402637,1.7963629745483078,2,0.251
Australia,Desktop,PhD,Silver,True,False,False,51,3.4,4.7,6,4,1.9,2589.07,0,7.859054016852236,1.891255528483568,3,0.1018
USA,Mobile,High School,Silver,True,False,True,45,36.8,3.3,6,3,22.1,1495.26,1,7.3100553837471445,1.6539684852930463,1,0.3006
India,Mobile,High School,Bronze,True,False,True,18,14.9,4.1,7,2,5.8,260.86,0,5.563983864942137,1.7963629745483078,1,0.3006
France,Mobile,Bachelor,Gold,True,True,True,44,26.2,4.2,4,3,6.7,1154.43,0,7.051361994647979,1.8128169798052736,0,0.3466
USA,Mobile,High School,Silver,True,True,False,26,29.8,4.5,5,2,3.6,1552.95,1,7.347911626880232,1.860614396637471,1,0.3006
Canada,Mobile,Master,Bronze,True,False,False,34,16.9,4.3,12,1,20.7,1081.18,0,6.985808316265979,1.829004627509825,2,0.251
USA,Tablet,Master,Silver,True,True,True,46,2.0,3.9,4,3,15.5,2476.89,1,7.81475901994453,1.7626197870713454,2,0.251
India,Mobile,PhD,Silver,True,False,False,25,13.7,3.4,5,2,7.9,1621.84,0,7.391316586159938,1.672916754755899,3,0.1018
USA,Desktop,High School,Bronze,True,True,False,52,14.4,4.7,6,1,23.8,3114.42,1,8.043798218058313,1.891255528483568,1,0.3006
India,Mobile,Bachelor,Platinum,True,False,False,34,5.1,3.9,8,3,17.5,267.99,1,5.590949666381857,1.7626197870713454,0,0.3466
USA,Desktop,Bachelor,Gold,True,True,False,64,2.9,3.2,8,1,5.4,5581.89,1,8.627282707703603,1.6346542330120937,0,0.3466
Germany,Mobile,High School,Bronze,True,True,True,39,17.6,3.9,4,1,0.6,922.08,0,6.826631987688356,1.7626197870713454,1,0.3006
Brazil,Tablet,Bachelor,Silver,True,True,True,58,4.5,3.6,7,2,2.7,6213.45,1,8.734471576219224,1.7097690490891824,0,0.3466
Australia,Mobile,Bachelor,Bronze,True,True,False,52,63.4,-0.2446281283249081,7,4,10.0,223.94,1,5.411378158832051,0.5206115320241164,0,0.3466
Australia,Mobile,Bachelor,Gold,True,False,True,31,15.0,3.6,6,5,2.4,1046.0,0,6.952728644624869,1.7097690490891824,0,0.3466
India,Mobile,Bachelor,Platinum,True,True,False,22,35.9,3.7,2,4,7.3,6509.51,1,8.781019463552571,1.727698115361634,0,0.3466
Australia,Desktop,High School,Bronze,True,True,True,39,12.5,3.7,10,5,2.3,648.31,0,6.474368977019568,1.727698115361634,1,0.3006
USA,Desktop,Bachelor,Gold,True,False,False,31,22.2,3.7,5,3,2.2,117.28,1,4.764564238138341,1.727698115361634,0,0.3466
UK,Mobile,Bachelor,Silver,True,True,False,57,12.7,4.5,4,2,9.2,1121.7,0,7.022600670651178,1.860614396637471,0,0.3466
UK,Mobile,High School,Bronze,True,True,False,35,27.2,3.7,2,1,15.4,1518.92,0,7.325754834981077,1.727698115361634,1,0.3006
UK,Mobile,Bachelor,Platinum,True,False,False,34,2.4,4.8,5,2,10.3,2029.25,1,7.6154215456412855,1.9062310586677143,0,0.3466
UK,Desktop,High School,Silver,True,False,False,21,24.8,3.6,10,4,3.1,1452.57,0,7.281089680335916,1.7097690490891824,1,0.3006
France,Mobile,Bachelor,Silver,True,False,False,43,20.8,3.8,7,1,1.7,960.69,0,6.867651776284803,1.74531138386547,0,0.3466
USA,Mobile,High School,Silver,True,False,True,24,10.8,4.5,5,4,5.9,1766.25,0,7.476613933998737,1.860614396637471,1,0.3006
Japan,Mobile,Bachelor,Bronze,True,True,True,43,8.8,4.9,7,1,21.0,124.11,1,4.82116826914143,1.920985627295474,0,0.3466
USA,Mobile,Master,Bronze,True,False,True,45,9.6,4.0,8,2,20.0,2635.65,1,7.876885109872011,1.7796336993958102,2,0.251
UK,Mobile,Bachelor,Platinum,True,True,True,29,15.3,4.0,5,1,26.8,1960.89,0,7.58115373079335,1.7796336993958102,0,0.3466
Germany,Mobile,Master,Silver,True,True,True,49,32.2,4.5,7,1,27.4,698.94,1,6.549564901639741,1.860614396637471,2,0.251
Brazil,Desktop,Bachelor,Gold,True,False,True,35,7.9,4.0,5,7,23.2,431.11,0,6.066363277958191,1.7796336993958102,0,0.3466
Brazil,Tablet,Bachelor,Bronze,True,True,False,20,3.1,3.5,6,1,0.5,2419.44,0,7.7912913874137955,1.691512653766797,0,0.3466
Japan,Desktop,Master,Silver,True,False,True,57,88.9,4.5,11,6,3.3,833.11,1,6.725165686269765,1.860614396637471,2,0.251
USA,Tablet,Bachelor,Platinum,True,True,False,27,20.8,4.0,9,1,22.2,12870.42,0,9.462686934090328,1.7796336993958102,0,0.3466
France,Desktop,Master,Bronze,True,True,False,44,8.9,4.1,5,2,24.8,544.57,0,6.2999964924204805,1.7963629745483078,2,0.251
USA,Desktop,Bachelor,Bronze,True,False,False,43,31.5,3.9,5,1,18.4,1638.75,1,7.40168903507791,1.7626197870713454,0,0.3466
UK,Tablet,Bachelor,Silver,True,False,False,43,25.7,2.9,9,5,10.9,3128.24,0,8.048225825064597,1.574366995878342,0,0.3466
Germany,Desktop,Master,Bronze,True,False,True,42,18.1,4.2,6,1,5.5,123.89,0,4.819394075127647,1.8128169798052736,2,0.251
USA,Mobile,High School,Bronze,True,True,True,26,8.3,3.6,7,0,20.3,561.91,1,6.3313416947207815,1.7097690490891824,1,0.3006
UK,Mobile,Bachelor,Gold,True,True,True,58,20.8,4.3,5,1,12.4,1086.42,1,6.9906431660606065,1.829004627509825,0,0.3466
Canada,Tablet,High School,Platinum,True,True,True,49,29.1,3.6,5,3,11.1,4275.45,0,8.360644638988978,1.7097690490891824,1,0.3006
Canada,Tablet,Bachelor,Silver,True,True,False,44,3.1,3.5,10,2,14.1,862.0,0,6.759255270663693,1.691512653766797,0,0.3466
UK,Desktop,High School,Gold,True,True,True,22,14.6,4.4,4,2,25.1,1653.29,0,7.410522521029964,1.844934404062263,1,0.3006
USA,Mobile,Bachelor,Gold,True,False,False,26,15.5,4.7,4,1,19.3,1753.32,1,7.469266412471994,1.891255528483568,0,0.3466
USA,Desktop,Master,Gold,True,False,False,46,15.1,4.5,5,0,16.7,311.76,1,5.742233661030454,1.860614396637471,2,0.251
UK,Desktop,Master,Bronze,True,False,True,18,12.6,4.4,4,4,9.6,1151.29,0,7.048638331808491,1.844934404062263,2,0.251
Canada,Mobile,Bachelor,Bronze,True,True,True,42,31.5,3.7,6,3,9.8,698.63,0,6.549121274479621,1.727698115361634,0,0.3466
USA,Desktop,PhD,Bronze,True,False,True,22,10.3,4.6,5,4,29.6,526.14,0,6.265567337019319,1.876052317839795,3,0.1018
Brazil,Mobile,Bachelor,Bronze,True,False,False,28,12.2,4.7,7,4,14.2,2011.53,0,7.606650905521729,1.891255528483568,0,0.3466
USA,Mobile,Bachelor,Bronze,True,False,True,21,15.7,3.9,1,2,6.9,3195.09,0,8.06937053542898,1.7626197870713454,0,0.3466
Spain,Mobile,Master,Bronze,True,True,False,41,10.6,3.6,2,1,21.6,360.55,1,5.887630643362769,1.7097690490891824,2,0.251
UK,Tablet,Master,Bronze,True,True,False,51,4.0,4.4,5,1,22.5,6646.09,0,8.801783990802987,1.844934404062263,2,0.251
Brazil,Desktop,Master,Bronze,True,False,False,42,14.5,4.1,5,0,11.4,2335.16,1,7.75583569023938,1.7963629745483078,2,0.251
UK,Mobile,High School,Silver,True,False,False,43,14.6,3.3,7,2,23.6,919.71,0,6.824058402960337,1.6539684852930463,1,0.3006
Japan,Tablet,Bachelor,Bronze,True,False,False,40,9.1,3.7,7,3,26.1,12544.86,0,9.43706629891362,1.727698115361634,0,0.3466
USA,Mobile,Master,Gold,True,False,False,46,11.0,4.0,5,1,24.9,1101.83,0,7.004727712840018,1.7796336993958102,2,0.251
USA,Desktop,Bachelor,Bronze,True,False,True,44,1.0,4.3,6,2,2.2,679.5,0,6.521357233591198,1.829004627509825,0,0.3466
Australia,Mobile,Master,Gold,True,False,False,18,32.0,4.4,7,1,23.8,3872.44,0,8.261640078303982,1.844934404062263,2,0.251
Australia,Desktop,Bachelor,Platinum,True,True,False,49,25.0,1.9,5,4,12.0,1876.74,0,7.537291508078719,1.3422601050930534,0,0.3466
Australia,Desktop,Master,Gold,True,True,False,48,4.2,4.4,5,2,3.2,885.44,0,6.786084696598561,1.844934404062263,2,0.251
Japan,Mobile,High School,Gold,True,False,True,34,7.1,3.6,7,4,26.8,2548.75,1,7.843358321888665,1.7097690490891824,1,0.3006
India,Mobile,Bachelor,Platinum,True,False,True,18,38.8,4.5,5,3,14.7,789.09,0,6.670880382781629,1.860614396637471,0,0.3466
USA,Tablet,High School,Bronze,True,False,False,41,4.8,3.7,4,2,26.3,1127.86,0,7.0280773108801124,1.727698115361634,1,0.3006
UK,Mobile,Master,Platinum,True,False,False,42,17.9,1.9,8,3,18.0,512.27,1,6.238851829792656,1.3422601050930534,2,0.251
UK,Mobile,Master,Gold,True,True,False,33,8.2,2.2,7,3,9.8,845.98,1,6.74049571866484,1.4177166459929065,2,0.251
Japan,Desktop,High School,Gold,True,True,False,40,16.9,2.7,6,0,17.3,8258.65,0,9.019016414900879,1.5320566796070851,1,0.3006
UK,Desktop,Master,Bronze,True,False,False,51,12.7,3.7,4,2,28.7,665.61,1,6.5007039134326,1.727698115361634,2,0.251
USA,Desktop,Bachelor,Silver,True,True,False,67,9.7,4.2,5,3,18.7,1638.7,1,7.401658523552179,1.8128169798052736,0,0.3466
France,Tablet,High School,Silver,True,False,False,40,16.6,3.2,6,2,24.4,579.78,0,6.362648721239272,1.6346542330120937,1,0.3006
India,Desktop,Bachelor,Silver,True,False,True,42,8.2,2.8,4,1,25.9,3119.19,0,8.045328631713005,1.5534355914115192,0,0.3466
UK,Desktop,High School,Gold,True,True,False,28,2.9,3.6,6,4,11.7,1490.1,0,7.306598510781415,1.7097690490891824,1,0.3006
USA,Mobile,Bachelor,Bronze,True,False,False,32,5.8,4.7,7,2,4.7,251.7,0,5.52823790214127,1.891255528483568,0,0.3466
USA,Desktop,Bachelor,Bronze,True,True,True,36,5.3,3.7,4,2,29.3,864.02,0,6.761595916684289,1.727698115361634,0,0.3466
USA,Desktop,Master,Silver,True,True,True,52,3.4,3.7,7,1,26.7,961.27,1,6.868255326845279,1.727698115361634,2,0.251
UK,Mobile,Master,Bronze,True,True,True,48,16.4,4.2,10,1,17.8,793.1,1,6.675949317089274,1.8128169798052736,2,0.251
Japan,Desktop,Bachelor,Bronze,True,True,False,61,10.6,2.4,9,3,28.4,1438.5,0,7.271356182991602,1.4650326891622956,0,0.3466
France,Desktop,High School,Bronze,True,True,False,20,16.2,2.4,13,1,18.4,320.67,0,5.770412556953964,1.4650326891622956,1,0.3006
Japan,Desktop,PhD,Bronze,True,True,False,22,18.5,3.5,7,2,18.7,539.52,1,6.290679855373436,1.691512653766797,3,0.1018
UK,Mobile,Master,Silver,True,True,False,51,22.3,2.4,7,5,18.9,7072.82,1,8.864014547822016,1.4650326891622956,2,0.251
India,Mobile,High School,Bronze,True,False,False,55,16.9,4.8,10,0,24.8,2492.43,1,7.8210134171888654,1.9062310586677143,1,0.3006
USA,Desktop,Master,Platinum,True,True,True,38,5.6,3.7,9,0,9.4,1165.32,1,7.060751006394263,1.727698115361634,2,0.251
Germany,Mobile,High School,Gold,True,True,True,18,19.4,2.6,9,1,9.3,1114.79,0,7.016421325348687,1.5102107064924273,1,0.3006
India,Desktop,Bachelor,Gold,True,True,True,29,14.5,2.0,2,2,1.0,568.56,0,6.34310684851864,1.3680501190364096,0,0.3466
USA,Tablet,Bachelor,Bronze,True,True,True,42,70.3,4.0,6,4,24.3,1960.23,1,7.580817092278725,1.7796336993958102,0,0.3466
USA,Desktop,Bachelor,Silver,True,False,False,27,12.3,3.6,7,1,7.9,2751.34,1,7.9198433447090855,1.7097690490891824,0,0.3466
Australia,Mobile,Master,Silver,True,False,True,40,16.5,3.0,9,1,6.6,1118.91,1,7.02011027612292,1.5948692441471295,2,0.251
UK,Tablet,Bachelor,Platinum,True,False,True,61,11.3,3.1,5,3,14.3,538.83,1,6.28940012227348,1.6149595811994066,0,0.3466
Japan,Mobile,High School,Gold,True,True,True,55,12.7,3.5,5,1,25.7,843.85,0,6.737974753682494,1.691512653766797,1,0.3006
USA,Desktop,PhD,Silver,True,True,False,48,12.0,4.4,9,4,18.0,340.97,0,5.831794496873765,1.844934404062263,3,0.1018
Japan,Desktop,PhD,Gold,True,False,False,37,8.6,4.7,7,1,25.3,4487.18,0,8.408979721061712,1.891255528483568,3,0.1018
UK,Mobile,Master,Bronze,True,True,False,32,14.0,4.4,5,3,0.0,407.7,0,6.0105316098252075,1.844934404062263,2,0.251
USA,Desktop,Bachelor,Bronze,True,True,False,47,20.0,3.4,6,3,5.7,1294.31,0,7.165733013602583,1.672916754755899,0,0.3466
France,Mobile,High School,Silver,True,True,True,38,8.7,4.7,7,2,21.5,1254.79,1,7.134723506887254,1.891255528483568,1,0.3006
USA,Mobile,Master,Bronze,True,True,True,39,23.8,4.4,6,2,8.5,288.82,0,5.665803656698419,1.844934404062263,2,0.251
UK,Mobile,High School,Bronze,True,False,True,19,21.6,3.7,3,2,28.2,1689.9,0,7.432424634568778,1.727698115361634,1,0.3006
USA,Desktop,High School,Gold,True,True,False,29,6.0,4.3,8,1,22.7,8623.21,0,9.062212684129053,1.829004627509825,1,0.3006
USA,Mobile,Bachelor,Bronze,True,False,False,47,5.6,4.6,4,1,21.0,1060.44,0,6.966439195317913,1.876052317839795,0,0.3466
UK,Mobile,High School,Silver,True,False,False,25,17.4,2.6,9,1,0.5,757.69,1,6.6302743310146806,1.5102107064924273,1,0.3006
USA,Mobile,High School,Platinum,True,True,True,41,7.6,4.0,8,1,20.7,395.36,1,5.9797967422403,1.7796336993958102,1,0.3006
Australia,Desktop,Bachelor,Bronze,True,True,False,43,5.3,4.6,11,1,15.7,2568.34,0,7.851015054799804,1.876052317839795,0,0.3466
USA,Desktop,High School,Bronze,True,True,True,44,48.1,2.4,6,2,5.2,302.42,0,5.711816779684523,1.4650326891622956,1,0.3006
Germany,Desktop,High School,Bronze,True,True,True,45,5.6,-0.6658876175166788,14,67,17.6,1340.9,0,7.201096309285597,0.232536965818933,1,0.3006
USA,Desktop,High School,Bronze,True,True,True,46,3.6,3.9,6,3,3.2,609.04,0,6.411883946997957,1.7626197870713454,1,0.3006
UK,Mobile,High School,Bronze,True,False,True,31,6.5,4.0,9,2,14.6,1116.39,0,7.017855544259097,1.7796336993958102,1,0.3006
Australia,Tablet,Master,Bronze,True,True,True,20,14.7,3.5,5,2,5.7,2738.51,0,7.9151692558512154,1.691512653766797,2,0.251
USA,Desktop,Master,Silver,True,True,False,28,12.9,4.3,5,3,0.3,892.57,0,6.7941049419507635,1.829004627509825,2,0.251
Canada,Mobile,Bachelor,Bronze,True,False,True,47,55.1,3.9,4,3,11.1,1634.75,1,7.399245166441386,1.7626197870713454,0,0.3466
USA,Desktop,Bachelor,Gold,True,True,False,24,6.6,4.6,5,3,11.1,410.14,0,6.016498564827623,1.876052317839795,0,0.3466
Brazil,Desktop,High School,Gold,True,False,False,26,14.7,3.8,2,2,15.5,286.25,1,5.65686555486845,1.74531138386547,1,0.3006
France,Desktop,High School,Gold,True,False,False,25,30.0,4.0,9,6,28.9,288.09,0,5.663272931317991,1.7796336993958102,1,0.3006
Australia,Desktop,High School,Silver,True,False,True,18,7.2,4.6,6,1,2.4,951.77,0,6.858323408963541,1.876052317839795,1,0.3006
France,Tablet,Bachelor,Bronze,True,False,False,24,21.4,2.3,5,3,6.7,14387.94,1,9.574145634665035,1.4416544924686217,0,0.3466
France,Desktop,Master,Gold,True,True,True,50,2.8,4.2,9,1,13.5,408.81,1,6.013250500429839,1.8128169798052736,2,0.251
USA,Mobile,Bachelor,Bronze,True,True,True,29,49.7,3.9,5,4,10.5,78.93,1,4.368561383720311,1.7626197870713454,0,0.3466
USA,Mobile,Bachelor,Bronze,True,True,True,18,27.0,2.7,5,4,16.9,460.46,0,6.132225989816225,1.5320566796070851,0,0.3466
Australia,Tablet,High School,Gold,True,False,False,32,7.1,2.1,4,3,24.1,256.82,1,5.548375450403128,1.393191696315046,1,0.3006
UK,Desktop,Master,Bronze,True,True,True,44,23.7,3.8,5,4,12.5,449.6,0,6.108358298579481,1.74531138386547,2,0.251
UK,Desktop,Bachelor,Bronze,True,False,False,18,34.8,4.8,5,4,9.3,369.53,0,5.912231927890838,1.9062310586677143,0,0.3466
Brazil,Desktop,Master,Gold,True,True,False,49,4.3,3.8,4,4,6.8,680.67,1,6.523077607204158,1.74531138386547,2,0.251
UK,Desktop,Bachelor,Platinum,True,False,True,21,7.5,3.3,7,2,23.6,3024.31,0,8.014438245272816,1.6539684852930463,0,0.3466
Canada,Desktop,Master,Bronze,True,True,False,33,35.8,3.0,4,4,2.8,151.96,1,5.023617328319425,1.5948692441471295,2,0.251
Brazil,Tablet,PhD,Bronze,True,False,False,33,12.9,3.9,9,5,14.6,1159.84,0,7.056037343552568,1.7626197870713454,3,0.1018
France,Mobile,PhD,Silver,True,True,True,31,17.3,3.7,9,4,11.2,1436.37,1,7.26987437658662,1.727698115361634,3,0.1018
Australia,Mobile,Bachelor,Gold,True,True,False,37,12.9,4.4,7,1,19.0,1075.9,1,6.980912799599864,1.844934404062263,0,0.3466
USA,Mobile,Bachelor,Bronze,True,True,False,47,24.9,2.2,8,5,16.3,1088.88,0,6.992904924023819,1.4177166459929065,0,0.3466
UK,Desktop,High School,Silver,True,False,True,38,18.4,2.3,6,2,10.4,487.28,0,6.188838906528229,1.4416544924686217,1,0.3006
Germany,Desktop,PhD,Platinum,True,False,False,31,13.3,4.2,7,2,3.2,513.57,1,6.241386339454797,1.8128169798052736,3,0.1018
USA,Tablet,Bachelor,Bronze,True,True,False,43,2.3,4.7,7,1,4.1,975.73,1,6.883185908797108,1.891255528483568,0,0.3466
Brazil,Mobile,High School,Platinum,True,True,True,40,20.3,4.2,6,3,20.4,1986.19,1,7.59397350971688,1.8128169798052736,1,0.3006
Australia,Tablet,Bachelor,Platinum,True,True,True,30,21.8,2.4,2,3,14.8,1887.74,0,7.543135625357889,1.4650326891622956,0,0.3466
Germany,Mobile,High School,Bronze,True,True,True,39,4.5,3.8,10,3,23.7,1450.72,0,7.279815263897746,1.74531138386547,1,0.3006
UK,Desktop,Bachelor,Gold,True,True,True,29,4.8,3.9,4,2,27.8,936.75,1,6.842416437673797,1.7626197870713454,0,0.3466
Canada,Desktop,Bachelor,Bronze,True,True,False,28,18.4,4.4,7,2,20.2,1256.42,0,7.136021686035088,1.844934404062263,0,0.3466
Germany,Desktop,Bachelor,Gold,True,True,True,48,14.2,2.9,7,0,27.4,11298.13,1,9.33239250428033,1.574366995878342,0,0.3466
Germany,Desktop,High School,Gold,True,False,True,43,2.5,2.0,6,0,0.8,1678.6,1,7.425715391648727,1.3680501190364096,1,0.3006
UK,Desktop,PhD,Bronze,True,True,False,47,6.3,3.4,3,1,16.1,3137.54,0,8.051194332362755,1.672916754755899,3,0.1018
Australia,Mobile,Master,Gold,True,True,True,46,15.7,4.5,2,3,8.0,1294.58,1,7.165941597204806,1.860614396637471,2,0.251
France,Mobile,Master,Gold,True,True,True,27,20.9,4.0,2,6,5.9,2399.63,0,7.783069837784469,1.7796336993958102,2,0.251
Brazil,Tablet,Bachelor,Bronze,True,False,False,50,7.6,4.9,5,1,8.4,926.81,0,6.831748582314427,1.920985627295474,0,0.3466
India,Mobile,Master,Bronze,True,True,True,34,10.8,3.6,8,4,24.6,423.78,0,6.049214452648886,1.7097690490891824,2,0.251
UK,Tablet,Bachelor,Bronze,True,True,True,49,6.0,3.9,7,2,18.9,2643.72,0,7.879942295212474,1.7626197870713454,0,0.3466
Germany,Desktop,High School,Silver,True,True,False,36,35.1,3.6,5,1,23.3,2566.76,1,7.850399682148888,1.7097690490891824,1,0.3006
India,Desktop,High School,Platinum,True,True,True,42,14.0,3.6,10,3,15.0,1325.79,1,7.189763787163066,1.7097690490891824,1,0.3006
UK,Mobile,Bachelor,Gold,True,True,True,42,7.1,4.8,6,4,8.0,1028.8,1,6.936148353483355,1.9062310586677143,0,0.3466
Brazil,Desktop,High School,Silver,True,True,True,48,4.8,3.7,6,0,14.0,3046.09,0,8.02161407996542,1.727698115361634,1,0.3006
Canada,Desktop,PhD,Silver,True,False,False,18,4.4,4.0,8,2,6.4,855.37,0,6.751534123866128,1.7796336993958102,3,0.1018
Japan,Desktop,High School,Bronze,True,False,False,19,51.9,4.1,7,4,29.7,814.53,0,6.702611259776326,1.7963629745483078,1,0.3006
Brazil,Desktop,Bachelor,Bronze,True,False,False,46,10.6,4.1,8,3,23.2,753.42,1,6.624622841228928,1.7963629745483078,0,0.3466
India,Mobile,Bachelor,Silver,True,True,True,42,8.8,3.6,5,0,1.9,339.98,1,5.828886792350624,1.7097690490891824,0,0.3466
India,Desktop,Bachelor,Silver,True,True,True,29,10.3,2.8,6,5,29.9,504.63,1,6.2238254874718,1.5534355914115192,0,0.3466
UK,Mobile,Bachelor,Silver,True,False,False,42,7.4,3.2,2,0,4.5,1631.15,0,7.397040566509925,1.6346542330120937,0,0.3466
USA,Mobile,High School,Platinum,True,False,False,21,11.2,3.4,7,1,19.7,420.77,0,6.042086366106384,1.672916754755899,1,0.3006
Germany,Desktop,Master,Silver,True,True,False,75,12.5,4.5,5,3,11.4,3034.91,1,8.017937049017664,1.860614396637471,2,0.251
Japan,Desktop,Bachelor,Silver,True,True,True,54,12.3,2.9,5,2,16.3,840.42,1,6.73390176687901,1.574366995878342,0,0.3466
Germany,Desktop,Bachelor,Bronze,True,True,True,45,4.4,3.9,3,4,21.4,7759.82,1,8.956714417031947,1.7626197870713454,0,0.3466
Brazil,Desktop,Master,Platinum,True,True,False,39,24.9,4.0,6,1,9.1,337.07,1,5.820290623916091,1.7796336993958102,2,0.251
UK,Mobile,Master,Gold,True,False,False,31,7.8,3.1,4,2,3.1,348.67,1,5.8541259161405055,1.6149595811994066,2,0.251
Japan,Mobile,Master,Gold,True,True,False,22,7.2,4.6,5,2,19.7,311.94,0,5.7428108616236795,1.876052317839795,2,0.251
USA,Mobile,Bachelor,Silver,True,False,False,37,6.9,3.4,3,2,0.8,2119.26,0,7.658822250127848,1.672916754755899,0,0.3466
Brazil,Desktop,Bachelor,Silver,True,True,True,28,5.2,2.7,6,1,6.7,226.52,0,5.422833241245605,1.5320566796070851,0,0.3466
France,Mobile,Bachelor,Silver,True,False,False,28,15.1,4.5,3,4,0.3,4490.21,1,8.409654750243925,1.860614396637471,0,0.3466
USA,Mobile,Master,Bronze,True,False,False,21,24.9,4.5,5,2,22.1,3857.77,0,8.257844575307002,1.860614396637471,2,0.251
UK,Mobile,Master,Silver,True,False,True,41,6.8,3.9,7,5,26.5,982.5,0,6.890100343743416,1.7626197870713454,2,0.251
Brazil,Mobile,High School,Platinum,True,True,True,33,2.8,4.5,5,4,9.7,1567.93,0,7.3575115570566885,1.860614396637471,1,0.3006
Germany,Mobile,Bachelor,Bronze,True,True,True,44,5.4,4.0,6,3,9.4,432.25,1,6.0690041245634,1.7796336993958102,0,0.3466
USA,Mobile,Master,Bronze,True,False,True,43,8.5,3.3,8,4,2.9,7071.8,0,8.863870323374591,1.6539684852930463,2,0.251
Canada,Mobile,Bachelor,Gold,True,False,True,41,4.5,3.7,10,3,1.3,1475.18,1,7.296535295226695,1.727698115361634,0,0.3466
Japan,Desktop,Bachelor,Bronze,True,True,True,70,7.5,4.8,4,5,7.1,674.72,0,6.51429778999825,1.9062310586677143,0,0.3466
Canada,Mobile,Bachelor,Silver,True,False,True,48,7.8,3.1,6,4,25.8,5576.06,1,8.626237712784189,1.6149595811994066,0,0.3466
Germany,Desktop,Bachelor,Silver,True,False,True,23,12.0,3.8,1,1,18.1,318.02,0,5.762114273884251,1.74531138386547,0,0.3466
Germany,Desktop,PhD,Bronze,True,True,True,44,3.8,3.9,13,3,0.3,3630.13,1,8.197023739289815,1.7626197870713454,3,0.1018
Australia,Tablet,Bachelor,Gold,True,True,False,37,19.4,4.6,4,2,18.3,1091.59,1,6.995390627927437,1.876052317839795,0,0.3466
France,Tablet,High School,Silver,True,False,False,22,46.0,2.6,3,1,1.5,8791.26,0,9.08151332511625,1.5102107064924273,1,0.3006
Japan,Desktop,High School,Gold,True,True,False,21,38.2,2.8,4,5,12.6,1507.61,0,7.318280894430148,1.5534355914115192,1,0.3006
UK,Desktop,High School,Gold,True,True,True,43,7.6,4.0,6,2,28.0,905.57,1,6.80856457969172,1.7796336993958102,1,0.3006
Germany,Desktop,Bachelor,Gold,True,True,True,46,20.8,3.9,4,1,18.8,742.23,0,6.609659168181484,1.7626197870713454,0,0.3466
USA,Mobile,Bachelor,Bronze,True,False,True,25,18.9,3.6,8,2,18.4,716.32,1,6.574126994492655,1.7097690490891824,0,0.3466
USA,Mobile,High School,Bronze,True,True,False,50,11.8,3.1,2,1,20.2,1139.57,0,7.038406277250918,1.6149595811994066,1,0.3006
USA,Tablet,Master,Bronze,True,False,False,41,14.0,3.7,21,3,4.2,1179.05,1,7.072464308459177,1.727698115361634,2,0.251
USA,Mobile,Master,Silver,True,True,True,52,21.0,3.6,7,2,2.8,4117.5,1,8.323001462051796,1.7097690490891824,2,0.251
Canada,Desktop,High School,Gold,True,False,False,51,24.7,2.8,4,196,11.2,1536.76,0,7.337431583005251,1.5534355914115192,1,0.3006
USA,Mobile,Bachelor,Silver,True,True,False,135,6.4,4.8,10,7,5.7,812.71,0,6.700374342346925,1.9062310586677143,0,0.3466
Japan,Desktop,PhD,Gold,True,True,True,58,22.2,4.7,7,0,0.7,3841.33,1,8.253573939781681,1.891255528483568,3,0.1018
India,Tablet,Bachelor,Bronze,True,True,False,25,46.2,4.4,4,3,10.2,1138.27,1,7.0372648448929445,1.844934404062263,0,0.3466
France,Tablet,Master,Bronze,True,False,False,67,24.7,3.2,8,2,14.9,2512.77,1,7.829141009280198,1.6346542330120937,2,0.251
USA,Mobile,Bachelor,Gold,True,True,False,27,41.6,4.5,6,1,1.5,5563.32,0,8.623950331340202,1.860614396637471,0,0.3466
Brazil,Desktop,Master,Silver,True,True,False,37,1.5,3.5,3,1,29.2,1233.27,1,7.117424457294329,1.691512653766797,2,0.251
France,Desktop,Master,Gold,True,False,False,31,19.6,4.7,6,2,23.0,618.53,0,6.427345695102481,1.891255528483568,2,0.251
Brazil,Desktop,Master,Bronze,True,True,False,33,15.1,3.2,7,1,22.1,1181.13,0,7.074226886346026,1.6346542330120937,2,0.251
Brazil,Mobile,Master,Platinum,True,False,False,73,27.7,4.4,4,1,26.4,807.11,1,6.69345996629198,1.844934404062263,2,0.251
Canada,Mobile,PhD,Silver,True,True,False,32,5.0,4.5,5,1,17.7,536.52,1,6.28510384003389,1.860614396637471,3,0.1018
France,Desktop,Bachelor,Gold,True,True,True,48,8.1,3.8,6,3,13.1,141.91,0,4.955193053846446,1.74531138386547,0,0.3466
UK,Mobile,High School,Bronze,True,False,False,35,25.0,3.4,14,0,14.5,322.15,1,5.775017275584651,1.672916754755899,1,0.3006
Japan,Mobile,Bachelor,Silver,True,False,False,49,5.2,4.1,6,2,5.9,1862.84,1,7.529857483929,1.7963629745483078,0,0.3466
USA,Desktop,Master,Platinum,True,False,False,31,14.8,4.2,5,1,11.4,2096.96,1,7.648243955851132,1.8128169798052736,2,0.251
Australia,Tablet,Master,Gold,True,True,False,41,12.0,3.5,6,3,23.9,344.17,1,5.8411357213502,1.691512653766797,2,0.251
USA,Tablet,High School,Bronze,True,True,False,46,10.4,3.8,1,2,15.1,655.34,1,6.485154184927238,1.74531138386547,1,0.3006
UK,Tablet,High School,Bronze,True,False,False,29,19.3,4.4,6,3,5.5,1362.82,0,7.217311361346868,1.844934404062263,1,0.3006
India,Desktop,Master,Silver,True,True,True,71,5.0,4.9,12,2,25.9,535.12,1,6.282491020810153,1.920985627295474,2,0.251
France,Desktop,High School,Bronze,True,False,True,46,6.5,4.4,8,0,19.5,601.79,1,6.399908547241666,1.844934404062263,1,0.3006
